,State Name,ID,CaseNo,VehicleNo,CrashType,First Distraction,Second Distraction,Driver Action
1,Texas,10001,1,1,Striking From The Right,Not Distracted,Not Distracted,Not Reported
2,Texas,10002,1,2,Struck On The Right,Not Distracted,Not Distracted,Not Reported
3,Texas,10003,1,3,Other Crash Type,Not Distracted,Not Distracted,Driver Did Not Maneuver To Avoid
4,Texas,20001,2,1,Drive Off Road,Not Distracted,Not Distracted,Not Reported
5,Texas,30001,3,1,Drive Off Road,Not Distracted,Not Distracted,Not Reported
6,Texas,40001,4,1,Lateral Move (Left/Right),"Inattention (Inattentive), Details Unknown","Inattention (Inattentive), Details Unknown",Not Reported
7,Texas,40002,4,2,Lateral Move (Going Straight),Not Distracted,Not Distracted,Not Reported
8,Texas,50001,5,1,Drive Off Road,Not Distracted,Not Distracted,Not Reported
9,Texas,60001,6,1,Pedestrian/ Animal,Not Distracted,Not Distracted,Not Reported
10,Texas,70001,7,1,Drive Off Road,Not Distracted,Not Distracted,Not Reported
11,Texas,80001,8,1,Drive Off Road,Not Distracted,Not Distracted,Not Reported
12,Texas,90001,9,1,Control/Traction Loss,Not Distracted,Not Distracted,Not Reported
13,Texas,100001,10,1,Other Crash Type,Not Distracted,Not Distracted,Not Reported
14,Texas,110001,11,1,Pedestrian/ Animal,Not Distracted,Not Distracted,Not Reported
15,Texas,120001,12,1,Struck On The Left,Not Distracted,Not Distracted,Not Reported
16,Texas,120002,12,2,Striking From The Left,Not Distracted,Not Distracted,Not Reported
17,Texas,130001,13,1,Pedestrian/ Animal,Not Distracted,Not Distracted,Not Reported
18,Texas,140001,14,1,Pedestrian/ Animal,Not Distracted,Not Distracted,Driver Did Not Maneuver To Avoid
19,Texas,150001,15,1,Drive Off Road,Not Distracted,Not Distracted,Not Reported
20,Texas,160001,16,1,Control/Traction Loss,Not Distracted,Not Distracted,Not Reported
21,Texas,170001,17,1,Drive Off Road,Not Distracted,Not Distracted,Not Reported
22,Texas,180001,18,1,Drive Off Road,Not Distracted,Not Distracted,Not Reported
23,Texas,190001,19,1,Control/Traction Loss,"Inattention (Inattentive), Details Unknown","Inattention (Inattentive), Details Unknown",Not Reported
24,Texas,200001,20,1,Lateral Move (Left/Right),Not Distracted,Not Distracted,Not Reported
25,Texas,200002,20,2,Lateral Move (Going Straight),Not Distracted,Not Distracted,Not Reported
26,Texas,210001,21,1,Control/Traction Loss,Not Distracted,Not Distracted,Driver Did Not Maneuver To Avoid
27,Texas,220001,22,1,Drive Off Road,Not Distracted,Not Distracted,Not Reported
28,Texas,230001,23,1,Lateral Move (Left/Right),Not Distracted,Not Distracted,Not Reported
29,Texas,230002,23,2,Lateral Move (Going Straight),Not Distracted,Not Distracted,Not Reported
30,Texas,240001,24,1,Lateral Move (Left/Right),Not Distracted,Not Distracted,Not Reported
31,Texas,240002,24,2,Lateral Move (Going Straight),Not Distracted,Not Distracted,Not Reported
32,Texas,250001,25,1,Pedestrian/ Animal,Not Distracted,Not Distracted,Not Reported
33,Texas,260001,26,1,Slower,Not Distracted,Not Distracted,Not Reported
34,Texas,260002,26,2,"Slower, Going Straight",Not Distracted,Not Distracted,Not Reported
35,Texas,270001,27,1,Drive Off Road,Not Distracted,Not Distracted,Not Reported
36,Texas,280001,28,1,Pedestrian/ Animal,Not Distracted,Not Distracted,Not Reported
37,Texas,290001,29,1,Turn Into Opposite Directions (Turning Left),Not Distracted,Not Distracted,Not Reported
38,Texas,290002,29,2,Turn Into Opposite Directions (Going Straight),Not Distracted,Not Distracted,Not Reported
39,Texas,300001,30,1,Pedestrian/ Animal,Not Distracted,Not Distracted,Not Reported
40,Texas,310001,31,1,Pedestrian/ Animal,"Inattention (Inattentive), Details Unknown","Inattention (Inattentive), Details Unknown",Not Reported
41,Texas,320001,32,1,Striking From The Left,Not Distracted,Not Distracted,Not Reported
42,Texas,320002,32,2,Struck On The Left,Not Distracted,Not Distracted,Not Reported
43,Texas,330001,33,1,Pedestrian/ Animal,Not Distracted,Not Distracted,Not Reported
44,Texas,340001,34,1,Stopped,"Inattention (Inattentive), Details Unknown","Inattention (Inattentive), Details Unknown",Not Reported
45,Texas,340002,34,2,"Stopped, Left",Not Distracted,Not Distracted,Driver Did Not Maneuver To Avoid
46,Texas,340003,34,3,Other Crash Type,Not Distracted,Not Distracted,Not Reported
47,Texas,350001,35,1,Pedestrian/ Animal,Not Distracted,Not Distracted,Driver Did Not Maneuver To Avoid
48,Texas,360001,36,1,Pedestrian/ Animal,Unknown If Distracted,Unknown If Distracted,Unknown
49,Texas,370001,37,1,Initial Opposite Directions (Left/Right),Not Distracted,Not Distracted,Not Reported
50,Texas,370002,37,2,Initial Opposite Directions (Going Straight),Not Distracted,Not Distracted,Not Reported
51,Texas,380001,38,1,Control/Traction Loss,Not Distracted,Not Distracted,Not Reported
52,Texas,400001,40,1,Drive Off Road,"Inattention (Inattentive), Details Unknown","Inattention (Inattentive), Details Unknown",Not Reported
53,Texas,410001,41,1,Drive Off Road,Not Distracted,Not Distracted,Not Reported
54,Texas,420001,42,1,Pedestrian/ Animal,Not Distracted,Not Distracted,Driver Did Not Maneuver To Avoid
55,Texas,430001,43,1,Other Crash Type,Not Distracted,Not Distracted,Driver Did Not Maneuver To Avoid
56,Texas,430002,43,2,Other Crash Type,Not Distracted,Not Distracted,Not Reported
57,Texas,440001,44,1,Control/Traction Loss,Not Distracted,Not Distracted,Not Reported
58,Texas,450001,45,1,Initial Same Directions (Going Straight),Not Distracted,Not Distracted,Motor Vehicle
59,Texas,450002,45,2,Initial Same Directions (Turning Left),Not Distracted,Not Distracted,Not Reported
60,Texas,460001,46,1,Backing Veh.,Not Distracted,Not Distracted,Not Reported
61,Texas,470001,47,1,Other Crash Type,Not Distracted,Not Distracted,Not Reported
62,Texas,470002,47,2,Other Crash Type,Not Distracted,Not Distracted,Not Reported
63,Texas,470003,47,3,Other Crash Type,Not Distracted,Not Distracted,Driver Did Not Maneuver To Avoid
64,Texas,480001,48,1,Struck On The Right,Not Distracted,Not Distracted,Not Reported
65,Texas,480002,48,2,Striking From The Right,Not Distracted,Not Distracted,Driver Did Not Maneuver To Avoid
66,Texas,490001,49,1,Drive Off Road,Not Distracted,Not Distracted,Not Reported
67,Texas,500001,50,1,Drive Off Road,Not Distracted,Not Distracted,Phantom/Non-Contact Motor Vehicle
68,Texas,510001,51,1,Drive Off Road,Not Distracted,Not Distracted,Not Reported
69,Texas,520001,52,1,Specifics Other,Not Distracted,Not Distracted,Driver Did Not Maneuver To Avoid
70,Texas,520002,52,2,Specifics Other,Not Distracted,Not Distracted,Driver Did Not Maneuver To Avoid
71,Texas,530001,53,1,Initial Opposite Directions (Left/Right),Not Distracted,Not Distracted,Not Reported
72,Texas,530002,53,2,Initial Opposite Directions (Going Straight),Not Distracted,Not Distracted,Not Reported
73,Texas,540001,54,1,Drive Off Road,Not Distracted,Not Distracted,Not Reported
74,Texas,550001,55,1,Specifics Other,Not Distracted,Not Distracted,Motor Vehicle
75,Texas,550002,55,2,Specifics Other,Not Distracted,Not Distracted,Motor Vehicle
76,Texas,560001,56,1,Striking From The Left,Not Distracted,Not Distracted,Not Reported
77,Texas,560002,56,2,Struck On The Left,Not Distracted,Not Distracted,Not Reported
78,Texas,570001,57,1,Pedestrian/ Animal,Unknown If Distracted,Unknown If Distracted,Unknown
79,Texas,580001,58,1,Specifics Other,Not Distracted,Not Distracted,Not Reported
80,Texas,580002,58,2,Specifics Other,Not Distracted,Not Distracted,Not Reported
81,Texas,590001,59,1,Initial Opposite Directions (Left/Right),"Inattention (Inattentive), Details Unknown","Inattention (Inattentive), Details Unknown",Not Reported
82,Texas,590002,59,2,Initial Opposite Directions (Going Straight),Not Distracted,Not Distracted,Not Reported
83,Texas,600001,60,1,Specifics Other,Not Distracted,Not Distracted,Not Reported
84,Texas,600002,60,2,Specifics Other,Not Distracted,Not Distracted,Motor Vehicle
85,Texas,610001,61,1,Pedestrian/ Animal,Not Distracted,Not Distracted,Driver Did Not Maneuver To Avoid
86,Texas,620001,62,1,Control/Traction Loss,Not Distracted,Not Distracted,Not Reported
87,Texas,630001,63,1,Striking From The Left,Not Distracted,Not Distracted,Not Reported
88,Texas,630002,63,2,Struck On The Left,Not Distracted,Not Distracted,Not Reported
89,Texas,640001,64,1,Initial Opposite Directions (Going Straight),Not Distracted,Not Distracted,Not Reported
90,Texas,640002,64,2,Initial Opposite Directions (Left/Right),Not Distracted,Not Distracted,Not Reported
91,Texas,650001,65,1,Drive Off Road,Not Distracted,Not Distracted,Not Reported
92,Texas,660001,66,1,Drive Off Road,Not Distracted,Not Distracted,Not Reported
93,Texas,670001,67,1,Drive Off Road,"Inattention (Inattentive), Details Unknown","Inattention (Inattentive), Details Unknown",Not Reported
94,Texas,680001,68,1,Control/Traction Loss,Not Distracted,Not Distracted,Phantom/Non-Contact Motor Vehicle
95,Texas,690001,69,1,Control/Traction Loss,"Distracted By Outside Person, Object Or Event","Distracted By Outside Person, Object Or Event",Not Reported
96,Texas,700001,70,1,Pedestrian/ Animal,Not Distracted,Not Distracted,"Pedestrian, Pedalcyclist Or Other Non-Motorist"
97,Texas,710001,71,1,Pedestrian/ Animal,Not Distracted,Not Distracted,Not Reported
98,Texas,730001,73,1,Pedestrian/ Animal,Not Distracted,Not Distracted,Not Reported
99,Texas,740001,74,1,Lateral Move (Left/Right),Not Distracted,Not Distracted,Not Reported
100,Texas,740002,74,2,Lateral Move (Going Straight),Not Distracted,Not Distracted,Not Reported
101,Texas,750001,75,1,Pedestrian/ Animal,Not Distracted,Not Distracted,Not Reported
102,Texas,760001,76,1,Struck On The Left,"Inattention (Inattentive), Details Unknown","Inattention (Inattentive), Details Unknown",Not Reported
103,Texas,760002,76,2,Striking From The Left,Not Distracted,Not Distracted,Not Reported
104,Texas,760003,76,3,Other Crash Type,Not Distracted,Not Distracted,Not Reported
105,Texas,770001,77,1,Pedestrian/ Animal,Not Distracted,Not Distracted,Not Reported
106,Texas,780001,78,1,Pedestrian/ Animal,Not Distracted,Not Distracted,Not Reported
107,Texas,790001,79,1,Pedestrian/ Animal,Not Distracted,Not Distracted,Not Reported
108,Texas,800001,80,1,Drive Off Road,Not Distracted,Not Distracted,Not Reported
109,Texas,810001,81,1,Pedestrian/ Animal,Not Distracted,Not Distracted,"Pedestrian, Pedalcyclist Or Other Non-Motorist"
110,Texas,820001,82,1,Stopped,Not Distracted,Not Distracted,Not Reported
111,Texas,820002,82,2,"Stopped, Straight",Not Distracted,Not Distracted,Driver Did Not Maneuver To Avoid
112,Texas,820003,82,3,Other Crash Type,Not Distracted,Not Distracted,Driver Did Not Maneuver To Avoid
113,Texas,830001,83,1,Drive Off Road,By Other Occupant(s),By Other Occupant(s),Not Reported
114,Texas,840001,84,1,Pedestrian/ Animal,Not Distracted,Not Distracted,"Pedestrian, Pedalcyclist Or Other Non-Motorist"
115,Texas,850001,85,1,Specifics Other,Not Distracted,Not Distracted,Not Reported
116,Texas,850002,85,2,Specifics Other,Not Distracted,Not Distracted,Driver Did Not Maneuver To Avoid
117,Texas,860001,86,1,Pedestrian/ Animal,Not Distracted,Not Distracted,Not Reported
118,Texas,860002,86,2,Other Crash Type,Not Distracted,Not Distracted,Not Reported
119,Texas,870001,87,1,Drive Off Road,Not Distracted,Not Distracted,Not Reported
120,Texas,880001,88,1,Pedestrian/ Animal,"Inattention (Inattentive), Details Unknown","Inattention (Inattentive), Details Unknown",Not Reported
121,Texas,890001,89,1,Striking From The Right,Not Distracted,Not Distracted,Not Reported
122,Texas,890002,89,2,Struck On The Right,Not Distracted,Not Distracted,Not Reported
123,Texas,900001,90,1,Control/Traction Loss,"Inattention (Inattentive), Details Unknown","Inattention (Inattentive), Details Unknown",Not Reported
124,Texas,910001,91,1,Sta. Object,Not Distracted,Not Distracted,Not Reported
125,Texas,920001,92,1,Struck On The Right,"Inattention (Inattentive), Details Unknown","Inattention (Inattentive), Details Unknown",Not Reported
126,Texas,920002,92,2,Striking From The Right,Not Distracted,Not Distracted,Not Reported
127,Texas,930001,93,1,Drive Off Road,Not Distracted,Not Distracted,Not Reported
128,Texas,940001,94,1,Pedestrian/ Animal,Unknown If Distracted,Unknown If Distracted,Unknown
129,Texas,950001,95,1,Pedestrian/ Animal,Not Distracted,Not Distracted,Not Reported
130,Texas,960001,96,1,Lateral Move (Left/Right),Not Distracted,Not Distracted,Not Reported
131,Texas,960002,96,2,Lateral Move (Going Straight),Not Distracted,Not Distracted,Not Reported
132,Texas,970001,97,1,Control/Traction Loss,Not Distracted,Not Distracted,Not Reported
133,Texas,980001,98,1,Specifics Other,Not Distracted,Not Distracted,Not Reported
134,Texas,980002,98,2,Specifics Other,Not Distracted,Not Distracted,Not Reported
135,Texas,990001,99,1,Drive Off Road,Not Distracted,Not Distracted,Not Reported
136,Texas,1000001,100,1,Parked Veh.,Not Distracted,Not Distracted,Phantom/Non-Contact Motor Vehicle
137,Texas,1010001,101,1,Drive Off Road,Not Distracted,Not Distracted,Not Reported
138,Texas,1020001,102,1,Pedestrian/ Animal,"Inattention (Inattentive), Details Unknown","Inattention (Inattentive), Details Unknown",Not Reported
139,Texas,1030001,103,1,Specifics Other,Not Distracted,Not Distracted,Motor Vehicle
140,Texas,1030002,103,2,Specifics Other,Not Distracted,Not Distracted,Motor Vehicle
141,Texas,1040001,104,1,Lateral Move (Left/Right),Not Distracted,Not Distracted,Not Reported
142,Texas,1040002,104,2,Lateral Move (Going Straight),Not Distracted,Not Distracted,Not Reported
143,Texas,1050001,105,1,Other Crash Type,Not Distracted,Not Distracted,Not Reported
144,Texas,1060001,106,1,Lateral Move (Left/Right),Not Distracted,Not Distracted,Not Reported
145,Texas,1060002,106,2,Lateral Move (Going Straight),Not Distracted,Not Distracted,Not Reported
146,Texas,1070001,107,1,Struck On The Left,Not Distracted,Not Distracted,Not Reported
147,Texas,1070002,107,2,Striking From The Left,Not Distracted,Not Distracted,Not Reported
148,Texas,1070003,107,3,Other Crash Type,Not Distracted,Not Distracted,Not Reported
149,Texas,1080001,108,1,End Departure,Not Distracted,Not Distracted,Not Reported
150,Texas,1090001,109,1,Drive Off Road,Not Distracted,Not Distracted,Not Reported
151,Texas,1100001,110,1,Drive Off Road,Not Distracted,Not Distracted,Not Reported
152,Texas,1110001,111,1,Pedestrian/ Animal,Not Distracted,Not Distracted,Not Reported
153,Texas,1120001,112,1,Turn Into Opposite Directions (Turning Left),"Inattention (Inattentive), Details Unknown","Inattention (Inattentive), Details Unknown",Not Reported
154,Texas,1120002,112,2,Turn Into Opposite Directions (Going Straight),Not Distracted,Not Distracted,Not Reported
155,Texas,1130001,113,1,Specifics Other,Not Distracted,Not Distracted,Motor Vehicle
156,Texas,1130002,113,2,Specifics Other,Not Distracted,Not Distracted,Not Reported
157,Texas,1140001,114,1,Control/Traction Loss,Not Distracted,Not Distracted,Not Reported
158,Texas,1150001,115,1,Specifics Other,Not Distracted,Not Distracted,Not Reported
159,Texas,1150002,115,2,Specifics Other,Not Distracted,Not Distracted,Motor Vehicle
160,Texas,1150003,115,3,Other Crash Type,Not Distracted,Not Distracted,Not Reported
161,Texas,1160001,116,1,Drive Off Road,Not Distracted,Not Distracted,Not Reported
162,Texas,1170001,117,1,Specifics Other,Not Distracted,Not Distracted,Phantom/Non-Contact Motor Vehicle
163,Texas,1170002,117,2,Specifics Other,Not Distracted,Not Distracted,Not Reported
164,Texas,1180001,118,1,Pedestrian/ Animal,Not Distracted,Not Distracted,Not Reported
165,Texas,1190001,119,1,Parked Veh.,Not Distracted,Not Distracted,Not Reported
166,Texas,1200001,120,1,"Stopped, Left",Not Distracted,Not Distracted,Driver Did Not Maneuver To Avoid
167,Texas,1200002,120,2,Stopped,Not Distracted,Not Distracted,Driver Did Not Maneuver To Avoid
168,Texas,1210001,121,1,Other Crash Type,While Using Or Reaching For Device/Object Brought Into Vehicle,While Using Or Reaching For Device/Object Brought Into Vehicle,Motor Vehicle
169,Texas,1210002,121,2,Other Crash Type,Not Distracted,Not Distracted,Not Reported
170,Texas,1220001,122,1,Struck On The Right,Not Distracted,Not Distracted,Not Reported
171,Texas,1220002,122,2,Striking From The Right,Not Distracted,Not Distracted,Not Reported
172,Texas,1220003,122,3,Other Crash Type,Not Distracted,Not Distracted,Not Reported
173,Texas,1230001,123,1,Control/Traction Loss,Not Distracted,Not Distracted,Not Reported
174,Texas,1240001,124,1,Control/Traction Loss,Not Distracted,Not Distracted,Not Reported
175,Texas,1250001,125,1,Pedestrian/ Animal,Not Distracted,Not Distracted,Not Reported
176,Texas,1260001,126,1,End Departure,Not Distracted,Not Distracted,Not Reported
177,Texas,1270001,127,1,Specifics Other,No Driver Present/Unknown If Driver Present,No Driver Present/Unknown If Driver Present,No Driver Present/Unknown If Driver Present
178,Texas,1270002,127,2,Specifics Other,Not Distracted,Not Distracted,Motor Vehicle
179,Texas,1280001,128,1,Other Crash Type,Not Distracted,Not Distracted,Not Reported
180,Texas,1290001,129,1,Initial Opposite Directions (Left/Right),Not Distracted,Not Distracted,Not Reported
181,Texas,1290002,129,2,Initial Opposite Directions (Going Straight),Not Distracted,Not Distracted,Not Reported
182,Texas,1300001,130,1,Specifics Other,Unknown If Distracted,Unknown If Distracted,Unknown
183,Texas,1300002,130,2,Specifics Other,Not Distracted,Not Distracted,Driver Did Not Maneuver To Avoid
184,Texas,1310001,131,1,Control/Traction Loss,Not Distracted,Not Distracted,Not Reported
185,Texas,1320001,132,1,Pedestrian/ Animal,Not Distracted,Not Distracted,Not Reported
186,Texas,1330001,133,1,Lateral Move (Left/Right),While Manipulating Cellular Phone,While Manipulating Cellular Phone,Not Reported
187,Texas,1330002,133,2,Lateral Move (Going Straight),Not Distracted,Not Distracted,Not Reported
188,Texas,1340001,134,1,Lateral Move (Left/Right),Not Distracted,Not Distracted,Not Reported
189,Texas,1340002,134,2,Lateral Move (Going Straight),Not Distracted,Not Distracted,Not Reported
190,Texas,1350001,135,1,Struck On The Left,Not Distracted,Not Distracted,Not Reported
191,Texas,1350002,135,2,Striking From The Left,Not Distracted,Not Distracted,Not Reported
192,Texas,1360001,136,1,Initial Opposite Directions (Going Straight),Not Distracted,Not Distracted,Not Reported
193,Texas,1360002,136,2,Initial Opposite Directions (Left/Right),Not Distracted,Not Distracted,Not Reported
194,Texas,1370001,137,1,"Slower, Going Straight",Not Distracted,Not Distracted,Not Reported
195,Texas,1370002,137,2,Slower,Not Distracted,Not Distracted,Driver Did Not Maneuver To Avoid
196,Texas,1380001,138,1,Changing Lanes To The Right,Not Distracted,Not Distracted,Not Reported
197,Texas,1380002,138,2,Straight Ahead On Left/Right,Not Distracted,Not Distracted,Not Reported
198,Texas,1380003,138,3,Other Crash Type,Not Distracted,Not Distracted,Not Reported
199,Texas,1390001,139,1,Striking From The Left,Not Distracted,Not Distracted,Not Reported
200,Texas,1390002,139,2,Struck On The Left,"Inattention (Inattentive), Details Unknown","Inattention (Inattentive), Details Unknown",Not Reported
201,Texas,1400001,140,1,Drive Off Road,Not Distracted,Not Distracted,Not Reported
202,Texas,1410001,141,1,Drive Off Road,Not Distracted,Not Distracted,Not Reported
203,Texas,1420001,142,1,"Slower, Going Straight",Not Distracted,Not Distracted,Not Reported
204,Texas,1420002,142,2,Slower,Not Distracted,Not Distracted,Not Reported
205,Texas,1430001,143,1,Control/Traction Loss,Not Distracted,Not Distracted,Not Reported
206,Texas,1440001,144,1,Parked Veh.,Not Distracted,Not Distracted,Not Reported
207,Texas,1450001,145,1,Pedestrian/ Animal,Not Distracted,Not Distracted,"Pedestrian, Pedalcyclist Or Other Non-Motorist"
208,Texas,1460001,146,1,Drive Off Road,Not Distracted,Not Distracted,Not Reported
209,Texas,1470001,147,1,Drive Off Road,Not Distracted,Not Distracted,Not Reported
210,Texas,1480001,148,1,Drive Off Road,Not Distracted,Not Distracted,Not Reported
211,Texas,1490001,149,1,Drive Off Road,Not Distracted,Not Distracted,Not Reported
212,Texas,1500001,150,1,Drive Off Road,Not Distracted,Not Distracted,Not Reported
213,Texas,1510001,151,1,Drive Off Road,"Inattention (Inattentive), Details Unknown","Inattention (Inattentive), Details Unknown",Not Reported
214,Texas,1520001,152,1,Drive Off Road,Not Distracted,Not Distracted,Driver Did Not Maneuver To Avoid
215,Texas,1530001,153,1,Drive Off Road,Not Distracted,Not Distracted,Not Reported
216,Texas,1540001,154,1,Pedestrian/ Animal,Not Distracted,Not Distracted,Driver Did Not Maneuver To Avoid
217,Texas,1550001,155,1,Other Crash Type,Not Distracted,Not Distracted,Not Reported
218,Texas,1560001,156,1,Pedestrian/ Animal,Not Distracted,Not Distracted,Not Reported
219,Texas,1570001,157,1,Specifics Other,"Inattention (Inattentive), Details Unknown","Inattention (Inattentive), Details Unknown",Not Reported
220,Texas,1570002,157,2,Specifics Other,Not Distracted,Not Distracted,Not Reported
221,Texas,1590001,159,1,Pedestrian/ Animal,Not Distracted,Not Distracted,"Pedestrian, Pedalcyclist Or Other Non-Motorist"
222,Texas,1590002,159,2,Other Crash Type,Not Distracted,Not Distracted,Motor Vehicle
223,Texas,1600001,160,1,Pedestrian/ Animal,Not Distracted,Not Distracted,"Pedestrian, Pedalcyclist Or Other Non-Motorist"
224,Texas,1610001,161,1,Pedestrian/ Animal,Not Distracted,Not Distracted,Not Reported
225,Texas,1620001,162,1,Drive Off Road,Not Distracted,Not Distracted,Not Reported
226,Texas,1630001,163,1,Initial Opposite Directions (Left/Right),Not Distracted,Not Distracted,Not Reported
227,Texas,1630002,163,2,Initial Opposite Directions (Going Straight),Not Distracted,Not Distracted,Not Reported
228,Texas,1640001,164,1,Striking From The Left,Not Distracted,Not Distracted,Not Reported
229,Texas,1640002,164,2,Struck On The Left,Not Distracted,Not Distracted,Not Reported
230,Texas,1650001,165,1,Drive Off Road,Not Distracted,Not Distracted,Not Reported
231,Texas,1660001,166,1,Stopped,Not Distracted,Not Distracted,Motor Vehicle
232,Texas,1660002,166,2,"Stopped, Straight",Not Distracted,Not Distracted,Driver Did Not Maneuver To Avoid
233,Texas,1670001,167,1,Struck On The Left,Not Distracted,Not Distracted,Driver Did Not Maneuver To Avoid
234,Texas,1670002,167,2,Striking From The Left,"Inattention (Inattentive), Details Unknown","Inattention (Inattentive), Details Unknown",Not Reported
235,Texas,1680001,168,1,Drive Off Road,Not Distracted,Not Distracted,Not Reported
236,Texas,1690001,169,1,Drive Off Road,Not Distracted,Not Distracted,Not Reported
237,Texas,1700001,170,1,Drive Off Road,Not Distracted,Not Distracted,Not Reported
238,Texas,1710001,171,1,Pedestrian/ Animal,Not Distracted,Not Distracted,Not Reported
239,Texas,1720001,172,1,Pedestrian/ Animal,Not Distracted,Not Distracted,Driver Did Not Maneuver To Avoid
240,Texas,1740001,174,1,Pedestrian/ Animal,While Using Or Reaching For Device/Object Brought Into Vehicle,While Using Or Reaching For Device/Object Brought Into Vehicle,Not Reported
241,Texas,1750001,175,1,Drive Off Road,Not Distracted,Not Distracted,Not Reported
242,Texas,1760001,176,1,Control/Traction Loss,Not Distracted,Not Distracted,Not Reported
243,Texas,1770001,177,1,Drive Off Road,Other Cellular Phone Related,Other Cellular Phone Related,Not Reported
244,Texas,1780001,178,1,Drive Off Road,Not Distracted,Not Distracted,Not Reported
245,Texas,1790001,179,1,Control/Traction Loss,Not Distracted,Not Distracted,Not Reported
246,Texas,1800001,180,1,Pedestrian/ Animal,Not Distracted,Not Distracted,Not Reported
247,Texas,1810001,181,1,Control/Traction Loss,Not Distracted,Not Distracted,Not Reported
248,Texas,1820001,182,1,Striking From The Left,Unknown If Distracted,Unknown If Distracted,Unknown
249,Texas,1820002,182,2,Struck On The Left,Not Distracted,Not Distracted,Not Reported
250,Texas,1830001,183,1,Pedestrian/ Animal,Unknown If Distracted,Unknown If Distracted,Unknown
251,Texas,1840001,184,1,Control/Traction Loss,Not Distracted,Not Distracted,Not Reported
252,Texas,1850001,185,1,Drive Off Road,Not Distracted,Not Distracted,Not Reported
253,Texas,1860001,186,1,Slower,Not Distracted,Not Distracted,Not Reported
254,Texas,1860002,186,2,"Slower, Going Straight",Not Distracted,Not Distracted,Not Reported
255,Texas,1870001,187,1,Pedestrian/ Animal,"Distracted By Outside Person, Object Or Event","Distracted By Outside Person, Object Or Event",Not Reported
256,Texas,1880001,188,1,Struck On The Right,Not Distracted,Not Distracted,Not Reported
257,Texas,1880002,188,2,Striking From The Right,Not Distracted,Not Distracted,Not Reported
258,Texas,1890001,189,1,Drive Off Road,Not Distracted,Not Distracted,Not Reported
259,Texas,1900001,190,1,Lateral Move (Left/Right),Not Distracted,Not Distracted,Not Reported
260,Texas,1900002,190,2,Lateral Move (Going Straight),Not Distracted,Not Distracted,Not Reported
261,Texas,1910001,191,1,Pedestrian/ Animal,Not Distracted,Not Distracted,"Pedestrian, Pedalcyclist Or Other Non-Motorist"
262,Texas,1910002,191,2,Other Crash Type,Not Distracted,Not Distracted,"Pedestrian, Pedalcyclist Or Other Non-Motorist"
263,Texas,1920001,192,1,Lateral Move (Left/Right),Not Distracted,Not Distracted,Not Reported
264,Texas,1920002,192,2,Lateral Move (Going Straight),Not Distracted,Not Distracted,Not Reported
265,Texas,1920003,192,3,Other Crash Type,Not Distracted,Not Distracted,Not Reported
266,Texas,1930001,193,1,Pedestrian/ Animal,Not Distracted,Not Distracted,Not Reported
267,Texas,1950001,195,1,Lateral Move (Left/Right),Not Distracted,Not Distracted,Not Reported
268,Texas,1950002,195,2,Lateral Move (Going Straight),Not Distracted,Not Distracted,Not Reported
269,Texas,1960001,196,1,Pedestrian/ Animal,Not Distracted,Not Distracted,Not Reported
270,Texas,1970001,197,1,Pedestrian/ Animal,Not Distracted,Not Distracted,Driver Did Not Maneuver To Avoid
271,Texas,1980001,198,1,Pedestrian/ Animal,Not Distracted,Not Distracted,Not Reported
272,Texas,1990001,199,1,Turn Into Opposite Directions (Turning Left),Not Distracted,Not Distracted,Not Reported
273,Texas,1990002,199,2,Turn Into Opposite Directions (Going Straight),Not Distracted,Not Distracted,Motor Vehicle
274,Texas,2000001,200,1,Lateral Move (Going Straight),Not Distracted,Not Distracted,Not Reported
275,Texas,2000002,200,2,Lateral Move (Left/Right),Not Distracted,Not Distracted,Not Reported
276,Texas,2010001,201,1,Drive Off Road,Not Distracted,Not Distracted,Not Reported
277,Texas,2020001,202,1,Control/Traction Loss,Other Cellular Phone Related,Other Cellular Phone Related,Unknown
278,Texas,2030001,203,1,Drive Off Road,Not Distracted,Not Distracted,Not Reported
279,Texas,2040001,204,1,Pedestrian/ Animal,Unknown If Distracted,Unknown If Distracted,Unknown
280,Texas,2050001,205,1,Pedestrian/ Animal,Not Distracted,Not Distracted,Not Reported
281,Texas,2060001,206,1,Control/Traction Loss,Not Distracted,Not Distracted,Not Reported
282,Texas,2070001,207,1,Changing Lanes To The Left,Not Distracted,Not Distracted,Not Reported
283,Texas,2070002,207,2,Straight Ahead On Left/Right,Not Distracted,Not Distracted,Not Reported
284,Texas,2080001,208,1,Pedestrian/ Animal,Not Distracted,Not Distracted,"Pedestrian, Pedalcyclist Or Other Non-Motorist"
285,Texas,2090001,209,1,Drive Off Road,Unknown If Distracted,Unknown If Distracted,Unknown
286,Texas,2100001,210,1,Pedestrian/ Animal,Not Distracted,Not Distracted,Not Reported