,State Name,ID,CaseNo,VehicleNo,CrashType,First Distraction,Second Distraction,Driver Action
573,Texas,4090002,409,2,Straight Ahead On Left,Not Distracted,Not Distracted,Not Reported
574,Texas,4100001,410,1,Drive Off Road,Not Distracted,Not Distracted,Not Reported
575,Texas,4110001,411,1,Pedestrian/ Animal,Not Distracted,Not Distracted,Not Reported
576,Texas,4120001,412,1,Turn Into Opposite Directions (Going Straight),Not Distracted,Not Distracted,Not Reported
577,Texas,4120002,412,2,Turn Into Opposite Directions (Turning Left),Not Distracted,Not Distracted,Not Reported
578,Texas,4130001,413,1,Other Crash Type,Not Distracted,Not Distracted,Not Reported
579,Texas,4140001,414,1,Initial Opposite Directions (Going Straight),Not Distracted,Not Distracted,Driver Did Not Maneuver To Avoid
580,Texas,4140002,414,2,Initial Opposite Directions (Left/Right),Not Distracted,Not Distracted,Not Reported
581,Texas,4150001,415,1,Drive Off Road,Not Distracted,Not Distracted,Not Reported
582,Texas,4160001,416,1,Drive Off Road,Not Distracted,Not Distracted,Not Reported
583,Texas,4180001,418,1,Initial Opposite Directions (Left/Right),Not Distracted,Not Distracted,Not Reported
584,Texas,4180002,418,2,Initial Opposite Directions (Going Straight),Not Distracted,Not Distracted,Not Reported
585,Texas,4190001,419,1,Struck On The Left,"Distraction (Distracted), Details Unknown","Distraction (Distracted), Details Unknown",Not Reported
586,Texas,4190002,419,2,Striking From The Left,Not Distracted,Not Distracted,Driver Did Not Maneuver To Avoid
587,Texas,4200001,420,1,Pedestrian/ Animal,"Inattention (Inattentive), Details Unknown","Inattention (Inattentive), Details Unknown",Not Reported
588,Texas,4210001,421,1,Specifics Other,"Inattention (Inattentive), Details Unknown","Inattention (Inattentive), Details Unknown",Not Reported
589,Texas,4210002,421,2,Specifics Other,Not Distracted,Not Distracted,Not Reported
590,Texas,4220001,422,1,Control/Traction Loss,Not Distracted,Not Distracted,Not Reported
591,Texas,4230001,423,1,Slower,Not Distracted,Not Distracted,Not Reported
592,Texas,4230002,423,2,"Slower, Going Straight",Not Distracted,Not Distracted,Not Reported
593,Texas,4240001,424,1,Sta. Object,Not Distracted,Not Distracted,Not Reported
594,Texas,4250001,425,1,Straight Ahead On Left/Right,Not Distracted,Not Distracted,Not Reported
595,Texas,4250002,425,2,Changing Lanes To The Left,Not Distracted,Not Distracted,Not Reported
596,Texas,4260001,426,1,Pedestrian/ Animal,Other Cellular Phone Related,Other Cellular Phone Related,Not Reported
597,Texas,4270001,427,1,Specifics Other,Not Distracted,Not Distracted,Not Reported
598,Texas,4270002,427,2,Specifics Other,Not Distracted,Not Distracted,Driver Did Not Maneuver To Avoid
599,Texas,4280001,428,1,Drive Off Road,Not Distracted,Not Distracted,Not Reported
600,Texas,4290001,429,1,Stopped,Not Distracted,Not Distracted,Not Reported
601,Texas,4290002,429,2,"Stopped, Straight",Not Distracted,Not Distracted,Driver Did Not Maneuver To Avoid
602,Texas,4300001,430,1,Other Crash Type,Not Distracted,Not Distracted,Motor Vehicle
603,Texas,4300002,430,2,Other Crash Type,Not Distracted,Not Distracted,Driver Did Not Maneuver To Avoid
604,Texas,4310001,431,1,Specifics Other,Not Distracted,Not Distracted,Phantom/Non-Contact Motor Vehicle
605,Texas,4310002,431,2,Specifics Other,Not Distracted,Not Distracted,Motor Vehicle
606,Texas,4320001,432,1,Drive Off Road,"Inattention (Inattentive), Details Unknown","Inattention (Inattentive), Details Unknown",Driver Did Not Maneuver To Avoid
607,Texas,4330001,433,1,Control/Traction Loss,Not Distracted,Not Distracted,Not Reported
608,Texas,4340001,434,1,Striking From The Right,Not Distracted,Not Distracted,Not Reported
609,Texas,4340002,434,2,Struck On The Right,Not Distracted,Not Distracted,Not Reported
610,Texas,4350001,435,1,Drive Off Road,Not Distracted,Not Distracted,Not Reported
611,Texas,4360001,436,1,No Impact,Not Distracted,Not Distracted,Not Reported
612,Texas,4370001,437,1,Drive Off Road,Not Distracted,Not Distracted,Not Reported
613,Texas,4380001,438,1,Other Crash Type,Not Distracted,Not Distracted,Not Reported
614,Texas,4380002,438,2,Other Crash Type,Not Distracted,Not Distracted,Motor Vehicle
615,Texas,4390001,439,1,Specifics Other,Not Distracted,Not Distracted,Motor Vehicle
616,Texas,4390002,439,2,Specifics Other,Not Distracted,Not Distracted,Not Reported
617,Texas,4390003,439,3,Other Crash Type,Not Distracted,Not Distracted,Not Reported
618,Texas,4400001,440,1,Struck On The Left,Not Distracted,Not Distracted,Not Reported
619,Texas,4400002,440,2,Striking From The Left,Not Distracted,Not Distracted,Driver Did Not Maneuver To Avoid
620,Texas,4410001,441,1,Other Crash Type,Not Distracted,Not Distracted,Not Reported
621,Texas,4410002,441,2,No Impact,Other Cellular Phone Related,Other Cellular Phone Related,Not Reported
622,Texas,4420001,442,1,Specifics Other,Not Distracted,Not Distracted,Not Reported
623,Texas,4420002,442,2,Specifics Other,Not Distracted,Not Distracted,Not Reported
624,Texas,4430001,443,1,Changing Lanes To The Left,Not Distracted,Not Distracted,Not Reported
625,Texas,4430002,443,2,Straight Ahead On Left/Right,Not Distracted,Not Distracted,Not Reported
626,Texas,4440001,444,1,Lateral Move (Going Straight),Not Distracted,Not Distracted,Not Reported
627,Texas,4440002,444,2,Lateral Move (Left/Right),Not Distracted,Not Distracted,Not Reported
628,Texas,4450001,445,1,Parked Veh.,Not Distracted,Not Distracted,Driver Did Not Maneuver To Avoid
629,Texas,4460001,446,1,Initial Opposite Directions (Left/Right),Not Distracted,Not Distracted,Not Reported
630,Texas,4460002,446,2,Initial Opposite Directions (Going Straight),Not Distracted,Not Distracted,Not Reported
631,Texas,4470001,447,1,Control/Traction Loss,By Other Occupant(s),By Other Occupant(s),Not Reported
632,Texas,4480001,448,1,Lateral Move (Left/Right),Not Distracted,Not Distracted,Not Reported
633,Texas,4480002,448,2,Lateral Move (Going Straight),By Other Occupant(s),By Other Occupant(s),Not Reported
634,Texas,4490001,449,1,Slower,Not Distracted,Not Distracted,Not Reported
635,Texas,4490002,449,2,"Slower, Going Straight",Not Distracted,Not Distracted,Not Reported
636,Texas,4500001,450,1,Changing Lanes To The Right,Not Distracted,Not Distracted,Not Reported
637,Texas,4500002,450,2,Straight Ahead On Left/Right,Not Distracted,Not Distracted,Not Reported
638,Texas,4500003,450,3,Other Crash Type,Not Distracted,Not Distracted,Not Reported
639,Texas,4510001,451,1,Striking From The Right,Not Distracted,Not Distracted,Not Reported
640,Texas,4510002,451,2,Struck On The Right,Not Distracted,Not Distracted,Not Reported
641,Texas,4510003,451,3,Other Crash Type,Not Distracted,Not Distracted,Not Reported
642,Texas,4520001,452,1,Pedestrian/ Animal,Not Distracted,Not Distracted,Not Reported
643,Texas,4530001,453,1,Drive Off Road,Unknown If Distracted,Unknown If Distracted,Not Reported
644,Texas,4540001,454,1,Pedestrian/ Animal,Not Distracted,Not Distracted,Not Reported
645,Texas,4550001,455,1,Lateral Move (Left/Right),Not Distracted,Not Distracted,Not Reported
646,Texas,4550002,455,2,Lateral Move (Going Straight),Not Distracted,Not Distracted,Not Reported
647,Texas,4550003,455,3,Other Crash Type,Not Distracted,Not Distracted,Not Reported
648,Texas,4560001,456,1,Struck On The Left,Not Distracted,Not Distracted,Not Reported
649,Texas,4560002,456,2,Striking From The Left,Not Distracted,Not Distracted,Not Reported
650,Texas,4570001,457,1,Struck On The Right,Not Distracted,Not Distracted,Not Reported
651,Texas,4570002,457,2,Striking From The Right,Not Distracted,Not Distracted,Not Reported
652,Texas,4570003,457,3,Other Crash Type,Not Distracted,Not Distracted,Unknown
653,Texas,4580001,458,1,Specifics Other,Not Distracted,Not Distracted,Not Reported
654,Texas,4580002,458,2,Specifics Other,Not Distracted,Not Distracted,Not Reported
655,Texas,4580003,458,3,Other Crash Type,Not Distracted,Not Distracted,Motor Vehicle
656,Texas,4590001,459,1,Control/Traction Loss,Not Distracted,Not Distracted,Not Reported
657,Texas,4600001,460,1,Specifics Other,"Inattention (Inattentive), Details Unknown","Inattention (Inattentive), Details Unknown",Not Reported
658,Texas,4600002,460,2,Specifics Other,Not Distracted,Not Distracted,Not Reported
659,Texas,4610001,461,1,"Stopped, Right",Not Distracted,Not Distracted,Driver Did Not Maneuver To Avoid
660,Texas,4610002,461,2,Stopped,Not Distracted,Not Distracted,Not Reported
661,Texas,4620001,462,1,Parked Veh.,Not Distracted,Not Distracted,Not Reported
662,Texas,4630001,463,1,Drive Off Road,By Other Occupant(s),By Other Occupant(s),Not Reported
663,Texas,4640001,464,1,Lateral Move (Left/Right),Not Distracted,Not Distracted,Not Reported
664,Texas,4640002,464,2,Lateral Move (Going Straight),Not Distracted,Not Distracted,Not Reported
665,Texas,4650001,465,1,Drive Off Road,Not Distracted,Not Distracted,Not Reported
666,Texas,4660001,466,1,Drive Off Road,Not Distracted,Not Distracted,Not Reported
667,Texas,4670001,467,1,Drive Off Road,Not Distracted,Not Distracted,Not Reported
668,Texas,4670002,467,2,Other Crash Type,Unknown If Distracted,Unknown If Distracted,Unknown
669,Texas,4680001,468,1,Drive Off Road,Not Distracted,Not Distracted,Not Reported
670,Texas,4700001,470,1,Pedestrian/ Animal,Not Distracted,Not Distracted,Not Reported
671,Texas,4710001,471,1,Specifics Other,Not Distracted,Not Distracted,Not Reported
672,Texas,4710002,471,2,Specifics Other,Not Distracted,Not Distracted,Driver Did Not Maneuver To Avoid
673,Texas,4710003,471,3,Other Crash Type,Not Distracted,Not Distracted,Motor Vehicle
674,Texas,4720001,472,1,Specifics Other,Not Distracted,Not Distracted,Motor Vehicle
675,Texas,4720002,472,2,Specifics Other,Not Distracted,Not Distracted,Not Reported
676,Texas,4730001,473,1,Drive Off Road,Not Distracted,Not Distracted,Not Reported
677,Texas,4740001,474,1,Pedestrian/ Animal,Not Distracted,Not Distracted,Not Reported
678,Texas,4750001,475,1,Turn Into Same Direction (Turning Right),Not Distracted,Not Distracted,Not Reported
679,Texas,4750002,475,2,Turn Into Same Direction (Going Straight),Looked But Did Not See,Looked But Did Not See,Driver Did Not Maneuver To Avoid
680,Texas,4750003,475,3,Other Crash Type,Not Distracted,Not Distracted,Not Reported
681,Texas,4760001,476,1,Pedestrian/ Animal,Not Distracted,Not Distracted,Not Reported
682,Texas,4760002,476,2,Other Crash Type,Not Distracted,Not Distracted,Driver Did Not Maneuver To Avoid
683,Texas,4770001,477,1,Control/Traction Loss,Not Distracted,Not Distracted,Not Reported
684,Texas,4770002,477,2,Other Crash Type,Not Distracted,Not Distracted,Not Reported
685,Texas,4780001,478,1,Pedestrian/ Animal,Not Distracted,Not Distracted,Not Reported
686,Texas,4790001,479,1,Other Crash Type,Not Distracted,Not Distracted,Not Reported
687,Texas,4800001,480,1,Control/Traction Loss,"Inattention (Inattentive), Details Unknown","Inattention (Inattentive), Details Unknown",Not Reported
688,Texas,4810001,481,1,Pedestrian/ Animal,Not Distracted,Not Distracted,Not Reported
689,Texas,4820001,482,1,Specifics Other,Not Distracted,Not Distracted,Not Reported
690,Texas,4820002,482,2,Specifics Other,Not Distracted,Not Distracted,Not Reported
691,Texas,4830001,483,1,Control/Traction Loss,Not Distracted,Not Distracted,Not Reported
692,Texas,4840001,484,1,Control/Traction Loss,Not Distracted,Not Distracted,Not Reported
693,Texas,4850001,485,1,Pedestrian/ Animal,Not Distracted,Not Distracted,Not Reported
694,Texas,4860001,486,1,Drive Off Road,Not Distracted,Not Distracted,Not Reported
695,Texas,4870001,487,1,Control/Traction Loss,Not Distracted,Not Distracted,Not Reported
696,Texas,4880001,488,1,Pedestrian/ Animal,Not Distracted,Not Distracted,Not Reported
697,Texas,4890001,489,1,Lateral Move (Left/Right),Not Distracted,Not Distracted,Not Reported
698,Texas,4890002,489,2,Lateral Move (Going Straight),Not Distracted,Not Distracted,Not Reported
699,Texas,4890003,489,3,Other Crash Type,Not Distracted,Not Distracted,Not Reported
700,Texas,4900001,490,1,Striking From The Right,Not Distracted,Not Distracted,Not Reported
701,Texas,4900002,490,2,Struck On The Right,Not Distracted,Not Distracted,Not Reported
702,Texas,4910001,491,1,Pedestrian/ Animal,Not Distracted,Not Distracted,Not Reported
703,Texas,4920001,492,1,Drive Off Road,Not Distracted,Not Distracted,Not Reported
704,Texas,4930001,493,1,Pedestrian/ Animal,Not Distracted,Not Distracted,Not Reported
705,Texas,4940001,494,1,Drive Off Road,Not Distracted,Not Distracted,Not Reported
706,Texas,4950001,495,1,Pedestrian/ Animal,Not Distracted,Not Distracted,Not Reported
707,Texas,4960001,496,1,Pedestrian/ Animal,Not Distracted,Not Distracted,Not Reported
708,Texas,4970001,497,1,Pedestrian/ Animal,Not Distracted,Not Distracted,"Pedestrian, Pedalcyclist Or Other Non-Motorist"
709,Texas,4970002,497,2,Other Crash Type,Not Distracted,Not Distracted,Not Reported
710,Texas,4980001,498,1,Specifics Other,Not Distracted,Not Distracted,Not Reported
711,Texas,4980002,498,2,Specifics Other,Not Distracted,Not Distracted,Not Reported
712,Texas,4990001,499,1,Pedestrian/ Animal,Not Distracted,Not Distracted,Not Reported
713,Texas,5000001,500,1,Pedestrian/ Animal,Not Distracted,Not Distracted,Not Reported
714,Texas,5010001,501,1,Drive Off Road,Not Distracted,Not Distracted,Not Reported
715,Texas,5020001,502,1,Other Crash Type,While Talking Or Listening To Cellular Phone,While Talking Or Listening To Cellular Phone,Driver Did Not Maneuver To Avoid
716,Texas,5030001,503,1,Striking From The Left,Not Distracted,Not Distracted,Not Reported
717,Texas,5030002,503,2,Struck On The Left,Not Distracted,Not Distracted,Not Reported
718,Texas,5040001,504,1,Striking From The Left,Not Distracted,Not Distracted,Not Reported
719,Texas,5040002,504,2,Struck On The Left,Not Distracted,Not Distracted,Not Reported
720,Texas,5050001,505,1,Specifics Other,No Driver Present/Unknown If Driver Present,No Driver Present/Unknown If Driver Present,No Driver Present/Unknown If Driver Present
721,Texas,5050002,505,2,Specifics Other,Not Distracted,Not Distracted,Driver Did Not Maneuver To Avoid
722,Texas,5060001,506,1,Control/Traction Loss,Not Distracted,Not Distracted,Not Reported
723,Texas,5070001,507,1,Control/Traction Loss,Not Distracted,Not Distracted,Not Reported
724,Texas,5080001,508,1,Specifics Other,Not Distracted,Not Distracted,Not Reported
725,Texas,5080002,508,2,Specifics Other,Not Distracted,Not Distracted,Not Reported
726,Texas,5090001,509,1,Specifics Other,Not Distracted,Not Distracted,Motor Vehicle
727,Texas,5090002,509,2,Specifics Other,No Driver Present/Unknown If Driver Present,No Driver Present/Unknown If Driver Present,No Driver Present/Unknown If Driver Present
728,Texas,5090003,509,3,Other Crash Type,Not Distracted,Not Distracted,Motor Vehicle
729,Texas,5100001,510,1,Drive Off Road,Not Distracted,Not Distracted,Driver Did Not Maneuver To Avoid
730,Texas,5110001,511,1,Other Crash Type,Not Distracted,Not Distracted,Not Reported
731,Texas,5110002,511,2,Other Crash Type,Not Distracted,Not Distracted,Not Reported
732,Texas,5120001,512,1,Pedestrian/ Animal,While Talking Or Listening To Cellular Phone,While Talking Or Listening To Cellular Phone,Not Reported
733,Texas,5130001,513,1,Drive Off Road,Not Distracted,Not Distracted,Not Reported
734,Texas,5140001,514,1,Stopped,Not Distracted,Not Distracted,Not Reported
735,Texas,5140002,514,2,"Stopped, Straight",Not Distracted,Not Distracted,Driver Did Not Maneuver To Avoid
736,Texas,5150001,515,1,Initial Opposite Directions (Left/Right),Not Distracted,Not Distracted,Not Reported
737,Texas,5150002,515,2,Initial Opposite Directions (Going Straight),Not Distracted,Not Distracted,Not Reported
738,Texas,5160001,516,1,End Departure,Not Distracted,Not Distracted,Not Reported
739,Texas,5170001,517,1,Other Crash Type,Not Distracted,Not Distracted,Live Animal
740,Texas,5180001,518,1,Specifics Other,Not Distracted,Not Distracted,Driver Did Not Maneuver To Avoid
741,Texas,5180002,518,2,Specifics Other,Not Distracted,Not Distracted,Motor Vehicle
742,Texas,5190001,519,1,Changing Lanes To The Left,Not Distracted,Not Distracted,Not Reported
743,Texas,5190002,519,2,Straight Ahead On Left/Right,Not Distracted,Not Distracted,Not Reported
744,Texas,5190003,519,3,Other Crash Type,Not Distracted,Not Distracted,Not Reported
745,Texas,5190004,519,4,Other Crash Type,Not Distracted,Not Distracted,Not Reported
746,Texas,5200001,520,1,Pedestrian/ Animal,Not Distracted,Not Distracted,Not Reported
747,Texas,5210001,521,1,Drive Off Road,"Inattention (Inattentive), Details Unknown","Inattention (Inattentive), Details Unknown",Not Reported
748,Texas,5220001,522,1,Other Crash Type,Not Distracted,Not Distracted,Not Reported
749,Texas,5220002,522,2,Other Crash Type,Not Distracted,Not Distracted,Motor Vehicle
750,Texas,5230001,523,1,Specifics Other,Not Distracted,Not Distracted,Not Reported
751,Texas,5230002,523,2,Specifics Other,No Driver Present/Unknown If Driver Present,No Driver Present/Unknown If Driver Present,No Driver Present/Unknown If Driver Present
752,Texas,5240001,524,1,Specifics Other,Not Distracted,Not Distracted,Motor Vehicle
753,Texas,5240002,524,2,Specifics Other,Not Distracted,Not Distracted,Motor Vehicle
754,Texas,5250001,525,1,Initial Opposite Directions (Going Straight),Not Distracted,Not Distracted,Not Reported
755,Texas,5250002,525,2,Initial Opposite Directions (Left/Right),Not Distracted,Not Distracted,Motor Vehicle
756,Texas,5260001,526,1,Drive Off Road,Not Distracted,Not Distracted,Not Reported
757,Texas,5260002,526,2,Other Crash Type,Not Distracted,Not Distracted,Not Reported
758,Texas,5270001,527,1,Pedestrian/ Animal,Distraction/Inattention,Distraction/Inattention,Unknown
759,Texas,5280001,528,1,Pedestrian/ Animal,Not Distracted,Not Distracted,"Pedestrian, Pedalcyclist Or Other Non-Motorist"
760,Texas,5290001,529,1,Control/Traction Loss,Not Distracted,Not Distracted,Not Reported
761,Texas,5300001,530,1,Stopped,"Inattention (Inattentive), Details Unknown","Inattention (Inattentive), Details Unknown",Not Reported
762,Texas,5300002,530,2,"Stopped, Left",Not Distracted,Not Distracted,Driver Did Not Maneuver To Avoid
763,Texas,5310001,531,1,Decelerating (Slowing),Not Distracted,Not Distracted,Not Reported
764,Texas,5310002,531,2,"Decelerating (Slowing), Going Straight",Not Distracted,Not Distracted,Not Reported
765,Texas,5320001,532,1,Drive Off Road,Not Distracted,Not Distracted,Not Reported
766,Texas,5330001,533,1,Pedestrian/ Animal,Not Distracted,Not Distracted,Not Reported
767,Texas,5340001,534,1,Pedestrian/ Animal,Not Distracted,Not Distracted,Not Reported
768,Texas,5350001,535,1,Lateral Move (Left/Right),Not Distracted,Not Distracted,Not Reported
769,Texas,5350002,535,2,Lateral Move (Going Straight),Not Distracted,Not Distracted,Not Reported
770,Texas,5360001,536,1,Lateral Move (Left/Right),Not Distracted,Not Distracted,Not Reported
771,Texas,5360002,536,2,Lateral Move (Going Straight),Not Distracted,Not Distracted,Not Reported
772,Texas,5370001,537,1,Other Crash Type,Not Distracted,Not Distracted,Not Reported
773,Texas,5380001,538,1,Lateral Move (Left/Right),Not Distracted,Not Distracted,Not Reported
774,Texas,5380002,538,2,Lateral Move (Going Straight),Not Distracted,Not Distracted,Not Reported
775,Texas,5390001,539,1,Lateral Move (Left/Right),Not Distracted,Not Distracted,Not Reported
776,Texas,5390002,539,2,Lateral Move (Going Straight),Not Distracted,Not Distracted,Not Reported
777,Texas,5390003,539,3,Other Crash Type,Not Distracted,Not Distracted,Driver Did Not Maneuver To Avoid
778,Texas,5400001,540,1,Drive Off Road,Not Distracted,Not Distracted,Not Reported
779,Texas,5410001,541,1,Specifics Other,Not Distracted,Not Distracted,Not Reported
780,Texas,5410002,541,2,Specifics Other,Not Distracted,Not Distracted,Not Reported
781,Texas,5420001,542,1,Lateral Move (Left/Right),Not Distracted,Not Distracted,Not Reported
782,Texas,5420002,542,2,Lateral Move (Going Straight),Not Distracted,Not Distracted,Motor Vehicle
783,Texas,5430001,543,1,Pedestrian/ Animal,Not Distracted,Not Distracted,"Pedestrian, Pedalcyclist Or Other Non-Motorist"
784,Texas,5440001,544,1,Lateral Move (Left/Right),Not Distracted,Not Distracted,Not Reported
785,Texas,5440002,544,2,Lateral Move (Going Straight),Not Distracted,Not Distracted,Not Reported
786,Texas,5450001,545,1,Lateral Move (Left/Right),Not Distracted,Not Distracted,Not Reported
787,Texas,5450002,545,2,Lateral Move (Going Straight),Not Distracted,Not Distracted,Not Reported
788,Texas,5460001,546,1,Drive Off Road,Not Distracted,Not Distracted,Not Reported
789,Texas,5470001,547,1,Pedestrian/ Animal,Not Distracted,Not Distracted,Not Reported
790,Texas,5480001,548,1,Lateral Move (Left/Right),Not Distracted,Not Distracted,Not Reported
791,Texas,5480002,548,2,Lateral Move (Going Straight),Not Distracted,Not Distracted,Not Reported
792,Texas,5490001,549,1,Pedestrian/ Animal,Not Distracted,Not Distracted,Driver Did Not Maneuver To Avoid
793,Texas,5500001,550,1,Striking From The Left,Not Distracted,Not Distracted,Not Reported
794,Texas,5500002,550,2,Struck On The Left,Not Distracted,Not Distracted,Not Reported
795,Texas,5510001,551,1,Control/Traction Loss,"Inattention (Inattentive), Details Unknown","Inattention (Inattentive), Details Unknown",Not Reported
796,Texas,5520001,552,1,Specifics Other,Not Distracted,Not Distracted,Not Reported
797,Texas,5520002,552,2,Specifics Other,Not Distracted,Not Distracted,Motor Vehicle
798,Texas,5530001,553,1,Lateral Move (Left/Right),Not Distracted,Not Distracted,Not Reported
799,Texas,5530002,553,2,Lateral Move (Going Straight),Not Distracted,Not Distracted,Not Reported
800,Texas,5540001,554,1,Pedestrian/ Animal,Not Distracted,Not Distracted,Driver Did Not Maneuver To Avoid
801,Texas,5550001,555,1,Pedestrian/ Animal,Not Distracted,Not Distracted,Not Reported
802,Texas,5560001,556,1,Pedestrian/ Animal,Not Distracted,Not Distracted,Not Reported
803,Texas,5570001,557,1,Drive Off Road,Not Distracted,Not Distracted,Not Reported
804,Texas,5580001,558,1,Pedestrian/ Animal,Not Distracted,Not Distracted,Not Reported
805,Texas,5590001,559,1,Drive Off Road,Not Distracted,Not Distracted,Not Reported
806,Texas,5600001,560,1,Drive Off Road,Not Distracted,Not Distracted,Not Reported
807,Texas,5610001,561,1,Drive Off Road,Not Distracted,Not Distracted,Not Reported
808,Texas,5620001,562,1,Drive Off Road,Not Distracted,Not Distracted,Not Reported
809,Texas,5630001,563,1,Turn Into Opposite Directions (Turning Left),Not Distracted,Not Distracted,Driver Did Not Maneuver To Avoid
810,Texas,5630002,563,2,Turn Into Opposite Directions (Going Straight),Not Distracted,Not Distracted,Motor Vehicle
811,Texas,5640001,564,1,Initial Opposite Directions (Left/Right),Not Distracted,Not Distracted,Not Reported
812,Texas,5640002,564,2,Initial Opposite Directions (Going Straight),Not Distracted,Not Distracted,Not Reported
813,Texas,5650001,565,1,Drive Off Road,Not Distracted,Not Distracted,Not Reported
814,Texas,5660001,566,1,Turn Into Opposite Directions (Turning Left),Not Distracted,Not Distracted,Not Reported
815,Texas,5660002,566,2,Turn Into Opposite Directions (Going Straight),Not Distracted,Not Distracted,Not Reported
816,Texas,5670001,567,1,Control/Traction Loss,Not Distracted,Not Distracted,Not Reported
817,Texas,5680001,568,1,Control/Traction Loss,Not Distracted,Not Distracted,Not Reported
818,Texas,5690001,569,1,Striking From The Left,Not Distracted,Not Distracted,Not Reported
819,Texas,5690002,569,2,Struck On The Left,Not Distracted,Not Distracted,Not Reported
820,Texas,5690003,569,3,Other Crash Type,Not Distracted,Not Distracted,Not Reported
821,Texas,5700001,570,1,Control/Traction Loss,Not Distracted,Not Distracted,Not Reported
822,Texas,5710001,571,1,Specifics Other,Not Distracted,Not Distracted,Not Reported
823,Texas,5710002,571,2,Specifics Other,Not Distracted,Not Distracted,Not Reported
824,Texas,5720001,572,1,Control/Traction Loss,Not Distracted,Not Distracted,Not Reported
825,Texas,5730001,573,1,Specifics Other,Not Distracted,Not Distracted,Not Reported
826,Texas,5730002,573,2,Specifics Other,Not Distracted,Not Distracted,Not Reported
827,Texas,5740001,574,1,Slower,Not Distracted,Not Distracted,Not Reported
828,Texas,5740002,574,2,"Slower, Going Straight",Not Distracted,Not Distracted,Not Reported
829,Texas,5750001,575,1,Pedestrian/ Animal,Not Distracted,Not Distracted,Not Reported
830,Texas,5760001,576,1,Specifics Other,Not Distracted,Not Distracted,Not Reported
831,Texas,5760002,576,2,Specifics Other,Not Distracted,Not Distracted,Not Reported
832,Texas,5770001,577,1,Drive Off Road,Not Distracted,Not Distracted,Not Reported
833,Texas,5780001,578,1,Lateral Move (Left/Right),Not Distracted,Not Distracted,Not Reported
834,Texas,5780002,578,2,Lateral Move (Going Straight),Not Distracted,Not Distracted,Not Reported
835,Texas,5790001,579,1,Specifics Other,Not Distracted,Not Distracted,Not Reported
836,Texas,5790002,579,2,Specifics Other,Not Distracted,Not Distracted,Not Reported
837,Texas,5800001,580,1,Drive Off Road,Not Distracted,Not Distracted,Not Reported
838,Texas,5810001,581,1,Pedestrian/ Animal,Not Distracted,Not Distracted,"Pedestrian, Pedalcyclist Or Other Non-Motorist"
839,Texas,5820001,582,1,Pedestrian/ Animal,Not Distracted,Not Distracted,Driver Did Not Maneuver To Avoid
840,Texas,5830001,583,1,Control/Traction Loss,Not Distracted,Not Distracted,Not Reported
841,Texas,5840001,584,1,Pedestrian/ Animal,Unknown If Distracted,Unknown If Distracted,Unknown
842,Texas,5850001,585,1,Pedestrian/ Animal,Not Distracted,Not Distracted,Not Reported
843,Texas,5860001,586,1,Control/Traction Loss,Not Distracted,Not Distracted,Not Reported
844,Texas,5870001,587,1,Drive Off Road,Not Distracted,Not Distracted,Not Reported
845,Texas,5880001,588,1,Specifics Other,Not Distracted,Not Distracted,Not Reported
846,Texas,5880002,588,2,Specifics Other,Not Distracted,Not Distracted,Not Reported
847,Texas,5890001,589,1,Control/Traction Loss,Not Distracted,Not Distracted,Not Reported
848,Texas,5900001,590,1,Struck On The Left,Not Distracted,Not Distracted,Not Reported
849,Texas,5900002,590,2,Striking From The Left,Not Distracted,Not Distracted,Not Reported
850,Texas,5920001,592,1,Drive Off Road,Not Distracted,Not Distracted,Phantom/Non-Contact Motor Vehicle
851,Texas,5930001,593,1,Lateral Move (Going Straight),Not Distracted,Not Distracted,Not Reported
852,Texas,5930002,593,2,Lateral Move (Left/Right),Not Distracted,Not Distracted,Not Reported
853,Texas,5940001,594,1,Drive Off Road,Not Distracted,Not Distracted,Not Reported
854,Texas,5950001,595,1,Other Crash Type,Not Distracted,Not Distracted,Not Reported
855,Texas,5960001,596,1,Specifics Other,Not Distracted,Not Distracted,Not Reported
856,Texas,5960002,596,2,Specifics Other,No Driver Present/Unknown If Driver Present,No Driver Present/Unknown If Driver Present,No Driver Present/Unknown If Driver Present
857,Texas,5970001,597,1,Specifics Other,Not Distracted,Not Distracted,Not Reported
858,Texas,5970002,597,2,Specifics Other,Not Distracted,Not Distracted,Not Reported
859,Texas,5980001,598,1,Turn Into Opposite Directions (Going Straight),"Inattention (Inattentive), Details Unknown","Inattention (Inattentive), Details Unknown",Driver Did Not Maneuver To Avoid
860,Texas,5980002,598,2,Turn Into Opposite Directions (Turning Left),Not Distracted,Not Distracted,Not Reported