,State Name,ID,CaseNo,VehicleNo,CrashType,First Distraction,Second Distraction,Driver Action
861,Texas,5990001,599,1,Control/Traction Loss,Not Distracted,Not Distracted,Driver Did Not Maneuver To Avoid
862,Texas,6000001,600,1,Specifics Other,Not Distracted,Not Distracted,Motor Vehicle
863,Texas,6000002,600,2,Specifics Other,Not Distracted,Not Distracted,Motor Vehicle
864,Texas,6010001,601,1,Lateral Move (Left/Right),Not Distracted,Not Distracted,Not Reported
865,Texas,6010002,601,2,Lateral Move (Going Straight),Not Distracted,Not Distracted,Not Reported
866,Texas,6010003,601,3,Other Crash Type,Not Distracted,Not Distracted,Motor Vehicle
867,Texas,6010004,601,4,Other Crash Type,Not Distracted,Not Distracted,Not Reported
868,Texas,6020001,602,1,Drive Off Road,Not Distracted,Not Distracted,Not Reported
869,Texas,6030001,603,1,Pedestrian/ Animal,Not Distracted,Not Distracted,Not Reported
870,Texas,6040001,604,1,Specifics Other,Not Distracted,Not Distracted,Not Reported
871,Texas,6040002,604,2,Specifics Other,Not Distracted,Not Distracted,Not Reported
872,Texas,6050001,605,1,Pedestrian/ Animal,Not Distracted,Not Distracted,Not Reported
873,Texas,6060001,606,1,"Slower, Going Straight",Not Distracted,Not Distracted,Not Reported
874,Texas,6060002,606,2,Slower,Other Distraction,Other Distraction,Driver Did Not Maneuver To Avoid
875,Texas,6070001,607,1,Specifics Other,Not Distracted,Not Distracted,Phantom/Non-Contact Motor Vehicle
876,Texas,6070002,607,2,Specifics Other,Not Distracted,Not Distracted,Not Reported
877,Texas,6080001,608,1,Slower,"Inattention (Inattentive), Details Unknown","Inattention (Inattentive), Details Unknown",Not Reported
878,Texas,6080002,608,2,"Slower, Going Straight",Not Distracted,Not Distracted,Not Reported
879,Texas,6080003,608,3,Other Crash Type,Not Distracted,Not Distracted,Not Reported
880,Texas,6080004,608,4,Other Crash Type,Not Distracted,Not Distracted,Not Reported
881,Texas,6090001,609,1,Drive Off Road,Not Distracted,Not Distracted,Not Reported
882,Texas,6100001,610,1,Pedestrian/ Animal,Not Distracted,Not Distracted,Not Reported
883,Texas,6100002,610,2,Other Crash Type,Not Distracted,Not Distracted,Not Reported
884,Texas,6110001,611,1,Control/Traction Loss,Not Distracted,Not Distracted,Not Reported
885,Texas,6120001,612,1,Pedestrian/ Animal,Not Distracted,Not Distracted,Not Reported
886,Texas,6130001,613,1,Control/Traction Loss,"Inattention (Inattentive), Details Unknown","Inattention (Inattentive), Details Unknown",Not Reported
887,Texas,6140001,614,1,Drive Off Road,Not Distracted,Not Distracted,Not Reported
888,Texas,6150001,615,1,Striking From The Right,Not Distracted,Not Distracted,Not Reported
889,Texas,6150002,615,2,Struck On The Right,Not Distracted,Not Distracted,Not Reported
890,Texas,6160001,616,1,Control/Traction Loss,Not Distracted,Not Distracted,Not Reported
891,Texas,6170001,617,1,Control/Traction Loss,Not Distracted,Not Distracted,Motor Vehicle
892,Texas,6170002,617,2,Other Crash Type,Not Distracted,Not Distracted,Not Reported
893,Texas,6180001,618,1,Other Crash Type,Not Distracted,Not Distracted,Not Reported
894,Texas,6190001,619,1,Pedestrian/ Animal,Not Distracted,Not Distracted,Not Reported
895,Texas,6200001,620,1,Turn Into Opposite Directions (Turning Left),Not Distracted,Not Distracted,Driver Did Not Maneuver To Avoid
896,Texas,6200002,620,2,Turn Into Opposite Directions (Going Straight),Not Distracted,Not Distracted,Not Reported
897,Texas,6210001,621,1,Control/Traction Loss,Not Distracted,Not Distracted,Not Reported
898,Texas,6220001,622,1,Slower,Not Distracted,Not Distracted,Not Reported
899,Texas,6220002,622,2,"Slower, Going Right",Not Distracted,Not Distracted,Not Reported
900,Texas,6240001,624,1,Pedestrian/ Animal,Not Distracted,Not Distracted,Driver Did Not Maneuver To Avoid
901,Texas,6250001,625,1,Control/Traction Loss,Not Distracted,Not Distracted,Not Reported
902,Texas,6260001,626,1,Parked Veh.,Not Distracted,Not Distracted,Not Reported
903,Texas,6270001,627,1,Pedestrian/ Animal,Not Distracted,Not Distracted,"Pedestrian, Pedalcyclist Or Other Non-Motorist"
904,Texas,6280001,628,1,Pedestrian/ Animal,Not Distracted,Not Distracted,Driver Did Not Maneuver To Avoid
905,Texas,6290001,629,1,Control/Traction Loss,Not Distracted,Not Distracted,Not Reported
906,Texas,6300001,630,1,Control/Traction Loss,Not Distracted,Not Distracted,Not Reported
907,Texas,6320001,632,1,Decelerating (Slowing),Not Distracted,Not Distracted,Driver Did Not Maneuver To Avoid
908,Texas,6320002,632,2,"Decelerating (Slowing), Going Straight",Not Distracted,Not Distracted,Not Reported
909,Texas,6320003,632,3,Other Crash Type,Not Distracted,Not Distracted,Not Reported
910,Texas,6330001,633,1,"Decelerating (Slowing), Going Straight",Not Distracted,Not Distracted,Not Reported
911,Texas,6330002,633,2,Decelerating (Slowing),Not Distracted,Not Distracted,Motor Vehicle
912,Texas,6340001,634,1,Drive Off Road,Not Distracted,Not Distracted,Not Reported
913,Texas,6350001,635,1,Lateral Move (Left/Right),Not Distracted,Not Distracted,Not Reported
914,Texas,6350002,635,2,Lateral Move (Going Straight),Not Distracted,Not Distracted,Motor Vehicle
915,Texas,6350003,635,3,Other Crash Type,Not Distracted,Not Distracted,Motor Vehicle
916,Texas,6360001,636,1,Turn Into Opposite Directions (Turning Left),Not Distracted,Not Distracted,Not Reported
917,Texas,6360002,636,2,Turn Into Opposite Directions (Going Straight),Not Distracted,Not Distracted,Motor Vehicle
918,Texas,6370001,637,1,Unknown,Not Distracted,Not Distracted,Not Reported
919,Texas,6370002,637,2,Unknown,Not Distracted,Not Distracted,Driver Did Not Maneuver To Avoid
920,Texas,6370003,637,3,Other Crash Type,Not Distracted,Not Distracted,Driver Did Not Maneuver To Avoid
921,Texas,6370004,637,4,Other Crash Type,Not Distracted,Not Distracted,Driver Did Not Maneuver To Avoid
922,Texas,6370005,637,5,Other Crash Type,Not Distracted,Not Distracted,Driver Did Not Maneuver To Avoid
923,Texas,6370006,637,6,Other Crash Type,Not Distracted,Not Distracted,Not Reported
924,Texas,6380001,638,1,"Decelerating (Slowing), Going Straight",Not Distracted,Not Distracted,Not Reported
925,Texas,6380002,638,2,Decelerating (Slowing),"Inattention (Inattentive), Details Unknown","Inattention (Inattentive), Details Unknown",Not Reported
926,Texas,6390001,639,1,Parked Veh.,Not Distracted,Not Distracted,Driver Did Not Maneuver To Avoid
927,Texas,6400001,640,1,Straight Ahead On Left/Right,Not Distracted,Not Distracted,Not Reported
928,Texas,6400002,640,2,Straight Ahead On Left,Not Distracted,Not Distracted,Not Reported
929,Texas,6400003,640,3,Other Crash Type,Not Distracted,Not Distracted,Motor Vehicle
930,Texas,6410001,641,1,Drive Off Road,Not Distracted,Not Distracted,Not Reported
931,Texas,6420001,642,1,Initial Opposite Directions (Left/Right),Not Distracted,Not Distracted,Not Reported
932,Texas,6420002,642,2,Initial Opposite Directions (Going Straight),Not Distracted,Not Distracted,Not Reported
933,Texas,6420003,642,3,Other Crash Type,Not Distracted,Not Distracted,Not Reported
934,Texas,6430001,643,1,Drive Off Road,"Inattention (Inattentive), Details Unknown","Inattention (Inattentive), Details Unknown",Not Reported
935,Texas,6440001,644,1,Control/Traction Loss,Not Distracted,Not Distracted,Phantom/Non-Contact Motor Vehicle
936,Texas,6450001,645,1,Drive Off Road,Not Distracted,Not Distracted,Not Reported
937,Texas,6460001,646,1,End Departure,Not Distracted,Not Distracted,Not Reported
938,Texas,6470001,647,1,Drive Off Road,Not Distracted,Not Distracted,Not Reported
939,Texas,6480001,648,1,Drive Off Road,"Inattention (Inattentive), Details Unknown","Inattention (Inattentive), Details Unknown",Not Reported
940,Texas,6490001,649,1,Control/Traction Loss,Not Distracted,Not Distracted,Not Reported
941,Texas,6500001,650,1,Drive Off Road,Not Distracted,Not Distracted,Not Reported
942,Texas,6510001,651,1,Pedestrian/ Animal,Not Distracted,Not Distracted,Not Reported
943,Texas,6530001,653,1,Control/Traction Loss,Not Distracted,Not Distracted,Not Reported
944,Texas,6540001,654,1,Struck On The Left,Not Distracted,Not Distracted,Not Reported
945,Texas,6540002,654,2,Striking From The Left,Not Distracted,Not Distracted,Not Reported
946,Texas,6540003,654,3,Other Crash Type,Not Distracted,Not Distracted,Not Reported
947,Texas,6540004,654,4,Other Crash Type,Not Distracted,Not Distracted,Not Reported
948,Texas,6540005,654,5,Other Crash Type,Not Distracted,Not Distracted,Not Reported
949,Texas,6550001,655,1,Lateral Move (Left/Right),Not Distracted,Not Distracted,Not Reported
950,Texas,6550002,655,2,Lateral Move (Going Straight),Not Distracted,Not Distracted,Not Reported
951,Texas,6560001,656,1,Drive Off Road,Not Distracted,Not Distracted,Not Reported
952,Texas,6560002,656,2,Other Crash Type,Not Distracted,Not Distracted,Not Reported
953,Texas,6570001,657,1,Initial Opposite Directions (Left/Right),Not Distracted,Not Distracted,Not Reported
954,Texas,6570002,657,2,Initial Opposite Directions (Going Straight),Not Distracted,Not Distracted,Not Reported
955,Texas,6580001,658,1,Drive Off Road,Not Distracted,Not Distracted,Not Reported
956,Texas,6600001,660,1,Drive Off Road,Not Distracted,Not Distracted,Not Reported
957,Texas,6620001,662,1,Unknown,Not Distracted,Not Distracted,Not Reported
958,Texas,6620002,662,2,Unknown,Not Distracted,Not Distracted,Not Reported
959,Texas,6630001,663,1,Struck On The Left,Not Distracted,Not Distracted,Not Reported
960,Texas,6630002,663,2,Striking From The Left,Not Distracted,Not Distracted,Not Reported
961,Texas,6640001,664,1,Pedestrian/ Animal,Unknown If Distracted,Unknown If Distracted,Unknown
962,Texas,6650001,665,1,Drive Off Road,Not Distracted,Not Distracted,Not Reported
963,Texas,6660001,666,1,Other Crash Type,Not Distracted,Not Distracted,Not Reported
964,Texas,6670001,667,1,Pedestrian/ Animal,Not Distracted,Not Distracted,Driver Did Not Maneuver To Avoid
965,Texas,6670002,667,2,Other Crash Type,No Driver Present/Unknown If Driver Present,No Driver Present/Unknown If Driver Present,No Driver Present/Unknown If Driver Present
966,Texas,6680001,668,1,Pedestrian/ Animal,Not Distracted,Not Distracted,Driver Did Not Maneuver To Avoid
967,Texas,6690001,669,1,Lateral Move (Left/Right),Not Distracted,Not Distracted,Not Reported
968,Texas,6690002,669,2,Lateral Move (Going Straight),Not Distracted,Not Distracted,Motor Vehicle
969,Texas,6700001,670,1,Slower,Not Distracted,Not Distracted,Not Reported
970,Texas,6700002,670,2,"Slower, Going Straight",Not Distracted,Not Distracted,Not Reported
971,Texas,6710001,671,1,Decelerating (Slowing),Smoking Related,Smoking Related,Driver Did Not Maneuver To Avoid
972,Texas,6710002,671,2,"Decelerating (Slowing), Going Straight",Not Distracted,Not Distracted,Driver Did Not Maneuver To Avoid
973,Texas,6710003,671,3,Other Crash Type,Not Distracted,Not Distracted,Not Reported
974,Texas,6720001,672,1,No Impact,Not Distracted,Not Distracted,Not Reported
975,Texas,6730001,673,1,Drive Off Road,Not Distracted,Not Distracted,Phantom/Non-Contact Motor Vehicle
976,Texas,6740001,674,1,Specifics Other,Not Distracted,Not Distracted,Not Reported
977,Texas,6740002,674,2,Specifics Other,Not Distracted,Not Distracted,Not Reported
978,Texas,6750001,675,1,Changing Lanes To The Right,Not Distracted,Not Distracted,Not Reported
979,Texas,6750002,675,2,Straight Ahead On Left/Right,Not Distracted,Not Distracted,Not Reported
980,Texas,6760001,676,1,No Impact,Not Distracted,Not Distracted,Driver Did Not Maneuver To Avoid
981,Texas,6770001,677,1,Drive Off Road,Not Distracted,Not Distracted,Not Reported
982,Texas,6780001,678,1,Lateral Move (Left/Right),"Inattention (Inattentive), Details Unknown","Inattention (Inattentive), Details Unknown",Driver Did Not Maneuver To Avoid
983,Texas,6780002,678,2,Lateral Move (Going Straight),Not Distracted,Not Distracted,Not Reported
984,Texas,6790001,679,1,Drive Off Road,Not Distracted,Not Distracted,Not Reported
985,Texas,6800001,680,1,Pedestrian/ Animal,Not Distracted,Not Distracted,Not Reported
986,Texas,6820001,682,1,Drive Off Road,Not Distracted,Not Distracted,Not Reported
987,Texas,6830001,683,1,Stopped,Not Distracted,Not Distracted,Driver Did Not Maneuver To Avoid
988,Texas,6830002,683,2,"Stopped, Straight",Not Distracted,Not Distracted,Not Reported
989,Texas,6830003,683,3,Other Crash Type,Not Distracted,Not Distracted,Not Reported
990,Texas,6830004,683,4,Other Crash Type,Not Distracted,Not Distracted,Not Reported
991,Texas,6830005,683,5,Other Crash Type,Not Distracted,Not Distracted,Not Reported
992,Texas,6840001,684,1,Drive Off Road,Not Distracted,Not Distracted,Not Reported
993,Texas,6850001,685,1,Specifics Other,Not Distracted,Not Distracted,Not Reported
994,Texas,6850002,685,2,Specifics Other,Not Distracted,Not Distracted,Not Reported
995,Texas,6850003,685,3,Other Crash Type,Not Distracted,Not Distracted,Not Reported
996,Texas,6860001,686,1,Pedestrian/ Animal,Not Distracted,Not Distracted,"Pedestrian, Pedalcyclist Or Other Non-Motorist"
997,Texas,6870001,687,1,Control/Traction Loss,Not Distracted,Not Distracted,Not Reported
998,Texas,6870002,687,2,Other Crash Type,Not Distracted,Not Distracted,Driver Did Not Maneuver To Avoid
999,Texas,6880001,688,1,Pedestrian/ Animal,Unknown If Distracted,Unknown If Distracted,Unknown
1000,Texas,6890001,689,1,Specifics Other,Not Distracted,Not Distracted,Not Reported
1001,Texas,6890002,689,2,Specifics Other,Not Distracted,Not Distracted,Not Reported
1002,Texas,6900001,690,1,Drive Off Road,While Talking Or Listening To Cellular Phone,While Talking Or Listening To Cellular Phone,Not Reported
1003,Texas,6910001,691,1,Drive Off Road,Not Distracted,Not Distracted,Not Reported
1004,Texas,6920001,692,1,No Impact,Not Distracted,Not Distracted,Driver Did Not Maneuver To Avoid
1005,Texas,6930001,693,1,Specifics Other,Not Distracted,Not Distracted,Not Reported
1006,Texas,6930002,693,2,Specifics Other,Not Distracted,Not Distracted,Not Reported
1007,Texas,6940001,694,1,Specifics Other,Not Distracted,Not Distracted,Not Reported
1008,Texas,6940002,694,2,Specifics Other,No Driver Present/Unknown If Driver Present,No Driver Present/Unknown If Driver Present,No Driver Present/Unknown If Driver Present
1009,Texas,6950001,695,1,Drive Off Road,Not Distracted,Not Distracted,Not Reported
1010,Texas,6960001,696,1,"Stopped, Straight",Not Distracted,Not Distracted,Driver Did Not Maneuver To Avoid
1011,Texas,6960002,696,2,Stopped,Not Distracted,Not Distracted,Driver Did Not Maneuver To Avoid
1012,Texas,6960003,696,3,Other Crash Type,No Driver Present/Unknown If Driver Present,No Driver Present/Unknown If Driver Present,No Driver Present/Unknown If Driver Present
1013,Texas,6970001,697,1,Slower,Not Distracted,Not Distracted,Not Reported
1014,Texas,6970002,697,2,"Slower, Going Straight",Not Distracted,Not Distracted,Not Reported
1015,Texas,6990001,699,1,Other Crash Type,Not Distracted,Not Distracted,Not Reported
1016,Texas,6990002,699,2,Other Crash Type,Not Distracted,Not Distracted,Not Reported
1017,Texas,7000001,700,1,Control/Traction Loss,Not Distracted,Not Distracted,Not Reported
1018,Texas,7010001,701,1,Drive Off Road,Not Distracted,Not Distracted,Not Reported
1019,Texas,7020001,702,1,Pedestrian/ Animal,Not Distracted,Not Distracted,Not Reported
1020,Texas,7030001,703,1,Control/Traction Loss,Not Distracted,Not Distracted,Phantom/Non-Contact Motor Vehicle
1021,Texas,7040001,704,1,Parked Veh.,"Inattention (Inattentive), Details Unknown","Inattention (Inattentive), Details Unknown",Not Reported
1022,Texas,7050001,705,1,Drive Off Road,Not Distracted,Not Distracted,Not Reported
1023,Texas,7060001,706,1,Drive Off Road,Not Distracted,Not Distracted,Not Reported
1024,Texas,7070001,707,1,Control/Traction Loss,Not Distracted,Not Distracted,Phantom/Non-Contact Motor Vehicle
1025,Texas,7080001,708,1,Drive Off Road,Not Distracted,Not Distracted,Phantom/Non-Contact Motor Vehicle
1026,Texas,7090001,709,1,Other Crash Type,Not Distracted,Not Distracted,Not Reported
1027,Texas,7090002,709,2,Other Crash Type,Not Distracted,Not Distracted,Not Reported
1028,Texas,7100001,710,1,Other Crash Type,Not Distracted,Not Distracted,Not Reported
1029,Texas,7100002,710,2,Other Crash Type,Not Distracted,Not Distracted,Motor Vehicle
1030,Texas,7120001,712,1,Drive Off Road,Not Distracted,Not Distracted,Not Reported
1031,Texas,7130001,713,1,Drive Off Road,Not Distracted,Not Distracted,Driver Did Not Maneuver To Avoid
1032,Texas,7140001,714,1,Lateral Move (Going Straight),Not Distracted,Not Distracted,Not Reported
1033,Texas,7140002,714,2,Lateral Move (Left/Right),Not Distracted,Not Distracted,Not Reported
1034,Texas,7150001,715,1,Specifics Other,Not Distracted,Not Distracted,Motor Vehicle
1035,Texas,7150002,715,2,Specifics Other,Not Distracted,Not Distracted,Not Reported
1036,Texas,7160001,716,1,Control/Traction Loss,Not Distracted,Not Distracted,Not Reported
1037,Texas,7170001,717,1,Drive Off Road,Not Distracted,Not Distracted,Not Reported
1038,Texas,7180001,718,1,Pedestrian/ Animal,Not Distracted,Not Distracted,"Pedestrian, Pedalcyclist Or Other Non-Motorist"
1039,Texas,7190001,719,1,Pedestrian/ Animal,Not Distracted,Not Distracted,Not Reported
1040,Texas,7200001,720,1,Pedestrian/ Animal,"Inattention (Inattentive), Details Unknown","Inattention (Inattentive), Details Unknown",Not Reported
1041,Texas,7210001,721,1,Lateral Move (Left/Right),"Inattention (Inattentive), Details Unknown","Inattention (Inattentive), Details Unknown",Not Reported
1042,Texas,7210002,721,2,Lateral Move (Going Straight),Not Distracted,Not Distracted,Not Reported
1043,Texas,7220001,722,1,Lateral Move (Left/Right),Not Distracted,Not Distracted,Not Reported
1044,Texas,7220002,722,2,Lateral Move (Going Straight),Not Distracted,Not Distracted,Not Reported
1045,Texas,7230001,723,1,Pedestrian/ Animal,Not Distracted,Not Distracted,Not Reported
1046,Texas,7240001,724,1,Control/Traction Loss,Not Distracted,Not Distracted,Not Reported
1047,Texas,7250001,725,1,Slower,Not Distracted,Not Distracted,Not Reported
1048,Texas,7250002,725,2,"Slower, Going Straight",Not Distracted,Not Distracted,Not Reported
1049,Texas,7250003,725,3,Other Crash Type,Not Distracted,Not Distracted,Not Reported
1050,Texas,7250004,725,4,Other Crash Type,Not Distracted,Not Distracted,Not Reported
1051,Texas,7250005,725,5,Other Crash Type,Not Distracted,Not Distracted,Not Reported
1052,Texas,7260001,726,1,Drive Off Road,Not Distracted,Not Distracted,Not Reported
1053,Texas,7270001,727,1,Control/Traction Loss,Not Distracted,Not Distracted,Motor Vehicle
1054,Texas,7280001,728,1,Lateral Move (Left/Right),Not Distracted,Not Distracted,Not Reported
1055,Texas,7280002,728,2,Lateral Move (Going Straight),Not Distracted,Not Distracted,Not Reported
1056,Texas,7290001,729,1,Specifics Unknown,Not Distracted,Not Distracted,Not Reported
1057,Texas,7290002,729,2,Specifics Unknown,Not Distracted,Not Distracted,Not Reported
1058,Texas,7300001,730,1,Other Crash Type,Not Distracted,Not Distracted,Not Reported
1059,Texas,7300002,730,2,Other Crash Type,Other Cellular Phone Related,Other Cellular Phone Related,Not Reported
1060,Texas,7310001,731,1,Pedestrian/ Animal,Not Distracted,Not Distracted,Not Reported
1061,Texas,7310002,731,2,Other Crash Type,Not Distracted,Not Distracted,Not Reported
1062,Texas,7310003,731,3,Other Crash Type,Not Distracted,Not Distracted,Not Reported
1063,Texas,7320001,732,1,"Stopped, Straight",Not Distracted,Not Distracted,Driver Did Not Maneuver To Avoid
1064,Texas,7320002,732,2,Stopped,Not Distracted,Not Distracted,Not Reported
1065,Texas,7330001,733,1,Decelerating (Slowing),Not Distracted,Not Distracted,Not Reported
1066,Texas,7330002,733,2,"Decelerating (Slowing), Going Straight",Not Distracted,Not Distracted,Phantom/Non-Contact Motor Vehicle
1067,Texas,7340001,734,1,Pedestrian/ Animal,Not Distracted,Not Distracted,Not Reported
1068,Texas,7350001,735,1,Control/Traction Loss,Not Distracted,Not Distracted,Not Reported
1069,Texas,7360001,736,1,Pedestrian/ Animal,Not Distracted,Not Distracted,Not Reported
1070,Texas,7370001,737,1,Specifics Other,Not Distracted,Not Distracted,Not Reported
1071,Texas,7370002,737,2,Specifics Other,Not Distracted,Not Distracted,Not Reported
1072,Texas,7370003,737,3,Other Crash Type,Not Distracted,Not Distracted,Not Reported
1073,Texas,7380001,738,1,Other Crash Type,Not Distracted,Not Distracted,Driver Did Not Maneuver To Avoid
1074,Texas,7380002,738,2,Other Crash Type,Not Distracted,Not Distracted,Not Reported
1075,Texas,7390001,739,1,Lateral Move (Left/Right),Not Distracted,Not Distracted,Not Reported
1076,Texas,7390002,739,2,Lateral Move (Going Straight),Not Distracted,Not Distracted,Not Reported
1077,Texas,7400001,740,1,Initial Opposite Directions (Left/Right),Not Distracted,Not Distracted,Not Reported
1078,Texas,7400002,740,2,Initial Opposite Directions (Going Straight),Not Distracted,Not Distracted,Driver Did Not Maneuver To Avoid
1079,Texas,7410001,741,1,Parked Veh.,Not Distracted,Not Distracted,Not Reported
1080,Texas,7420001,742,1,Drive Off Road,Not Distracted,Not Distracted,Not Reported
1081,Texas,7430001,743,1,Drive Off Road,Not Distracted,Not Distracted,Not Reported
1082,Texas,7440001,744,1,Specifics Other,"Inattention (Inattentive), Details Unknown","Inattention (Inattentive), Details Unknown",Driver Did Not Maneuver To Avoid
1083,Texas,7440002,744,2,Specifics Other,Not Distracted,Not Distracted,Driver Did Not Maneuver To Avoid
1084,Texas,7450001,745,1,Lateral Move (Left/Right),Not Distracted,Not Distracted,Not Reported
1085,Texas,7450002,745,2,Lateral Move (Going Straight),Not Distracted,Not Distracted,Not Reported
1086,Texas,7460001,746,1,Control/Traction Loss,Not Distracted,Not Distracted,Not Reported
1087,Texas,7470001,747,1,No Impact,Not Distracted,Not Distracted,Not Reported
1088,Texas,7480001,748,1,Pedestrian/ Animal,Not Distracted,Not Distracted,Phantom/Non-Contact Motor Vehicle
1089,Texas,7490001,749,1,Pedestrian/ Animal,Not Distracted,Not Distracted,Not Reported
1090,Texas,7500001,750,1,Lateral Move (Left/Right),Not Distracted,Not Distracted,Not Reported
1091,Texas,7500002,750,2,Lateral Move (Going Straight),Not Distracted,Not Distracted,Not Reported
1092,Texas,7510001,751,1,Turn Into Opposite Directions (Going Straight),Not Distracted,Not Distracted,Not Reported
1093,Texas,7510002,751,2,Turn Into Opposite Directions (Turning Left),Not Distracted,Not Distracted,Not Reported
1094,Texas,7520001,752,1,Drive Off Road,Not Distracted,Not Distracted,Not Reported
1095,Texas,7530001,753,1,Initial Opposite Directions (Going Straight),Not Distracted,Not Distracted,Not Reported
1096,Texas,7530002,753,2,Initial Opposite Directions (Left/Right),Not Distracted,Not Distracted,Not Reported
1097,Texas,7540001,754,1,Drive Off Road,Not Distracted,Not Distracted,Not Reported
1098,Texas,7540002,754,2,Other Crash Type,Not Distracted,Not Distracted,Not Reported
1099,Texas,7540003,754,3,Other Crash Type,Not Distracted,Not Distracted,Not Reported
1100,Texas,7550001,755,1,Lateral Move (Left/Right),Not Distracted,Not Distracted,Not Reported
1101,Texas,7550002,755,2,Lateral Move (Going Straight),Not Distracted,Not Distracted,Not Reported
1102,Texas,7560001,756,1,Specifics Other,Not Distracted,Not Distracted,Not Reported
1103,Texas,7570001,757,1,Control/Traction Loss,Not Distracted,Not Distracted,Not Reported
1104,Texas,7580001,758,1,Control/Traction Loss,Not Distracted,Not Distracted,Not Reported
1105,Texas,7590001,759,1,Control/Traction Loss,Not Distracted,Not Distracted,Not Reported
1106,Texas,7600001,760,1,Initial Opposite Directions (Left/Right),Not Distracted,Not Distracted,Not Reported
1107,Texas,7600002,760,2,Initial Opposite Directions (Going Straight),Not Distracted,Not Distracted,Not Reported
1108,Texas,7600003,760,3,Other Crash Type,Not Distracted,Not Distracted,Driver Did Not Maneuver To Avoid
1109,Texas,7620001,762,1,Drive Off Road,Not Distracted,Not Distracted,Not Reported
1110,Texas,7630001,763,1,Control/Traction Loss,Not Distracted,Not Distracted,Not Reported
1111,Texas,7630002,763,2,Other Crash Type,Not Distracted,Not Distracted,Not Reported
1112,Texas,7640001,764,1,Other Crash Type,Not Distracted,Not Distracted,Not Reported
1113,Texas,7640002,764,2,Other Crash Type,No Driver Present/Unknown If Driver Present,No Driver Present/Unknown If Driver Present,No Driver Present/Unknown If Driver Present
1114,Texas,7640003,764,3,Pedestrian/ Animal,Not Distracted,Not Distracted,Not Reported
1115,Texas,7650001,765,1,Striking From The Left,Not Distracted,Not Distracted,Not Reported
1116,Texas,7650002,765,2,Struck On The Left,Not Distracted,Not Distracted,Motor Vehicle
1117,Texas,7660001,766,1,Pedestrian/ Animal,Not Distracted,Not Distracted,Not Reported
1118,Texas,7670001,767,1,Lateral Move (Going Straight),Not Distracted,Not Distracted,Not Reported
1119,Texas,7670002,767,2,Lateral Move (Left/Right),Not Distracted,Not Distracted,Not Reported
1120,Texas,7680001,768,1,Control/Traction Loss,Not Distracted,Not Distracted,Not Reported
1121,Texas,7690001,769,1,Lateral Move (Left/Right),Not Distracted,Not Distracted,Not Reported
1122,Texas,7690002,769,2,Lateral Move (Going Straight),Not Distracted,Not Distracted,Not Reported
1123,Texas,7700001,770,1,Stopped,Not Distracted,Not Distracted,Not Reported
1124,Texas,7700002,770,2,"Stopped, Left",Not Distracted,Not Distracted,Driver Did Not Maneuver To Avoid
1125,Texas,7710001,771,1,Drive Off Road,Not Distracted,Not Distracted,Not Reported
1126,Texas,7720001,772,1,Pedestrian/ Animal,Not Distracted,Not Distracted,Driver Did Not Maneuver To Avoid
1127,Texas,7730001,773,1,Other Crash Type,Not Distracted,Not Distracted,Phantom/Non-Contact Motor Vehicle
1128,Texas,7740001,774,1,Pedestrian/ Animal,Not Distracted,Not Distracted,Not Reported
1129,Texas,7750001,775,1,Control/Traction Loss,Other Cellular Phone Related,Other Cellular Phone Related,Not Reported
1130,Texas,7760001,776,1,Drive Off Road,Not Distracted,Not Distracted,Not Reported
1131,Texas,7770001,777,1,Initial Opposite Directions (Left/Right),Not Distracted,Not Distracted,Not Reported
1132,Texas,7770002,777,2,Initial Opposite Directions (Going Straight),Not Distracted,Not Distracted,Motor Vehicle
1133,Texas,7780001,778,1,Pedestrian/ Animal,Not Distracted,Not Distracted,Not Reported
1134,Texas,7790001,779,1,Pedestrian/ Animal,Not Distracted,Not Distracted,Not Reported
1135,Texas,7800001,780,1,Drive Off Road,Not Distracted,Not Distracted,Not Reported
1136,Texas,7810001,781,1,Control/Traction Loss,Not Distracted,Not Distracted,Not Reported
1137,Texas,7820001,782,1,Striking From The Left,"Inattention (Inattentive), Details Unknown","Inattention (Inattentive), Details Unknown",Not Reported
1138,Texas,7820002,782,2,Struck On The Left,Not Distracted,Not Distracted,Not Reported
1139,Texas,7830001,783,1,Drive Off Road,Not Distracted,Not Distracted,Not Reported
1140,Texas,7840001,784,1,Pedestrian/ Animal,Not Distracted,Not Distracted,Not Reported
1141,Texas,7850001,785,1,Slower,Not Distracted,Not Distracted,Not Reported
1142,Texas,7850002,785,2,"Slower, Going Straight",Not Distracted,Not Distracted,Driver Did Not Maneuver To Avoid
1143,Texas,7860001,786,1,Specifics Other,Not Distracted,Not Distracted,Motor Vehicle
1144,Texas,7860002,786,2,Specifics Other,Not Distracted,Not Distracted,Not Reported
1145,Texas,7870001,787,1,Control/Traction Loss,Not Distracted,Not Distracted,Phantom/Non-Contact Motor Vehicle