,State Name,ID,CaseNo,VehicleNo,CrashType,First Distraction,Second Distraction,Driver Action
1707,Texas,11540001,1154,1,Pedestrian/ Animal,Not Distracted,Not Distracted,Not Reported
1708,Texas,11550001,1155,1,Drive Off Road,Not Distracted,Not Distracted,Not Reported
1709,Texas,11560001,1156,1,Other Crash Type,Not Distracted,Not Distracted,Not Reported
1710,Texas,11570001,1157,1,Lateral Move (Left/Right),Not Distracted,Not Distracted,Not Reported
1711,Texas,11570002,1157,2,Lateral Move (Going Straight),Not Distracted,Not Distracted,Not Reported
1712,Texas,11580001,1158,1,Parked Veh.,Not Distracted,Not Distracted,Not Reported
1713,Texas,11590001,1159,1,Specifics Unknown,Not Distracted,Not Distracted,Not Reported
1714,Texas,11590002,1159,2,Specifics Unknown,Not Distracted,Not Distracted,Not Reported
1715,Texas,11590003,1159,3,Other Crash Type,Not Distracted,Not Distracted,Not Reported
1716,Texas,11600001,1160,1,Other Crash Type,Not Distracted,Not Distracted,Not Reported
1717,Texas,11610001,1161,1,Drive Off Road,Not Distracted,Not Distracted,Not Reported
1718,Texas,11620001,1162,1,Slower,Not Distracted,Not Distracted,Not Reported
1719,Texas,11620002,1162,2,"Slower, Going Straight",Not Distracted,Not Distracted,Not Reported
1720,Texas,11630001,1163,1,Specifics Other,Not Distracted,Not Distracted,Not Reported
1721,Texas,11630002,1163,2,Specifics Other,No Driver Present/Unknown If Driver Present,No Driver Present/Unknown If Driver Present,No Driver Present/Unknown If Driver Present
1722,Texas,11640001,1164,1,Lateral Move (Left/Right),Not Distracted,Not Distracted,Not Reported
1723,Texas,11640002,1164,2,Lateral Move (Going Straight),Not Distracted,Not Distracted,Not Reported
1724,Texas,11640003,1164,3,Other Crash Type,Not Distracted,Not Distracted,Not Reported
1725,Texas,11650001,1165,1,Drive Off Road,Not Distracted,Not Distracted,Not Reported
1726,Texas,11660001,1166,1,Pedestrian/ Animal,Not Distracted,Not Distracted,Not Reported
1727,Texas,11670001,1167,1,Lateral Move (Left/Right),Other Cellular Phone Related,Other Cellular Phone Related,Not Reported
1728,Texas,11670002,1167,2,Lateral Move (Going Straight),Not Distracted,Not Distracted,Not Reported
1729,Texas,11680001,1168,1,Pedestrian/ Animal,By Other Occupant(s),By Other Occupant(s),Not Reported
1730,Texas,11690001,1169,1,Pedestrian/ Animal,Not Distracted,Not Distracted,Not Reported
1731,Texas,11690002,1169,2,Other Crash Type,"Inattention (Inattentive), Details Unknown","Inattention (Inattentive), Details Unknown",Not Reported
1732,Texas,11700001,1170,1,Initial Opposite Directions (Left/Right),Not Distracted,Not Distracted,Not Reported
1733,Texas,11700002,1170,2,Initial Opposite Directions (Going Straight),Not Distracted,Not Distracted,Not Reported
1734,Texas,11710001,1171,1,Pedestrian/ Animal,Not Distracted,Not Distracted,"Pedestrian, Pedalcyclist Or Other Non-Motorist"
1735,Texas,11720001,1172,1,Specifics Other,Not Distracted,Not Distracted,Not Reported
1736,Texas,11720002,1172,2,Specifics Other,Not Distracted,Not Distracted,Not Reported
1737,Texas,11730001,1173,1,Pedestrian/ Animal,Unknown If Distracted,Unknown If Distracted,Unknown
1738,Texas,11740001,1174,1,Control/Traction Loss,Not Distracted,Not Distracted,Not Reported
1739,Texas,11750001,1175,1,Drive Off Road,"Inattention (Inattentive), Details Unknown","Inattention (Inattentive), Details Unknown",Not Reported
1740,Texas,11760001,1176,1,Specifics Other,Not Distracted,Not Distracted,Not Reported
1741,Texas,11770001,1177,1,Drive Off Road,Not Distracted,Not Distracted,Not Reported
1742,Texas,11780001,1178,1,Struck On The Left,Not Distracted,Not Distracted,Not Reported
1743,Texas,11780002,1178,2,Striking From The Left,Not Distracted,Not Distracted,Not Reported
1744,Texas,11790001,1179,1,Pedestrian/ Animal,Not Distracted,Not Distracted,Not Reported
1745,Texas,11800001,1180,1,Specifics Other,Not Distracted,Not Distracted,Not Reported
1746,Texas,11800002,1180,2,Specifics Other,Not Distracted,Not Distracted,Motor Vehicle
1747,Texas,11810001,1181,1,Pedestrian/ Animal,Eating Or Drinking,Eating Or Drinking,Not Reported
1748,Texas,11820001,1182,1,Pedestrian/ Animal,Not Distracted,Not Distracted,Not Reported
1749,Texas,11830001,1183,1,Specifics Other,Not Distracted,Not Distracted,Driver Did Not Maneuver To Avoid
1750,Texas,11830002,1183,2,Specifics Other,Not Distracted,Not Distracted,Not Reported
1751,Texas,11840001,1184,1,Lateral Move (Left/Right),Not Distracted,Not Distracted,Not Reported
1752,Texas,11840002,1184,2,Other Crash Type,Not Distracted,Not Distracted,Not Reported
1753,Texas,11840003,1184,3,Lateral Move (Going Straight),Not Distracted,Not Distracted,Not Reported
1754,Texas,11840004,1184,4,Other Crash Type,Not Distracted,Not Distracted,Not Reported
1755,Texas,11850001,1185,1,Other Crash Type,Not Distracted,Not Distracted,Not Reported
1756,Texas,11860001,1186,1,Turn Into Opposite Directions (Going Straight),While Manipulating Cellular Phone,While Manipulating Cellular Phone,Not Reported
1757,Texas,11860002,1186,2,Turn Into Opposite Directions (Turning Left),Not Distracted,Not Distracted,Not Reported
1758,Texas,11870001,1187,1,Pedestrian/ Animal,"Distraction (Distracted), Details Unknown","Distraction (Distracted), Details Unknown",Not Reported
1759,Texas,11880001,1188,1,Drive Off Road,Not Distracted,Not Distracted,Not Reported
1760,Texas,11890001,1189,1,Drive Off Road,Not Distracted,Not Distracted,Not Reported
1761,Texas,11900001,1190,1,Drive Off Road,Not Distracted,Not Distracted,Driver Did Not Maneuver To Avoid
1762,Texas,11910001,1191,1,Slower,While Manipulating Cellular Phone,While Manipulating Cellular Phone,Not Reported
1763,Texas,11910002,1191,2,"Slower, Going Straight",Not Distracted,Not Distracted,Not Reported
1764,Texas,11920001,1192,1,Specifics Other,Not Distracted,Not Distracted,Not Reported
1765,Texas,11920002,1192,2,Specifics Other,Not Distracted,Not Distracted,Not Reported
1766,Texas,11930001,1193,1,No Impact,Not Distracted,Not Distracted,Not Reported
1767,Texas,11940001,1194,1,Other Crash Type,Not Distracted,Not Distracted,Not Reported
1768,Texas,11940002,1194,2,Other Crash Type,Not Distracted,Not Distracted,Not Reported
1769,Texas,11940003,1194,3,Other Crash Type,Not Distracted,Not Distracted,Not Reported
1770,Texas,11950001,1195,1,Pedestrian/ Animal,Not Distracted,Not Distracted,Not Reported
1771,Texas,11960001,1196,1,Drive Off Road,Not Distracted,Not Distracted,Not Reported
1772,Texas,11970001,1197,1,Control/Traction Loss,Not Distracted,Not Distracted,Phantom/Non-Contact Motor Vehicle
1773,Texas,11980001,1198,1,Other Crash Type,Not Distracted,Not Distracted,Not Reported
1774,Texas,11990001,1199,1,Specifics Other,While Talking Or Listening To Cellular Phone,While Talking Or Listening To Cellular Phone,Driver Did Not Maneuver To Avoid
1775,Texas,11990002,1199,2,Specifics Other,Not Distracted,Not Distracted,Driver Did Not Maneuver To Avoid
1776,Texas,12000001,1200,1,Drive Off Road,Not Distracted,Not Distracted,Not Reported
1777,Texas,12010001,1201,1,Pedestrian/ Animal,Not Distracted,Not Distracted,Not Reported
1778,Texas,12020001,1202,1,Control/Traction Loss,Other Cellular Phone Related,Other Cellular Phone Related,Not Reported
1779,Texas,12020002,1202,2,Other Crash Type,Not Distracted,Not Distracted,Not Reported
1780,Texas,12030001,1203,1,Pedestrian/ Animal,Not Distracted,Not Distracted,Not Reported
1781,Texas,12040001,1204,1,Pedestrian/ Animal,Not Distracted,Not Distracted,Phantom/Non-Contact Motor Vehicle
1782,Texas,12050001,1205,1,Sta. Object,Not Distracted,Not Distracted,Not Reported
1783,Texas,12060001,1206,1,Control/Traction Loss,Not Distracted,Not Distracted,Not Reported
1784,Texas,12070001,1207,1,Backing Veh.,"Inattention (Inattentive), Details Unknown","Inattention (Inattentive), Details Unknown",Not Reported
1785,Texas,12080001,1208,1,Struck On The Right,Not Distracted,Not Distracted,Not Reported
1786,Texas,12080002,1208,2,Striking From The Right,Not Distracted,Not Distracted,Not Reported
1787,Texas,12090001,1209,1,Specifics Other,Not Distracted,Not Distracted,Phantom/Non-Contact Motor Vehicle
1788,Texas,12090002,1209,2,Specifics Other,Not Distracted,Not Distracted,Not Reported
1789,Texas,12100001,1210,1,Struck On The Left,Not Distracted,Not Distracted,Not Reported
1790,Texas,12100002,1210,2,Striking From The Left,Not Distracted,Not Distracted,Driver Did Not Maneuver To Avoid
1791,Texas,12110001,1211,1,Specifics Other,Not Distracted,Not Distracted,Motor Vehicle
1792,Texas,12110002,1211,2,Specifics Other,Not Distracted,Not Distracted,Not Reported
1793,Texas,12120001,1212,1,No Impact,Not Distracted,Not Distracted,Not Reported
1794,Texas,12130001,1213,1,Struck On The Left,Other Cellular Phone Related,Other Cellular Phone Related,Motor Vehicle
1795,Texas,12130002,1213,2,Striking From The Left,Not Distracted,Not Distracted,Motor Vehicle
1796,Texas,12140001,1214,1,Slower,Not Distracted,Not Distracted,Not Reported
1797,Texas,12140002,1214,2,"Slower, Going Straight",Not Distracted,Not Distracted,Not Reported
1798,Texas,12140003,1214,3,Other Crash Type,Not Distracted,Not Distracted,Motor Vehicle
1799,Texas,12150001,1215,1,Drive Off Road,Not Distracted,Not Distracted,Not Reported
1800,Texas,12160001,1216,1,Control/Traction Loss,Not Distracted,Not Distracted,Not Reported
1801,Texas,12170001,1217,1,Lateral Move (Left/Right),Not Distracted,Not Distracted,Not Reported
1802,Texas,12170002,1217,2,Lateral Move (Going Straight),Not Distracted,Not Distracted,Not Reported
1803,Texas,12180001,1218,1,Pedestrian/ Animal,Not Distracted,Not Distracted,Not Reported
1804,Texas,12190001,1219,1,Drive Off Road,Not Distracted,Not Distracted,Not Reported
1805,Texas,12200001,1220,1,Drive Off Road,Not Distracted,Not Distracted,Not Reported
1806,Texas,12210001,1221,1,Control/Traction Loss,Unknown If Distracted,Unknown If Distracted,Not Reported
1807,Texas,12210002,1221,2,Other Crash Type,Not Distracted,Not Distracted,Not Reported
1808,Texas,12220001,1222,1,Pedestrian/ Animal,Not Distracted,Not Distracted,Not Reported
1809,Texas,12230001,1223,1,Pedestrian/ Animal,Unknown If Distracted,Unknown If Distracted,Unknown
1810,Texas,12240001,1224,1,Control/Traction Loss,By A Moving Object In Vehicle,While Talking Or Listening To Cellular Phone,Not Reported
1811,Texas,12250001,1225,1,Pedestrian/ Animal,Not Distracted,Not Distracted,Driver Did Not Maneuver To Avoid
1812,Texas,12260001,1226,1,Control/Traction Loss,Not Distracted,Not Distracted,Phantom/Non-Contact Motor Vehicle
1813,Texas,12270001,1227,1,Sta. Object,Eating Or Drinking,Eating Or Drinking,Not Reported
1814,Texas,12280001,1228,1,Drive Off Road,Not Distracted,Not Distracted,Not Reported
1815,Texas,12290001,1229,1,Other Crash Type,Not Distracted,Not Distracted,Not Reported
1816,Texas,12300001,1230,1,Drive Off Road,Not Distracted,Not Distracted,Not Reported
1817,Texas,12310001,1231,1,Specifics Other,Not Distracted,Not Distracted,Not Reported
1818,Texas,12320001,1232,1,Drive Off Road,Not Distracted,Not Distracted,Not Reported
1819,Texas,12330001,1233,1,Striking From The Right,Not Distracted,Not Distracted,Not Reported
1820,Texas,12330002,1233,2,Struck On The Right,Not Distracted,Not Distracted,Not Reported
1821,Texas,12340001,1234,1,Other Crash Type,Not Distracted,Not Distracted,Phantom/Non-Contact Motor Vehicle
1822,Texas,12340002,1234,2,Other Crash Type,Not Distracted,Not Distracted,Not Reported
1823,Texas,12340003,1234,3,Specifics Other,Not Distracted,Not Distracted,Not Reported
1824,Texas,12340004,1234,4,Specifics Other,Not Distracted,Not Distracted,Phantom/Non-Contact Motor Vehicle
1825,Texas,12350001,1235,1,Turn Into Opposite Directions (Going Straight),Not Distracted,Not Distracted,Not Reported
1826,Texas,12350002,1235,2,Turn Into Opposite Directions (Turning Left),Not Distracted,Not Distracted,Not Reported
1827,Texas,12360001,1236,1,Pedestrian/ Animal,Not Distracted,Not Distracted,Not Reported
1828,Texas,12370001,1237,1,Lateral Move (Left/Right),Not Distracted,Not Distracted,Not Reported
1829,Texas,12370002,1237,2,Lateral Move (Going Straight),Not Distracted,Not Distracted,Not Reported
1830,Texas,12380001,1238,1,Other Crash Type,Not Distracted,Not Distracted,Not Reported
1831,Texas,12380002,1238,2,Other Crash Type,Not Distracted,Not Distracted,Not Reported
1832,Texas,12390001,1239,1,Drive Off Road,Not Distracted,Not Distracted,Not Reported
1833,Texas,12400001,1240,1,Turn Into Opposite Directions (Turning Left),Not Distracted,Not Distracted,Not Reported
1834,Texas,12400002,1240,2,Turn Into Opposite Directions (Going Straight),Not Distracted,Not Distracted,Not Reported
1835,Texas,12410001,1241,1,Drive Off Road,Not Distracted,Not Distracted,Not Reported
1836,Texas,12420001,1242,1,Turn Into Opposite Directions (Going Straight),Not Distracted,Not Distracted,Not Reported
1837,Texas,12420002,1242,2,Turn Into Opposite Directions (Turning Left),Not Distracted,Not Distracted,Not Reported
1838,Texas,12420003,1242,3,Other Crash Type,Not Distracted,Not Distracted,Driver Did Not Maneuver To Avoid
1839,Texas,12430001,1243,1,Lateral Move (Left/Right),Not Distracted,Not Distracted,Not Reported
1840,Texas,12430002,1243,2,Lateral Move (Going Straight),Not Distracted,Not Distracted,Not Reported
1841,Texas,12440001,1244,1,Other Crash Type,Not Distracted,Not Distracted,Not Reported
1842,Texas,12450001,1245,1,Control/Traction Loss,Not Distracted,Not Distracted,Not Reported
1843,Texas,12460001,1246,1,Drive Off Road,Not Distracted,Not Distracted,Not Reported
1844,Texas,12470001,1247,1,Pedestrian/ Animal,Not Distracted,Not Distracted,Not Reported
1845,Texas,12480001,1248,1,Specifics Other,Not Distracted,Not Distracted,Not Reported
1846,Texas,12480002,1248,2,Specifics Other,No Driver Present/Unknown If Driver Present,No Driver Present/Unknown If Driver Present,No Driver Present/Unknown If Driver Present
1847,Texas,12480003,1248,3,Other Crash Type,No Driver Present/Unknown If Driver Present,No Driver Present/Unknown If Driver Present,No Driver Present/Unknown If Driver Present
1848,Texas,12490001,1249,1,Striking From The Right,Not Distracted,Not Distracted,Not Reported
1849,Texas,12490002,1249,2,Struck On The Right,Not Distracted,Not Distracted,Not Reported
1850,Texas,12500001,1250,1,Slower,Not Distracted,Not Distracted,Not Reported
1851,Texas,12500002,1250,2,"Slower, Going Straight",Not Distracted,Not Distracted,Not Reported
1852,Texas,12510001,1251,1,Drive Off Road,Not Distracted,Not Distracted,Not Reported
1853,Texas,12520001,1252,1,Slower,Distraction/Inattention,Distraction/Inattention,Driver Did Not Maneuver To Avoid
1854,Texas,12520002,1252,2,"Slower, Going Straight",Not Distracted,Not Distracted,Not Reported
1855,Texas,12530001,1253,1,Control/Traction Loss,Not Distracted,Not Distracted,Not Reported
1856,Texas,12530002,1253,2,Other Crash Type,Not Distracted,Not Distracted,Motor Vehicle
1857,Texas,12540001,1254,1,Pedestrian/ Animal,Unknown If Distracted,Unknown If Distracted,Unknown
1858,Texas,12550001,1255,1,Pedestrian/ Animal,Not Distracted,Not Distracted,Not Reported
1859,Texas,12560001,1256,1,Initial Opposite Directions (Left/Right),Not Distracted,Not Distracted,Not Reported
1860,Texas,12560002,1256,2,Initial Opposite Directions (Going Straight),Not Distracted,Not Distracted,Not Reported
1861,Texas,12570001,1257,1,Pedestrian/ Animal,Not Distracted,Not Distracted,Driver Did Not Maneuver To Avoid
1862,Texas,12570002,1257,2,Other Crash Type,No Driver Present/Unknown If Driver Present,No Driver Present/Unknown If Driver Present,No Driver Present/Unknown If Driver Present
1863,Texas,12580001,1258,1,Pedestrian/ Animal,Not Distracted,Not Distracted,Not Reported
1864,Texas,12590001,1259,1,Other Crash Type,Not Distracted,Not Distracted,Not Reported
1865,Texas,12590002,1259,2,Other Crash Type,Not Distracted,Not Distracted,Not Reported
1866,Texas,12600001,1260,1,Lateral Move (Left/Right),Not Distracted,Not Distracted,Not Reported
1867,Texas,12600002,1260,2,Lateral Move (Going Straight),Not Distracted,Not Distracted,Not Reported
1868,Texas,12610001,1261,1,Changing Lanes To The Left,Not Distracted,Not Distracted,Phantom/Non-Contact Motor Vehicle
1869,Texas,12610002,1261,2,Straight Ahead On Left/Right,Not Distracted,Not Distracted,Not Reported
1870,Texas,12620001,1262,1,Drive Off Road,Not Distracted,Not Distracted,Not Reported
1871,Texas,12630001,1263,1,Pedestrian/ Animal,Not Distracted,Not Distracted,Not Reported
1872,Texas,12630002,1263,2,Other Crash Type,Not Distracted,Not Distracted,Driver Did Not Maneuver To Avoid
1873,Texas,12640001,1264,1,Striking From The Left,Not Distracted,Not Distracted,Not Reported
1874,Texas,12640002,1264,2,Struck On The Left,Not Distracted,Not Distracted,Not Reported
1875,Texas,12650001,1265,1,Initial Opposite Directions (Going Straight),Not Distracted,Not Distracted,Not Reported
1876,Texas,12650002,1265,2,Initial Opposite Directions (Left/Right),Not Distracted,Not Distracted,Not Reported
1877,Texas,12660001,1266,1,Lateral Move (Left/Right),Not Distracted,Not Distracted,Not Reported
1878,Texas,12660002,1266,2,Lateral Move (Going Straight),Not Distracted,Not Distracted,Motor Vehicle
1879,Texas,12670001,1267,1,Parked Veh.,Not Distracted,Not Distracted,Not Reported
1880,Texas,12680001,1268,1,Slower,Not Distracted,Not Distracted,Not Reported
1881,Texas,12680002,1268,2,"Slower, Going Straight",Not Distracted,Not Distracted,Not Reported
1882,Texas,12690001,1269,1,Turn Into Opposite Directions (Going Straight),Not Distracted,Not Distracted,Not Reported
1883,Texas,12690002,1269,2,Turn Into Opposite Directions (Turning Left),Not Distracted,Not Distracted,Not Reported
1884,Texas,12690003,1269,3,Other Crash Type,Not Distracted,Not Distracted,Driver Did Not Maneuver To Avoid
1885,Texas,12700001,1270,1,Drive Off Road,Not Distracted,Not Distracted,Not Reported
1886,Texas,12710001,1271,1,Stopped,"Inattention (Inattentive), Details Unknown","Inattention (Inattentive), Details Unknown",Not Reported
1887,Texas,12710002,1271,2,"Stopped, Straight",Not Distracted,Not Distracted,Driver Did Not Maneuver To Avoid
1888,Texas,12710003,1271,3,Other Crash Type,Not Distracted,Not Distracted,Not Reported
1889,Texas,12720001,1272,1,Specifics Other,Not Distracted,Not Distracted,Not Reported
1890,Texas,12720002,1272,2,Specifics Other,Not Distracted,Not Distracted,Not Reported
1891,Texas,12730001,1273,1,Pedestrian/ Animal,Not Distracted,Not Distracted,Not Reported
1892,Texas,12740001,1274,1,Pedestrian/ Animal,Not Distracted,Not Distracted,Not Reported
1893,Texas,12750001,1275,1,Control/Traction Loss,Not Distracted,Not Distracted,Not Reported
1894,Texas,12760001,1276,1,Slower,Not Distracted,Not Distracted,Not Reported
1895,Texas,12760002,1276,2,"Slower, Going Straight",Not Distracted,Not Distracted,Not Reported
1896,Texas,12770001,1277,1,Specifics Other,Not Distracted,Not Distracted,Not Reported
1897,Texas,12770002,1277,2,Specifics Other,Not Distracted,Not Distracted,Not Reported
1898,Texas,12780001,1278,1,Stopped,"Distraction (Distracted), Details Unknown","Distraction (Distracted), Details Unknown",Not Reported
1899,Texas,12780002,1278,2,"Stopped, Straight",Not Distracted,Not Distracted,Driver Did Not Maneuver To Avoid
1900,Texas,12780003,1278,3,Other Crash Type,Not Distracted,Not Distracted,Driver Did Not Maneuver To Avoid
1901,Texas,12780004,1278,4,Other Crash Type,Not Distracted,Not Distracted,Driver Did Not Maneuver To Avoid
1902,Texas,12780005,1278,5,Other Crash Type,Not Distracted,Not Distracted,Driver Did Not Maneuver To Avoid
1903,Texas,12790001,1279,1,Lateral Move (Left/Right),Not Distracted,Not Distracted,Not Reported
1904,Texas,12790002,1279,2,Lateral Move (Going Straight),Not Distracted,Not Distracted,Not Reported
1905,Texas,12800001,1280,1,Control/Traction Loss,Not Distracted,Not Distracted,Not Reported
1906,Texas,12810001,1281,1,Striking From The Right,Not Distracted,Not Distracted,Not Reported
1907,Texas,12810002,1281,2,Struck On The Right,Not Distracted,Not Distracted,Not Reported
1908,Texas,12820001,1282,1,Initial Opposite Directions (Going Straight),Not Distracted,Not Distracted,Motor Vehicle
1909,Texas,12820002,1282,2,Initial Opposite Directions (Left/Right),Not Distracted,Not Distracted,Not Reported
1910,Texas,12830001,1283,1,Pedestrian/ Animal,Not Distracted,Not Distracted,Not Reported
1911,Texas,12840001,1284,1,Specifics Other,Not Distracted,Not Distracted,Not Reported
1912,Texas,12840002,1284,2,Specifics Other,Not Distracted,Not Distracted,Motor Vehicle
1913,Texas,12850001,1285,1,Struck On The Right,Not Distracted,Not Distracted,Not Reported
1914,Texas,12850002,1285,2,Striking From The Right,Not Distracted,Not Distracted,Not Reported
1915,Texas,12860001,1286,1,Pedestrian/ Animal,Unknown If Distracted,Unknown If Distracted,Unknown
1916,Texas,12870001,1287,1,Initial Opposite Directions (Left/Right),Not Distracted,Not Distracted,Not Reported
1917,Texas,12870002,1287,2,Initial Opposite Directions (Going Straight),Not Distracted,Not Distracted,Motor Vehicle
1918,Texas,12880001,1288,1,Lateral Move (Left/Right),Not Distracted,Not Distracted,Phantom/Non-Contact Motor Vehicle
1919,Texas,12880002,1288,2,Lateral Move (Going Straight),Not Distracted,Not Distracted,Not Reported
1920,Texas,12890001,1289,1,Control/Traction Loss,Not Distracted,Not Distracted,Not Reported
1921,Texas,12900001,1290,1,Specifics Other,Not Distracted,Not Distracted,Not Reported
1922,Texas,12900002,1290,2,Specifics Other,Not Distracted,Not Distracted,Motor Vehicle
1923,Texas,12910001,1291,1,Drive Off Road,Not Distracted,Not Distracted,Not Reported
1924,Texas,12920001,1292,1,Drive Off Road,Not Distracted,Not Distracted,Not Reported
1925,Texas,12920002,1292,2,Other Crash Type,Not Distracted,Not Distracted,Not Reported
1926,Texas,12930001,1293,1,Drive Off Road,Not Distracted,Not Distracted,Not Reported
1927,Texas,12940001,1294,1,Turn Into Opposite Directions (Turning Left),Not Distracted,Not Distracted,Not Reported
1928,Texas,12940002,1294,2,Turn Into Opposite Directions (Going Straight),Not Distracted,Not Distracted,Not Reported
1929,Texas,12950001,1295,1,Turn Into Opposite Directions (Turning Left),Not Distracted,Not Distracted,Not Reported
1930,Texas,12950002,1295,2,Turn Into Opposite Directions (Going Straight),"Inattention (Inattentive), Details Unknown","Inattention (Inattentive), Details Unknown",Not Reported
1931,Texas,12960001,1296,1,Specifics Other,Not Distracted,Not Distracted,Not Reported
1932,Texas,12960002,1296,2,Specifics Other,Not Distracted,Not Distracted,Not Reported
1933,Texas,12970001,1297,1,Drive Off Road,Not Distracted,Not Distracted,Not Reported
1934,Texas,12980001,1298,1,Pedestrian/ Animal,Not Distracted,Not Distracted,Not Reported
1935,Texas,12990001,1299,1,Specifics Other,Not Distracted,Not Distracted,Not Reported
1936,Texas,12990002,1299,2,Specifics Other,Not Distracted,Not Distracted,Not Reported
1937,Texas,12990003,1299,3,Other Crash Type,Not Distracted,Not Distracted,Not Reported
1938,Texas,12990004,1299,4,Other Crash Type,Not Distracted,Not Distracted,Not Reported
1939,Texas,13000001,1300,1,Lateral Move (Left/Right),Not Distracted,Not Distracted,Not Reported
1940,Texas,13000002,1300,2,Lateral Move (Going Straight),Not Distracted,Not Distracted,Not Reported
1941,Texas,13010001,1301,1,Stopped,Not Distracted,Not Distracted,Not Reported
1942,Texas,13010002,1301,2,"Stopped, Straight",Not Distracted,Not Distracted,Driver Did Not Maneuver To Avoid
1943,Texas,13020001,1302,1,Drive Off Road,Not Distracted,Not Distracted,Not Reported
1944,Texas,13030001,1303,1,Control/Traction Loss,Not Distracted,Not Distracted,Not Reported
1945,Texas,13040001,1304,1,Lateral Move (Left/Right),"Inattention (Inattentive), Details Unknown","Inattention (Inattentive), Details Unknown",Not Reported
1946,Texas,13040002,1304,2,Lateral Move (Going Straight),Not Distracted,Not Distracted,Motor Vehicle
1947,Texas,13050001,1305,1,Pedestrian/ Animal,Not Distracted,Not Distracted,Driver Did Not Maneuver To Avoid
1948,Texas,13060001,1306,1,Pedestrian/ Animal,Not Distracted,Not Distracted,Not Reported
1949,Texas,13070001,1307,1,Other Crash Type,Not Distracted,Not Distracted,Driver Did Not Maneuver To Avoid
1950,Texas,13070002,1307,2,"Stopped, Straight",Not Distracted,Not Distracted,Driver Did Not Maneuver To Avoid
1951,Texas,13070003,1307,3,Stopped,"Inattention (Inattentive), Details Unknown","Inattention (Inattentive), Details Unknown",Not Reported
1952,Texas,13080001,1308,1,Specifics Other,Not Distracted,Not Distracted,Not Reported
1953,Texas,13080002,1308,2,Specifics Other,Not Distracted,Not Distracted,Not Reported
1954,Texas,13090001,1309,1,Drive Off Road,Not Distracted,Not Distracted,Not Reported
1955,Texas,13100001,1310,1,Pedestrian/ Animal,Unknown If Distracted,Unknown If Distracted,Unknown
1956,Texas,13110001,1311,1,"Decelerating (Slowing), Going Right",Not Distracted,Not Distracted,Not Reported
1957,Texas,13110002,1311,2,Decelerating (Slowing),Eating Or Drinking,Eating Or Drinking,Not Reported
1958,Texas,13120001,1312,1,No Impact,Not Distracted,Not Distracted,Not Reported
1959,Texas,13120002,1312,2,Other Crash Type,Not Distracted,Not Distracted,Not Reported
1960,Texas,13130001,1313,1,Pedestrian/ Animal,Not Distracted,Not Distracted,Not Reported
1961,Texas,13140001,1314,1,Pedestrian/ Animal,Unknown If Distracted,Unknown If Distracted,Unknown
1962,Texas,13150001,1315,1,Control/Traction Loss,Not Distracted,Not Distracted,Not Reported
1963,Texas,13160001,1316,1,Other Crash Type,Not Distracted,Not Distracted,Object
1964,Texas,13170001,1317,1,Drive Off Road,Not Distracted,Not Distracted,Not Reported
1965,Texas,13180001,1318,1,Slower,Not Distracted,Not Distracted,Not Reported
1966,Texas,13180002,1318,2,"Slower, Going Straight",Not Distracted,Not Distracted,Not Reported
1967,Texas,13190001,1319,1,Striking From The Left,Not Distracted,Not Distracted,Not Reported
1968,Texas,13190002,1319,2,Struck On The Left,Not Distracted,Not Distracted,Not Reported
1969,Texas,13200001,1320,1,Drive Off Road,Not Distracted,Not Distracted,Not Reported
1970,Texas,13210001,1321,1,Control/Traction Loss,Not Distracted,Not Distracted,Not Reported
1971,Texas,13220001,1322,1,Control/Traction Loss,Not Distracted,Not Distracted,Not Reported
1972,Texas,13230001,1323,1,Other Crash Type,Not Distracted,Not Distracted,Not Reported
1973,Texas,13230002,1323,2,Other Crash Type,Not Distracted,Not Distracted,Not Reported
1974,Texas,13240001,1324,1,Drive Off Road,Not Distracted,Not Distracted,Not Reported
1975,Texas,13250001,1325,1,Struck On The Left,Not Distracted,Not Distracted,Not Reported
1976,Texas,13250002,1325,2,Striking From The Left,Not Distracted,Not Distracted,Not Reported
1977,Texas,13260001,1326,1,Control/Traction Loss,Not Distracted,Not Distracted,Not Reported
1978,Texas,13270001,1327,1,Pedestrian/ Animal,Not Distracted,Not Distracted,Not Reported
1979,Texas,13280001,1328,1,Changing Lanes To The Right,Not Distracted,Not Distracted,Not Reported
1980,Texas,13280002,1328,2,Other Crash Type,Not Distracted,Not Distracted,Not Reported
1981,Texas,13280003,1328,3,Straight Ahead On Left/Right,Not Distracted,Not Distracted,Not Reported
1982,Texas,13300001,1330,1,Lateral Move (Going Straight),Not Distracted,Not Distracted,Motor Vehicle
1983,Texas,13300002,1330,2,Lateral Move (Left/Right),Not Distracted,Not Distracted,Not Reported
1984,Texas,13310001,1331,1,Pedestrian/ Animal,Not Distracted,Not Distracted,Not Reported