,State Name,ID,CaseNo,VehicleNo,CrashType,First Distraction,Second Distraction,Driver Action
1985,Texas,13310002,1331,2,Other Crash Type,Not Distracted,Not Distracted,"Pedestrian, Pedalcyclist Or Other Non-Motorist"
1986,Texas,13320001,1332,1,Other Crash Type,Not Distracted,Not Distracted,Not Reported
1987,Texas,13330001,1333,1,Lateral Move (Left/Right),Not Distracted,Not Distracted,Not Reported
1988,Texas,13330002,1333,2,Lateral Move (Going Straight),Not Distracted,Not Distracted,Not Reported
1989,Texas,13340001,1334,1,Pedestrian/ Animal,Unknown If Distracted,Unknown If Distracted,Unknown
1990,Texas,13350001,1335,1,Pedestrian/ Animal,Not Distracted,Not Distracted,Not Reported
1991,Texas,13360001,1336,1,Other Crash Type,Not Distracted,Not Distracted,Motor Vehicle
1992,Texas,13360002,1336,2,Other Crash Type,Not Distracted,Not Distracted,Not Reported
1993,Texas,13370001,1337,1,Initial Opposite Directions (Going Straight),Not Distracted,Not Distracted,Not Reported
1994,Texas,13370002,1337,2,Initial Opposite Directions (Left/Right),Not Distracted,Not Distracted,Not Reported
1995,Texas,13380001,1338,1,Drive Off Road,Not Distracted,Not Distracted,Not Reported
1996,Texas,13390001,1339,1,Struck On The Right,Not Distracted,Not Distracted,Not Reported
1997,Texas,13390002,1339,2,Striking From The Right,Not Distracted,Not Distracted,Not Reported
1998,Texas,13400001,1340,1,Drive Off Road,Not Distracted,Not Distracted,Not Reported
1999,Texas,13410001,1341,1,Other Crash Type,Not Distracted,Not Distracted,Not Reported
2000,Texas,13420001,1342,1,Struck On The Left,Not Distracted,Not Distracted,Not Reported
2001,Texas,13420002,1342,2,Striking From The Left,Not Distracted,Not Distracted,Not Reported
2002,Texas,13420003,1342,3,Other Crash Type,Not Distracted,Not Distracted,Not Reported
2003,Texas,13430001,1343,1,Specifics Other,Not Distracted,Not Distracted,Not Reported
2004,Texas,13430002,1343,2,Specifics Other,Not Distracted,Not Distracted,Not Reported
2005,Texas,13440001,1344,1,Other Crash Type,"Inattention (Inattentive), Details Unknown","Inattention (Inattentive), Details Unknown",Not Reported
2006,Texas,13440002,1344,2,Other Crash Type,Not Distracted,Not Distracted,Motor Vehicle
2007,Texas,13460001,1346,1,"Stopped, Straight",Not Distracted,Not Distracted,Driver Did Not Maneuver To Avoid
2008,Texas,13460002,1346,2,Stopped,Not Distracted,Not Distracted,Not Reported
2009,Texas,13480001,1348,1,Stopped,Not Distracted,Not Distracted,Driver Did Not Maneuver To Avoid
2010,Texas,13480002,1348,2,"Stopped, Right",Not Distracted,Not Distracted,Driver Did Not Maneuver To Avoid
2011,Texas,13490001,1349,1,Pedestrian/ Animal,Not Distracted,Not Distracted,Not Reported
2012,Texas,13500001,1350,1,Drive Off Road,Not Distracted,Not Distracted,Not Reported
2013,Texas,13510001,1351,1,Pedestrian/ Animal,Not Distracted,Not Distracted,Not Reported
2014,Texas,13520001,1352,1,Pedestrian/ Animal,Unknown If Distracted,Unknown If Distracted,Unknown
2015,Texas,13530001,1353,1,Drive Off Road,Not Distracted,Not Distracted,Not Reported
2016,Texas,13540001,1354,1,Specifics Other,Not Distracted,Not Distracted,Not Reported
2017,Texas,13540002,1354,2,Specifics Other,Not Distracted,Not Distracted,Not Reported
2018,Texas,13550001,1355,1,Pedestrian/ Animal,Not Distracted,Not Distracted,Not Reported
2019,Texas,13560001,1356,1,Pedestrian/ Animal,Not Distracted,Not Distracted,Not Reported
2020,Texas,13570001,1357,1,Initial Opposite Directions (Going Straight),Not Distracted,Not Distracted,Not Reported
2021,Texas,13570002,1357,2,Initial Opposite Directions (Left/Right),Not Distracted,Not Distracted,Not Reported
2022,Texas,13580001,1358,1,Drive Off Road,Not Distracted,Not Distracted,Not Reported
2023,Texas,13590001,1359,1,Lateral Move (Left/Right),Not Distracted,Not Distracted,Not Reported
2024,Texas,13590002,1359,2,Lateral Move (Going Straight),Not Distracted,Not Distracted,Not Reported
2025,Texas,13600001,1360,1,Control/Traction Loss,Not Distracted,Not Distracted,Not Reported
2026,Texas,13610001,1361,1,Decelerating (Slowing),Other Cellular Phone Related,Other Cellular Phone Related,Driver Did Not Maneuver To Avoid
2027,Texas,13610002,1361,2,"Decelerating (Slowing), Going Straight",Not Distracted,Not Distracted,Not Reported
2028,Texas,13610003,1361,3,Other Crash Type,Not Distracted,Not Distracted,Not Reported
2029,Texas,13610004,1361,4,Other Crash Type,Not Distracted,Not Distracted,Not Reported
2030,Texas,13620001,1362,1,Sta. Object,Not Distracted,Not Distracted,Not Reported
2031,Texas,13630001,1363,1,Drive Off Road,Not Distracted,Not Distracted,Not Reported
2032,Texas,13640001,1364,1,"Avoid Collision With Veh., Ped., Anim.",Not Distracted,Not Distracted,Not Reported
2033,Texas,13650001,1365,1,End Departure,Not Distracted,Not Distracted,Not Reported
2034,Texas,13660001,1366,1,Pedestrian/ Animal,Not Distracted,Not Distracted,Not Reported
2035,Texas,13670001,1367,1,Turn Into Opposite Directions (Turning Left),Not Distracted,Not Distracted,Driver Did Not Maneuver To Avoid
2036,Texas,13670002,1367,2,Turn Into Opposite Directions (Going Straight),Not Distracted,Not Distracted,Not Reported
2037,Texas,13680001,1368,1,Drive Off Road,Not Distracted,Not Distracted,Not Reported
2038,Texas,13690001,1369,1,Control/Traction Loss,Not Distracted,Not Distracted,Not Reported
2039,Texas,13700001,1370,1,Specifics Other,Not Distracted,Not Distracted,Not Reported
2040,Texas,13700002,1370,2,Specifics Other,Not Distracted,Not Distracted,Not Reported
2041,Texas,13710001,1371,1,Control/Traction Loss,Not Distracted,Not Distracted,Not Reported
2042,Texas,13720001,1372,1,Specifics Other,Not Distracted,Not Distracted,Motor Vehicle
2043,Texas,13720002,1372,2,Specifics Other,Not Distracted,Not Distracted,Not Reported
2044,Texas,13730001,1373,1,Slower,Not Distracted,Not Distracted,Not Reported
2045,Texas,13730002,1373,2,"Slower, Going Straight",Not Distracted,Not Distracted,Driver Did Not Maneuver To Avoid
2046,Texas,13740001,1374,1,Pedestrian/ Animal,"Inattention (Inattentive), Details Unknown","Inattention (Inattentive), Details Unknown",Not Reported
2047,Texas,13760001,1376,1,Pedestrian/ Animal,Looked But Did Not See,Looked But Did Not See,Not Reported
2048,Texas,13780001,1378,1,Pedestrian/ Animal,Unknown If Distracted,Unknown If Distracted,Unknown
2049,Texas,13790001,1379,1,Drive Off Road,Not Distracted,Not Distracted,Phantom/Non-Contact Motor Vehicle
2050,Texas,13790002,1379,2,Other Crash Type,Not Distracted,Not Distracted,Not Reported
2051,Texas,13800001,1380,1,Control/Traction Loss,Not Distracted,Not Distracted,Not Reported
2052,Texas,13820001,1382,1,Pedestrian/ Animal,"Inattention (Inattentive), Details Unknown","Inattention (Inattentive), Details Unknown",Not Reported
2053,Texas,13840001,1384,1,Slower,Not Distracted,Not Distracted,Not Reported
2054,Texas,13840002,1384,2,"Slower, Going Straight",Not Distracted,Not Distracted,Driver Did Not Maneuver To Avoid
2055,Texas,13850001,1385,1,Unknown,Not Distracted,Not Distracted,Not Reported
2056,Texas,13850002,1385,2,Unknown,Not Distracted,Not Distracted,Not Reported
2057,Texas,13850003,1385,3,Other Crash Type,Not Distracted,Not Distracted,Not Reported
2058,Texas,13860001,1386,1,Striking From The Left,Not Distracted,Not Distracted,Not Reported
2059,Texas,13860002,1386,2,Struck On The Left,Not Distracted,Not Distracted,Not Reported
2060,Texas,13870001,1387,1,Specifics Other,Not Distracted,Not Distracted,Not Reported
2061,Texas,13870002,1387,2,Specifics Other,Not Distracted,Not Distracted,Motor Vehicle
2062,Texas,13880001,1388,1,Initial Opposite Directions (Left/Right),Not Distracted,Not Distracted,Not Reported
2063,Texas,13880002,1388,2,Initial Opposite Directions (Going Straight),Not Distracted,Not Distracted,Not Reported
2064,Texas,13900001,1390,1,Pedestrian/ Animal,Not Distracted,Not Distracted,Not Reported
2065,Texas,13910001,1391,1,Other Crash Type,Not Distracted,Not Distracted,Not Reported
2066,Texas,13910002,1391,2,Other Crash Type,Not Distracted,Not Distracted,Not Reported
2067,Texas,13920001,1392,1,Specifics Other,Not Distracted,Not Distracted,Motor Vehicle
2068,Texas,13920002,1392,2,Specifics Other,Not Distracted,Not Distracted,Motor Vehicle
2069,Texas,13930001,1393,1,Pedestrian/ Animal,Not Distracted,Not Distracted,Driver Did Not Maneuver To Avoid
2070,Texas,13930002,1393,2,Other Crash Type,Not Distracted,Not Distracted,Not Reported
2071,Texas,13940001,1394,1,Drive Off Road,Not Distracted,Not Distracted,Not Reported
2072,Texas,13940002,1394,2,Other Crash Type,Not Distracted,Not Distracted,Not Reported
2073,Texas,13950001,1395,1,Drive Off Road,Not Distracted,Not Distracted,Driver Did Not Maneuver To Avoid
2074,Texas,13960001,1396,1,Control/Traction Loss,Not Distracted,Not Distracted,Not Reported
2075,Texas,13970001,1397,1,Turn Into Opposite Directions (Turning Left),Not Distracted,Not Distracted,Not Reported
2076,Texas,13970002,1397,2,Turn Into Opposite Directions (Going Straight),Not Distracted,Not Distracted,Not Reported
2077,Texas,13980001,1398,1,Drive Off Road,Not Distracted,Not Distracted,Driver Did Not Maneuver To Avoid
2078,Texas,13990001,1399,1,Other Crash Type,Not Distracted,Not Distracted,Motor Vehicle
2079,Texas,13990002,1399,2,Other Crash Type,Not Distracted,Not Distracted,Not Reported
2080,Texas,14000001,1400,1,Struck On The Left,Not Distracted,Not Distracted,Not Reported
2081,Texas,14000002,1400,2,Striking From The Left,Not Distracted,Not Distracted,Not Reported
2082,Texas,14010001,1401,1,Specifics Other,Not Distracted,Not Distracted,Motor Vehicle
2083,Texas,14010002,1401,2,Other Crash Type,Not Distracted,Not Distracted,Driver Did Not Maneuver To Avoid
2084,Texas,14010003,1401,3,Other Crash Type,Not Distracted,Not Distracted,Motor Vehicle
2085,Texas,14010004,1401,4,Specifics Other,Not Distracted,Not Distracted,Not Reported
2086,Texas,14020001,1402,1,Changing Lanes To The Left,Not Distracted,Not Distracted,Phantom/Non-Contact Motor Vehicle
2087,Texas,14020002,1402,2,Straight Ahead On Left/Right,Not Distracted,Not Distracted,Not Reported
2088,Texas,14030001,1403,1,Other Crash Type,Not Distracted,Not Distracted,Not Reported
2089,Texas,14030002,1403,2,Other Crash Type,Not Distracted,Not Distracted,Not Reported
2090,Texas,14040001,1404,1,Lateral Move (Left/Right),Not Distracted,Not Distracted,Driver Did Not Maneuver To Avoid
2091,Texas,14040002,1404,2,Lateral Move (Going Straight),Not Distracted,Not Distracted,Motor Vehicle
2092,Texas,14050001,1405,1,Other Crash Type,Not Distracted,Not Distracted,Not Reported
2093,Texas,14050002,1405,2,Other Crash Type,Not Distracted,Not Distracted,Not Reported
2094,Texas,14070001,1407,1,Initial Opposite Directions (Left/Right),Not Distracted,Not Distracted,Not Reported
2095,Texas,14070002,1407,2,Initial Opposite Directions (Going Straight),Not Distracted,Not Distracted,Not Reported
2096,Texas,14080001,1408,1,Turn Into Opposite Directions (Turning Left),Not Distracted,Not Distracted,Not Reported
2097,Texas,14080002,1408,2,Turn Into Opposite Directions (Going Straight),Not Distracted,Not Distracted,Not Reported
2098,Texas,14080003,1408,3,Other Crash Type,Not Distracted,Not Distracted,Driver Did Not Maneuver To Avoid
2099,Texas,14090001,1409,1,Turn Into Opposite Directions (Turning Left),Not Distracted,Not Distracted,Not Reported
2100,Texas,14090002,1409,2,Turn Into Opposite Directions (Going Straight),Not Distracted,Not Distracted,Motor Vehicle
2101,Texas,14100001,1410,1,Pedestrian/ Animal,Not Distracted,Not Distracted,Not Reported
2102,Texas,14110001,1411,1,Pedestrian/ Animal,Unknown If Distracted,Unknown If Distracted,Unknown
2103,Texas,14120001,1412,1,Control/Traction Loss,Not Distracted,Not Distracted,Not Reported
2104,Texas,14130001,1413,1,Initial Opposite Directions (Going Straight),Not Distracted,Not Distracted,Not Reported
2105,Texas,14130002,1413,2,Initial Opposite Directions (Left/Right),Not Distracted,Not Distracted,Not Reported
2106,Texas,14140001,1414,1,Drive Off Road,Not Distracted,Not Distracted,Not Reported
2107,Texas,14150001,1415,1,Drive Off Road,Not Distracted,Not Distracted,Not Reported
2108,Texas,14160001,1416,1,Drive Off Road,Not Distracted,Not Distracted,Not Reported
2109,Texas,14170001,1417,1,Pedestrian/ Animal,Not Distracted,Not Distracted,Not Reported
2110,Texas,14180001,1418,1,Drive Off Road,Not Distracted,Not Distracted,Not Reported
2111,Texas,14190001,1419,1,Turn Into Opposite Directions (Turning Right),Not Distracted,Not Distracted,Not Reported
2112,Texas,14190002,1419,2,Turn Into Opposite Directions (Going Straight),Not Distracted,Not Distracted,Driver Did Not Maneuver To Avoid
2113,Texas,14200001,1420,1,"Decelerating (Slowing), Going Straight",Not Distracted,Not Distracted,Phantom/Non-Contact Motor Vehicle
2114,Texas,14200002,1420,2,Decelerating (Slowing),Not Distracted,Not Distracted,Not Reported
2115,Texas,14200003,1420,3,Other Crash Type,Not Distracted,Not Distracted,Driver Did Not Maneuver To Avoid
2116,Texas,14210001,1421,1,Drive Off Road,Not Distracted,Not Distracted,Not Reported
2117,Texas,14220001,1422,1,Pedestrian/ Animal,Not Distracted,Not Distracted,Not Reported
2118,Texas,14230001,1423,1,Pedestrian/ Animal,Not Distracted,Not Distracted,Not Reported
2119,Texas,14240001,1424,1,Pedestrian/ Animal,Not Distracted,Not Distracted,Not Reported
2120,Texas,14250001,1425,1,Specifics Other,Not Distracted,Not Distracted,Not Reported
2121,Texas,14250002,1425,2,Specifics Other,Not Distracted,Not Distracted,Not Reported
2122,Texas,14270001,1427,1,No Impact,Not Distracted,Not Distracted,Not Reported
2123,Texas,14280001,1428,1,Pedestrian/ Animal,Not Distracted,Not Distracted,Driver Did Not Maneuver To Avoid
2124,Texas,14290001,1429,1,Decelerating (Slowing),Not Distracted,Not Distracted,Not Reported
2125,Texas,14290002,1429,2,"Decelerating (Slowing), Going Left",Not Distracted,Not Distracted,Not Reported
2126,Texas,14290003,1429,3,Other Crash Type,Not Distracted,Not Distracted,Not Reported
2127,Texas,14300001,1430,1,Pedestrian/ Animal,Not Distracted,Not Distracted,Not Reported
2128,Texas,14310001,1431,1,Struck On The Left,"Inattention (Inattentive), Details Unknown","Inattention (Inattentive), Details Unknown",Not Reported
2129,Texas,14310002,1431,2,Striking From The Left,Not Distracted,Not Distracted,Not Reported
2130,Texas,14320001,1432,1,Specifics Other,Not Distracted,Not Distracted,Not Reported
2131,Texas,14320002,1432,2,Specifics Other,Not Distracted,Not Distracted,Not Reported
2132,Texas,14330001,1433,1,Control/Traction Loss,Not Distracted,Not Distracted,Not Reported
2133,Texas,14340001,1434,1,Initial Opposite Directions (Left/Right),Not Distracted,Not Distracted,Not Reported
2134,Texas,14340002,1434,2,Initial Opposite Directions (Going Straight),Not Distracted,Not Distracted,Not Reported
2135,Texas,14350001,1435,1,Pedestrian/ Animal,Looked But Did Not See,Looked But Did Not See,Driver Did Not Maneuver To Avoid
2136,Texas,14360001,1436,1,Drive Off Road,"Distraction (Distracted), Details Unknown","Distraction (Distracted), Details Unknown",Not Reported
2137,Texas,14370001,1437,1,Control/Traction Loss,Not Distracted,Not Distracted,Not Reported
2138,Texas,14380001,1438,1,Specifics Other,Not Distracted,Not Distracted,Not Reported
2139,Texas,14380002,1438,2,Specifics Other,Not Distracted,Not Distracted,Not Reported
2140,Texas,14390001,1439,1,Parked Veh.,Not Distracted,Not Distracted,Not Reported
2141,Texas,14400001,1440,1,Pedestrian/ Animal,Not Distracted,Not Distracted,Not Reported
2142,Texas,14410001,1441,1,Drive Off Road,Not Distracted,Not Distracted,Not Reported
2143,Texas,14420001,1442,1,Pedestrian/ Animal,Unknown If Distracted,Unknown If Distracted,Unknown
2144,Texas,14430001,1443,1,Lateral Move (Going Straight),Not Distracted,Not Distracted,Not Reported
2145,Texas,14430002,1443,2,Lateral Move (Left/Right),Not Distracted,Not Distracted,Not Reported
2146,Texas,14440001,1444,1,Other Crash Type,Not Distracted,Not Distracted,Driver Did Not Maneuver To Avoid
2147,Texas,14440002,1444,2,Other Crash Type,Not Distracted,Not Distracted,Motor Vehicle
2148,Texas,14450001,1445,1,Drive Off Road,Not Distracted,Not Distracted,Not Reported
2149,Texas,14460001,1446,1,Control/Traction Loss,Not Distracted,Not Distracted,Not Reported
2150,Texas,14470001,1447,1,Specifics Other,Not Distracted,Not Distracted,Not Reported
2151,Texas,14470002,1447,2,Specifics Other,Not Distracted,Not Distracted,Not Reported
2152,Texas,14480001,1448,1,Drive Off Road,Not Distracted,Not Distracted,Driver Did Not Maneuver To Avoid
2153,Texas,14490001,1449,1,Other Crash Type,Not Distracted,Not Distracted,Driver Did Not Maneuver To Avoid
2154,Texas,14490002,1449,2,Specifics Other,Not Distracted,Not Distracted,Not Reported
2155,Texas,14490003,1449,3,Specifics Other,Not Distracted,Not Distracted,Driver Did Not Maneuver To Avoid
2156,Texas,14500001,1450,1,Drive Off Road,Not Distracted,Not Distracted,Not Reported
2157,Texas,14510001,1451,1,Drive Off Road,Not Distracted,Not Distracted,Not Reported
2158,Texas,14510002,1451,2,Other Crash Type,Not Distracted,Not Distracted,Driver Did Not Maneuver To Avoid
2159,Texas,14520001,1452,1,Drive Off Road,Not Distracted,Not Distracted,Not Reported
2160,Texas,14530001,1453,1,Drive Off Road,Not Distracted,Not Distracted,Not Reported
2161,Texas,14530002,1453,2,Other Crash Type,Not Distracted,Not Distracted,Driver Did Not Maneuver To Avoid
2162,Texas,14540001,1454,1,Drive Off Road,Not Distracted,Not Distracted,Not Reported
2163,Texas,14550001,1455,1,Drive Off Road,Not Distracted,Not Distracted,Not Reported
2164,Texas,14560001,1456,1,Other Crash Type,Not Distracted,Not Distracted,Not Reported
2165,Texas,14570001,1457,1,Drive Off Road,Not Distracted,Not Distracted,Not Reported
2166,Texas,14580001,1458,1,Changing Lanes To The Right,Not Distracted,Not Distracted,Not Reported
2167,Texas,14580002,1458,2,Straight Ahead On Left/Right,Not Distracted,Not Distracted,Not Reported
2168,Texas,14580003,1458,3,Other Crash Type,Not Distracted,Not Distracted,Not Reported
2169,Texas,14580004,1458,4,Other Crash Type,Not Distracted,Not Distracted,Not Reported
2170,Texas,14580005,1458,5,Other Crash Type,Not Distracted,Not Distracted,Not Reported
2171,Texas,14580006,1458,6,Other Crash Type,Not Distracted,Not Distracted,Not Reported
2172,Texas,14590001,1459,1,Specifics Other,"Inattention (Inattentive), Details Unknown","Inattention (Inattentive), Details Unknown",Motor Vehicle
2173,Texas,14590002,1459,2,Specifics Other,Not Distracted,Not Distracted,Not Reported
2174,Texas,14590003,1459,3,Other Crash Type,Not Distracted,Not Distracted,Not Reported
2175,Texas,14590004,1459,4,Other Crash Type,Not Distracted,Not Distracted,Not Reported
2176,Texas,14590005,1459,5,Other Crash Type,Not Distracted,Not Distracted,Not Reported
2177,Texas,14590006,1459,6,Other Crash Type,Not Distracted,Not Distracted,Not Reported
2178,Texas,14590007,1459,7,Other Crash Type,Not Distracted,Not Distracted,Not Reported
2179,Texas,14590008,1459,8,Other Crash Type,Not Distracted,Not Distracted,Not Reported
2180,Texas,14590009,1459,9,Other Crash Type,Not Distracted,Not Distracted,Not Reported
2181,Texas,14590010,1459,10,Other Crash Type,Not Distracted,Not Distracted,Not Reported
2182,Texas,14590011,1459,11,Other Crash Type,Not Distracted,Not Distracted,Not Reported
2183,Texas,14590012,1459,12,Other Crash Type,Not Distracted,Not Distracted,Not Reported
2184,Texas,14600001,1460,1,Striking From The Left,Not Distracted,Not Distracted,Not Reported
2185,Texas,14600002,1460,2,Struck On The Left,Not Distracted,Not Distracted,Not Reported
2186,Texas,14610001,1461,1,Pedestrian/ Animal,Not Distracted,Not Distracted,Not Reported
2187,Texas,14620001,1462,1,Pedestrian/ Animal,"Inattention (Inattentive), Details Unknown","Inattention (Inattentive), Details Unknown",Not Reported
2188,Texas,14630001,1463,1,Pedestrian/ Animal,Not Distracted,Not Distracted,Not Reported
2189,Texas,14640001,1464,1,Lateral Move (Left/Right),Not Distracted,Not Distracted,Phantom/Non-Contact Motor Vehicle
2190,Texas,14640002,1464,2,Lateral Move (Going Straight),Not Distracted,Not Distracted,Not Reported
2191,Texas,14650001,1465,1,Drive Off Road,Not Distracted,Not Distracted,Not Reported
2192,Texas,14660001,1466,1,Other Crash Type,Not Distracted,Not Distracted,Not Reported
2193,Texas,14660002,1466,2,No Impact,Not Distracted,Not Distracted,Not Reported
2194,Texas,14670001,1467,1,Striking From The Left,Not Distracted,Not Distracted,Not Reported
2195,Texas,14670002,1467,2,Struck On The Left,Not Distracted,Not Distracted,Not Reported
2196,Texas,14680001,1468,1,Other Crash Type,Not Distracted,Not Distracted,Not Reported
2197,Texas,14680002,1468,2,Control/Traction Loss,Not Distracted,Not Distracted,Not Reported
2198,Texas,14690001,1469,1,Lateral Move (Left/Right),Not Distracted,Not Distracted,Not Reported
2199,Texas,14690002,1469,2,Lateral Move (Going Straight),Not Distracted,Not Distracted,Not Reported
2200,Texas,14690003,1469,3,Other Crash Type,Not Distracted,Not Distracted,Motor Vehicle
2201,Texas,14700001,1470,1,Drive Off Road,Not Distracted,Not Distracted,Not Reported
2202,Texas,14710001,1471,1,Lateral Move (Left/Right),Not Distracted,Not Distracted,Not Reported
2203,Texas,14710002,1471,2,Lateral Move (Going Straight),Not Distracted,Not Distracted,Motor Vehicle
2204,Texas,14720001,1472,1,Pedestrian/ Animal,Unknown If Distracted,Unknown If Distracted,Unknown
2205,Texas,14730001,1473,1,Pedestrian/ Animal,Not Distracted,Not Distracted,Not Reported
2206,Texas,14740001,1474,1,Specifics Other,Not Distracted,Not Distracted,Not Reported
2207,Texas,14740002,1474,2,Specifics Other,Not Distracted,Not Distracted,Not Reported
2208,Texas,14750001,1475,1,Initial Opposite Directions (Left/Right),"Inattention (Inattentive), Details Unknown","Inattention (Inattentive), Details Unknown",Not Reported
2209,Texas,14750002,1475,2,Initial Opposite Directions (Going Straight),Not Distracted,Not Distracted,Motor Vehicle
2210,Texas,14760001,1476,1,Lateral Move (Going Straight),Not Distracted,Not Distracted,Not Reported
2211,Texas,14760002,1476,2,Lateral Move (Left/Right),Not Distracted,Not Distracted,Not Reported
2212,Texas,14770001,1477,1,Turn Into Opposite Directions (Going Straight),Not Distracted,Not Distracted,Not Reported
2213,Texas,14770002,1477,2,Turn Into Opposite Directions (Turning Left),Not Distracted,Not Distracted,Not Reported
2214,Texas,14780001,1478,1,Pedestrian/ Animal,Not Distracted,Not Distracted,Not Reported
2215,Texas,14790001,1479,1,Lateral Move (Left/Right),Not Distracted,Not Distracted,Not Reported
2216,Texas,14790002,1479,2,Lateral Move (Going Straight),Not Distracted,Not Distracted,Not Reported
2217,Texas,14800001,1480,1,Drive Off Road,"Inattention (Inattentive), Details Unknown","Inattention (Inattentive), Details Unknown",Not Reported
2218,Texas,14810001,1481,1,Other Crash Type,Not Distracted,Not Distracted,Not Reported
2219,Texas,14810002,1481,2,Other Crash Type,Not Distracted,Not Distracted,Motor Vehicle
2220,Texas,14820001,1482,1,Drive Off Road,Not Distracted,Not Distracted,Not Reported
2221,Texas,14830001,1483,1,Struck On The Left,Not Distracted,Not Distracted,Not Reported
2222,Texas,14830002,1483,2,Striking From The Left,Not Distracted,Not Distracted,Driver Did Not Maneuver To Avoid
2223,Texas,14840001,1484,1,Other Crash Type,"Inattention (Inattentive), Details Unknown","Inattention (Inattentive), Details Unknown",Phantom/Non-Contact Motor Vehicle
2224,Texas,14840002,1484,2,Other Crash Type,Not Distracted,Not Distracted,Not Reported
2225,Texas,14850001,1485,1,Drive Off Road,Not Distracted,Not Distracted,Not Reported
2226,Texas,14860001,1486,1,Striking From The Left,Not Distracted,Not Distracted,Not Reported
2227,Texas,14860002,1486,2,Struck On The Left,Not Distracted,Not Distracted,Not Reported
2228,Texas,14870001,1487,1,Pedestrian/ Animal,Not Distracted,Not Distracted,Not Reported
2229,Texas,14880001,1488,1,Pedestrian/ Animal,Not Distracted,Not Distracted,Driver Did Not Maneuver To Avoid
2230,Texas,14890001,1489,1,Initial Opposite Directions (Left/Right),"Inattention (Inattentive), Details Unknown","Inattention (Inattentive), Details Unknown",Not Reported
2231,Texas,14890002,1489,2,Initial Opposite Directions (Going Straight),Not Distracted,Not Distracted,Not Reported
2232,Texas,14900001,1490,1,Specifics Other,Not Distracted,Not Distracted,Not Reported
2233,Texas,14900002,1490,2,Specifics Other,Not Distracted,Not Distracted,Not Reported
2234,Texas,14910001,1491,1,Struck On The Left,Not Distracted,Not Distracted,Unknown
2235,Texas,14910002,1491,2,Striking From The Left,Not Distracted,Not Distracted,Not Reported
2236,Texas,14920001,1492,1,Stopped,Not Distracted,Not Distracted,Not Reported
2237,Texas,14920002,1492,2,"Stopped, Straight",Not Distracted,Not Distracted,Driver Did Not Maneuver To Avoid
2238,Texas,14930001,1493,1,End Departure,Not Distracted,Not Distracted,Not Reported
2239,Texas,14940001,1494,1,Struck On The Right,Not Distracted,Not Distracted,Not Reported
2240,Texas,14940002,1494,2,Striking From The Right,Not Distracted,Not Distracted,Motor Vehicle
2241,Texas,14950001,1495,1,Pedestrian/ Animal,"Inattention (Inattentive), Details Unknown","Inattention (Inattentive), Details Unknown",Driver Did Not Maneuver To Avoid
2242,Texas,14970001,1497,1,No Impact,Not Distracted,Not Distracted,Not Reported
2243,Texas,14980001,1498,1,Stopped,"Inattention (Inattentive), Details Unknown","Inattention (Inattentive), Details Unknown",Motor Vehicle
2244,Texas,14980002,1498,2,"Stopped, Straight",Not Distracted,Not Distracted,Driver Did Not Maneuver To Avoid
2245,Texas,14980003,1498,3,Other Crash Type,Not Distracted,Not Distracted,Driver Did Not Maneuver To Avoid
2246,Texas,14990001,1499,1,Drive Off Road,Not Distracted,Not Distracted,Not Reported
2247,Texas,15010001,1501,1,Decelerating (Slowing),"Inattention (Inattentive), Details Unknown","Inattention (Inattentive), Details Unknown",Motor Vehicle
2248,Texas,15010002,1501,2,"Decelerating (Slowing), Going Straight",Not Distracted,Not Distracted,Not Reported
2249,Texas,15020001,1502,1,Lateral Move (Left/Right),Not Distracted,Not Distracted,Not Reported
2250,Texas,15020002,1502,2,Lateral Move (Going Straight),Not Distracted,Not Distracted,Not Reported
2251,Texas,15030001,1503,1,Other Crash Type,Not Distracted,Not Distracted,Driver Did Not Maneuver To Avoid
2252,Texas,15040001,1504,1,Drive Off Road,Not Distracted,Not Distracted,Not Reported
2253,Texas,15050001,1505,1,No Impact,Not Distracted,Not Distracted,Not Reported
2254,Texas,15060001,1506,1,End Departure,Not Distracted,Not Distracted,Not Reported
2255,Texas,15060002,1506,2,Other Crash Type,Not Distracted,Not Distracted,Not Reported
2256,Texas,15070001,1507,1,Pedestrian/ Animal,Not Distracted,Not Distracted,Not Reported
2257,Texas,15080001,1508,1,Control/Traction Loss,Not Distracted,Not Distracted,Not Reported
2258,Texas,15090001,1509,1,Pedestrian/ Animal,Not Distracted,Not Distracted,Not Reported
2259,Texas,15090002,1509,2,Other Crash Type,Not Distracted,Not Distracted,Not Reported
2260,Texas,15090003,1509,3,Other Crash Type,Not Distracted,Not Distracted,Not Reported
2261,Texas,15090004,1509,4,Other Crash Type,Not Distracted,Not Distracted,Not Reported
2262,Texas,15090005,1509,5,Other Crash Type,Not Distracted,Not Distracted,Not Reported
2263,Texas,15100001,1510,1,Parked Veh.,Not Distracted,Not Distracted,Not Reported
2264,Texas,15110001,1511,1,Drive Off Road,Not Distracted,Not Distracted,Not Reported
2265,Texas,15120001,1512,1,Drive Off Road,Not Distracted,Not Distracted,Not Reported