,State Name,ID,CaseNo,VehicleNo,CrashType,First Distraction,Second Distraction,Driver Action
2266,Texas,15130001,1513,1,Drive Off Road,"Inattention (Inattentive), Details Unknown","Inattention (Inattentive), Details Unknown",Not Reported
2267,Texas,15140001,1514,1,Pedestrian/ Animal,Not Distracted,Not Distracted,Not Reported
2268,Texas,15150001,1515,1,Drive Off Road,Not Distracted,Not Distracted,Driver Did Not Maneuver To Avoid
2269,Texas,15160001,1516,1,Control/Traction Loss,Not Distracted,Not Distracted,Not Reported
2270,Texas,15170001,1517,1,Initial Opposite Directions (Going Straight),Not Distracted,Not Distracted,Not Reported
2271,Texas,15170002,1517,2,Initial Opposite Directions (Left/Right),Not Distracted,Not Distracted,Not Reported
2272,Texas,15180001,1518,1,Specifics Other,Not Distracted,Not Distracted,Not Reported
2273,Texas,15180002,1518,2,Specifics Other,Not Distracted,Not Distracted,Not Reported
2274,Texas,15190001,1519,1,Turn Into Opposite Directions (Turning Left),Not Distracted,Not Distracted,Not Reported
2275,Texas,15190002,1519,2,Turn Into Opposite Directions (Going Straight),Not Distracted,Not Distracted,Unknown
2276,Texas,15200001,1520,1,Turn Into Opposite Directions (Turning Left),Not Distracted,Not Distracted,Not Reported
2277,Texas,15200002,1520,2,Turn Into Opposite Directions (Going Straight),Not Distracted,Not Distracted,Not Reported
2278,Texas,15210001,1521,1,Other Crash Type,Not Distracted,Not Distracted,Not Reported
2279,Texas,15220001,1522,1,Drive Off Road,Not Distracted,Not Distracted,Not Reported
2280,Texas,15240001,1524,1,Drive Off Road,Not Distracted,Not Distracted,Not Reported
2281,Texas,15250001,1525,1,Drive Off Road,Not Distracted,Not Distracted,Not Reported
2282,Texas,15250002,1525,2,Other Crash Type,Not Distracted,Not Distracted,Not Reported
2283,Texas,15250003,1525,3,Other Crash Type,Not Distracted,Not Distracted,Motor Vehicle
2284,Texas,15250004,1525,4,Other Crash Type,Not Distracted,Not Distracted,Motor Vehicle
2285,Texas,15260001,1526,1,Pedestrian/ Animal,Not Distracted,Not Distracted,Not Reported
2286,Texas,15270001,1527,1,Lateral Move (Going Straight),Not Distracted,Not Distracted,Not Reported
2287,Texas,15270002,1527,2,Lateral Move (Left/Right),Not Distracted,Not Distracted,Not Reported
2288,Texas,15280001,1528,1,Pedestrian/ Animal,Not Distracted,Not Distracted,Not Reported
2289,Texas,15290001,1529,1,Pedestrian/ Animal,"Distraction (Distracted), Details Unknown","Distraction (Distracted), Details Unknown",Driver Did Not Maneuver To Avoid
2290,Texas,15310001,1531,1,Struck On The Right,Not Distracted,Not Distracted,Not Reported
2291,Texas,15310002,1531,2,Striking From The Right,Not Distracted,Not Distracted,Driver Did Not Maneuver To Avoid
2292,Texas,15320001,1532,1,Other Crash Type,Unknown If Distracted,Unknown If Distracted,Unknown
2293,Texas,15320002,1532,2,Other Crash Type,Not Distracted,Not Distracted,Not Reported
2294,Texas,15330001,1533,1,Turn Into Opposite Directions (Turning Left),Not Distracted,Not Distracted,Not Reported
2295,Texas,15330002,1533,2,Turn Into Opposite Directions (Going Straight),Not Distracted,Not Distracted,Not Reported
2296,Texas,15340001,1534,1,Stopped,Not Distracted,Not Distracted,Not Reported
2297,Texas,15340002,1534,2,"Stopped, Straight",Not Distracted,Not Distracted,Driver Did Not Maneuver To Avoid
2298,Texas,15350001,1535,1,Avoid Collision With Vehicle,Not Distracted,Not Distracted,Phantom/Non-Contact Motor Vehicle
2299,Texas,15350002,1535,2,Avoid Collision With Vehicle,Not Distracted,Not Distracted,Not Reported
2300,Texas,15360001,1536,1,Specifics Other,Looked But Did Not See,Looked But Did Not See,Not Reported
2301,Texas,15360002,1536,2,Specifics Other,Not Distracted,Not Distracted,Motor Vehicle
2302,Texas,15370001,1537,1,Control/Traction Loss,Not Distracted,Not Distracted,Not Reported
2303,Texas,15380001,1538,1,Drive Off Road,Not Distracted,Not Distracted,Not Reported
2304,Texas,15390001,1539,1,Pedestrian/ Animal,Not Distracted,Not Distracted,Not Reported
2305,Texas,15390002,1539,2,Other Crash Type,Not Distracted,Not Distracted,Not Reported
2306,Texas,15400001,1540,1,Lateral Move (Left/Right),Not Distracted,Not Distracted,Not Reported
2307,Texas,15400002,1540,2,Lateral Move (Going Straight),Not Distracted,Not Distracted,Not Reported
2308,Texas,15400003,1540,3,Other Crash Type,Not Distracted,Not Distracted,Not Reported
2309,Texas,15410001,1541,1,Specifics Other,Not Distracted,Not Distracted,Unknown
2310,Texas,15410002,1541,2,Specifics Other,No Driver Present/Unknown If Driver Present,No Driver Present/Unknown If Driver Present,No Driver Present/Unknown If Driver Present
2311,Texas,15420001,1542,1,Slower,Not Distracted,Not Distracted,Not Reported
2312,Texas,15420002,1542,2,"Slower, Going Straight",Not Distracted,Not Distracted,Not Reported
2313,Texas,15430001,1543,1,Specifics Other,No Driver Present/Unknown If Driver Present,No Driver Present/Unknown If Driver Present,No Driver Present/Unknown If Driver Present
2314,Texas,15430002,1543,2,Specifics Other,Not Distracted,Not Distracted,Not Reported
2315,Texas,15430003,1543,3,Other Crash Type,Not Distracted,Not Distracted,Motor Vehicle
2316,Texas,15430004,1543,4,Other Crash Type,Not Distracted,Not Distracted,Not Reported
2317,Texas,15440001,1544,1,Specifics Other,Not Distracted,Not Distracted,Motor Vehicle
2318,Texas,15440002,1544,2,Specifics Other,Not Distracted,Not Distracted,Not Reported
2319,Texas,15440003,1544,3,Other Crash Type,Not Distracted,Not Distracted,Motor Vehicle
2320,Texas,15450001,1545,1,Lateral Move (Left/Right),"Inattention (Inattentive), Details Unknown","Inattention (Inattentive), Details Unknown",Not Reported
2321,Texas,15450002,1545,2,Lateral Move (Going Straight),Not Distracted,Not Distracted,Not Reported
2322,Texas,15450003,1545,3,Other Crash Type,Not Distracted,Not Distracted,Not Reported
2323,Texas,15460001,1546,1,Control/Traction Loss,Not Distracted,Not Distracted,Not Reported
2324,Texas,15470001,1547,1,Pedestrian/ Animal,Unknown If Distracted,Unknown If Distracted,Unknown
2325,Texas,15480001,1548,1,Specifics Other,Not Distracted,Not Distracted,Not Reported
2326,Texas,15480002,1548,2,Specifics Other,Not Distracted,Not Distracted,Not Reported
2327,Texas,15490001,1549,1,Lateral Move (Left/Right),Not Distracted,Not Distracted,Phantom/Non-Contact Motor Vehicle
2328,Texas,15490002,1549,2,Lateral Move (Going Straight),Not Distracted,Not Distracted,Not Reported
2329,Texas,15500001,1550,1,Pedestrian/ Animal,Not Distracted,Not Distracted,Not Reported
2330,Texas,15510001,1551,1,Drive Off Road,Not Distracted,Not Distracted,Not Reported
2331,Texas,15520001,1552,1,Pedestrian/ Animal,Unknown If Distracted,Unknown If Distracted,Unknown
2332,Texas,15530001,1553,1,Other Crash Type,Not Distracted,Not Distracted,Not Reported
2333,Texas,15530002,1553,2,Other Crash Type,Not Distracted,Not Distracted,Motor Vehicle
2334,Texas,15540001,1554,1,Drive Off Road,Not Distracted,Not Distracted,Driver Did Not Maneuver To Avoid
2335,Texas,15550001,1555,1,Decelerating (Slowing),Not Distracted,Not Distracted,Not Reported
2336,Texas,15550002,1555,2,"Decelerating (Slowing), Going Right",Not Distracted,Not Distracted,Not Reported
2337,Texas,15560001,1556,1,Parked Veh.,Not Distracted,Not Distracted,Driver Did Not Maneuver To Avoid
2338,Texas,15570001,1557,1,"Slower, Going Left",Not Distracted,Not Distracted,Driver Did Not Maneuver To Avoid
2339,Texas,15570002,1557,2,Slower,Not Distracted,Not Distracted,Not Reported
2340,Texas,15580001,1558,1,Drive Off Road,Not Distracted,Not Distracted,Not Reported
2341,Texas,15590001,1559,1,Other Crash Type,Not Distracted,Not Distracted,Not Reported
2342,Texas,15590002,1559,2,Other Crash Type,Not Distracted,Not Distracted,Not Reported
2343,Texas,15590003,1559,3,Other Crash Type,Not Distracted,Not Distracted,Driver Did Not Maneuver To Avoid
2344,Texas,15600001,1560,1,Pedestrian/ Animal,Not Distracted,Not Distracted,Not Reported
2345,Texas,15610001,1561,1,Decelerating (Slowing),Not Distracted,Not Distracted,Not Reported
2346,Texas,15610002,1561,2,"Decelerating (Slowing), Going Left",Not Distracted,Not Distracted,Not Reported
2347,Texas,15620001,1562,1,Stopped,Not Distracted,Not Distracted,Not Reported
2348,Texas,15620002,1562,2,"Stopped, Straight",Not Distracted,Not Distracted,Driver Did Not Maneuver To Avoid
2349,Texas,15620003,1562,3,Other Crash Type,Not Distracted,Not Distracted,Driver Did Not Maneuver To Avoid
2350,Texas,15630001,1563,1,Lateral Move (Left/Right),Not Distracted,Not Distracted,Not Reported
2351,Texas,15630002,1563,2,Lateral Move (Going Straight),Not Distracted,Not Distracted,Not Reported
2352,Texas,15640001,1564,1,Drive Off Road,Not Distracted,Not Distracted,Not Reported
2353,Texas,15650001,1565,1,Other Crash Type,Not Distracted,Not Distracted,Motor Vehicle
2354,Texas,15650002,1565,2,Other Crash Type,Not Distracted,Not Distracted,Not Reported
2355,Texas,15660001,1566,1,Drive Off Road,Not Distracted,Not Distracted,Not Reported
2356,Texas,15670001,1567,1,Straight Ahead On Left,"Inattention (Inattentive), Details Unknown","Inattention (Inattentive), Details Unknown",Not Reported
2357,Texas,15670002,1567,2,Straight Ahead On Left/Right,Not Distracted,Not Distracted,Not Reported
2358,Texas,15670003,1567,3,Other Crash Type,Not Distracted,Not Distracted,Driver Did Not Maneuver To Avoid
2359,Texas,15680001,1568,1,Pedestrian/ Animal,Not Distracted,Not Distracted,Driver Did Not Maneuver To Avoid
2360,Texas,15690001,1569,1,Changing Lanes To The Right,Not Distracted,Not Distracted,Not Reported
2361,Texas,15690002,1569,2,Straight Ahead On Left/Right,Not Distracted,Not Distracted,Not Reported
2362,Texas,15700001,1570,1,Slower,Not Distracted,Not Distracted,Not Reported
2363,Texas,15700002,1570,2,"Slower, Going Straight",Not Distracted,Not Distracted,Not Reported
2364,Texas,15710001,1571,1,Striking From The Left,Not Distracted,Not Distracted,Not Reported
2365,Texas,15710002,1571,2,Struck On The Left,Not Distracted,Not Distracted,Not Reported
2366,Texas,15710003,1571,3,Other Crash Type,Not Distracted,Not Distracted,Not Reported
2367,Texas,15720001,1572,1,Pedestrian/ Animal,Not Distracted,Not Distracted,Not Reported
2368,Texas,15730001,1573,1,Drive Off Road,Not Distracted,Not Distracted,Not Reported
2369,Texas,15740001,1574,1,Control/Traction Loss,Not Distracted,Not Distracted,Not Reported
2370,Texas,15750001,1575,1,Turn Into Opposite Directions (Going Straight),Not Distracted,Not Distracted,Not Reported
2371,Texas,15750002,1575,2,Turn Into Opposite Directions (Turning Left),Not Distracted,Not Distracted,Not Reported
2372,Texas,15760001,1576,1,Turn Into Opposite Directions (Going Straight),Not Distracted,Not Distracted,Not Reported
2373,Texas,15760002,1576,2,Turn Into Opposite Directions (Turning Left),Not Distracted,Not Distracted,Not Reported
2374,Texas,15770001,1577,1,Pedestrian/ Animal,Not Distracted,Not Distracted,"Pedestrian, Pedalcyclist Or Other Non-Motorist"
2375,Texas,15780001,1578,1,Striking From The Left,Not Distracted,Not Distracted,Not Reported
2376,Texas,15780002,1578,2,Struck On The Left,Not Distracted,Not Distracted,Not Reported
2377,Texas,15790001,1579,1,Drive Off Road,Not Distracted,Not Distracted,Not Reported
2378,Texas,15800001,1580,1,Control/Traction Loss,Not Distracted,Not Distracted,Not Reported
2379,Texas,15810001,1581,1,Pedestrian/ Animal,Not Distracted,Not Distracted,Not Reported
2380,Texas,15820001,1582,1,Specifics Other,Not Distracted,Not Distracted,Motor Vehicle
2381,Texas,15820002,1582,2,Specifics Other,Not Distracted,Not Distracted,Not Reported
2382,Texas,15830001,1583,1,"Slower, Going Straight",Not Distracted,Not Distracted,Not Reported
2383,Texas,15830002,1583,2,Slower,Not Distracted,Not Distracted,Not Reported
2384,Texas,15830003,1583,3,Other Crash Type,Not Distracted,Not Distracted,Not Reported
2385,Texas,15840001,1584,1,Lateral Move (Left/Right),Not Distracted,Not Distracted,Not Reported
2386,Texas,15840002,1584,2,Lateral Move (Going Straight),Not Distracted,Not Distracted,Not Reported
2387,Texas,15850001,1585,1,Pedestrian/ Animal,Not Distracted,Not Distracted,Not Reported
2388,Texas,15860001,1586,1,Specifics Other,Not Distracted,Not Distracted,Driver Did Not Maneuver To Avoid
2389,Texas,15860002,1586,2,Specifics Other,Not Distracted,Not Distracted,Not Reported
2390,Texas,15870001,1587,1,Drive Off Road,Not Distracted,Not Distracted,Not Reported
2391,Texas,15880001,1588,1,Drive Off Road,Not Distracted,Not Distracted,Not Reported
2392,Texas,15890001,1589,1,Pedestrian/ Animal,Not Distracted,Not Distracted,Not Reported
2393,Texas,15900001,1590,1,Pedestrian/ Animal,Not Distracted,Not Distracted,Not Reported
2394,Texas,15910001,1591,1,Parked Veh.,Not Distracted,Not Distracted,Not Reported
2395,Texas,15920001,1592,1,Drive Off Road,Not Distracted,Not Distracted,Not Reported
2396,Texas,15930001,1593,1,No Impact,Not Distracted,Not Distracted,Not Reported
2397,Texas,15940001,1594,1,No Impact,Not Distracted,Not Distracted,Not Reported
2398,Texas,15950001,1595,1,No Impact,Not Distracted,Not Distracted,Not Reported
2399,Texas,15960001,1596,1,Control/Traction Loss,Not Distracted,Not Distracted,Not Reported
2400,Texas,15970001,1597,1,Pedestrian/ Animal,Not Distracted,Not Distracted,Not Reported
2401,Texas,15980001,1598,1,Specifics Other,Not Distracted,Not Distracted,Not Reported
2402,Texas,15980002,1598,2,Specifics Other,Not Distracted,Not Distracted,Not Reported
2403,Texas,15990001,1599,1,Lateral Move (Left/Right),Not Distracted,Not Distracted,Not Reported
2404,Texas,15990002,1599,2,Lateral Move (Going Straight),Not Distracted,Not Distracted,Not Reported
2405,Texas,16000001,1600,1,Initial Same Directions (Turning Left),Not Distracted,Not Distracted,Not Reported
2406,Texas,16000002,1600,2,Initial Same Directions (Going Straight),Not Distracted,Not Distracted,Not Reported
2407,Texas,16010001,1601,1,Striking From The Left,"Inattention (Inattentive), Details Unknown","Inattention (Inattentive), Details Unknown",Driver Did Not Maneuver To Avoid
2408,Texas,16010002,1601,2,Struck On The Left,Not Distracted,Not Distracted,Not Reported
2409,Texas,16020001,1602,1,"Stopped, Straight",Not Distracted,Not Distracted,Not Reported
2410,Texas,16020002,1602,2,Stopped,Not Distracted,Not Distracted,Not Reported
2411,Texas,16030001,1603,1,Other Crash Type,"Inattention (Inattentive), Details Unknown","Inattention (Inattentive), Details Unknown",Phantom/Non-Contact Motor Vehicle
2412,Texas,16040001,1604,1,Initial Opposite Directions (Left/Right),Not Distracted,Not Distracted,Not Reported
2413,Texas,16040002,1604,2,Initial Opposite Directions (Going Straight),Not Distracted,Not Distracted,Not Reported
2414,Texas,16050001,1605,1,Lateral Move (Left/Right),"Inattention (Inattentive), Details Unknown","Inattention (Inattentive), Details Unknown",Not Reported
2415,Texas,16050002,1605,2,Lateral Move (Going Straight),Not Distracted,Not Distracted,Not Reported
2416,Texas,16060001,1606,1,Drive Off Road,Other Cellular Phone Related,Other Cellular Phone Related,Not Reported
2417,Texas,16070001,1607,1,Specifics Other,Not Distracted,Not Distracted,Not Reported
2418,Texas,16070002,1607,2,Specifics Other,Not Distracted,Not Distracted,Not Reported
2419,Texas,16080001,1608,1,Drive Off Road,Not Distracted,Not Distracted,Driver Did Not Maneuver To Avoid
2420,Texas,16090001,1609,1,Struck On The Right,Not Distracted,Not Distracted,Not Reported
2421,Texas,16090002,1609,2,Striking From The Right,Not Distracted,Not Distracted,Not Reported
2422,Texas,16100001,1610,1,Drive Off Road,Not Distracted,Not Distracted,Not Reported
2423,Texas,16110001,1611,1,Striking From The Left,Not Distracted,Not Distracted,Not Reported
2424,Texas,16110002,1611,2,Struck On The Left,Not Distracted,Not Distracted,Driver Did Not Maneuver To Avoid
2425,Texas,16120001,1612,1,Struck On The Left,Not Distracted,Not Distracted,Not Reported
2426,Texas,16120002,1612,2,Striking From The Left,Not Distracted,Not Distracted,Not Reported
2427,Texas,16120003,1612,3,Other Crash Type,Not Distracted,Not Distracted,Driver Did Not Maneuver To Avoid
2428,Texas,16130001,1613,1,Drive Off Road,Not Distracted,Not Distracted,Not Reported
2429,Texas,16140001,1614,1,Initial Opposite Directions (Left/Right),Not Distracted,Not Distracted,Not Reported
2430,Texas,16140002,1614,2,Initial Opposite Directions (Going Straight),Not Distracted,Not Distracted,Not Reported
2431,Texas,16150001,1615,1,Other Crash Type,Not Distracted,Not Distracted,Not Reported
2432,Texas,16150002,1615,2,Specifics Other,Not Distracted,Not Distracted,Motor Vehicle
2433,Texas,16150003,1615,3,Specifics Other,Not Distracted,Not Distracted,Motor Vehicle
2434,Texas,16160001,1616,1,Specifics Other,Not Distracted,Not Distracted,Motor Vehicle
2435,Texas,16160002,1616,2,Specifics Other,"Inattention (Inattentive), Details Unknown","Inattention (Inattentive), Details Unknown",Not Reported
2436,Texas,16170001,1617,1,Striking From The Right,Not Distracted,Not Distracted,Not Reported
2437,Texas,16170002,1617,2,Struck On The Right,Not Distracted,Not Distracted,Not Reported
2438,Texas,16180001,1618,1,Initial Opposite Directions (Left/Right),Not Distracted,Not Distracted,Driver Did Not Maneuver To Avoid
2439,Texas,16180002,1618,2,Initial Opposite Directions (Going Straight),Not Distracted,Not Distracted,Not Reported
2440,Texas,16190001,1619,1,Specifics Other,Not Distracted,Not Distracted,Not Reported
2441,Texas,16190002,1619,2,Specifics Other,Not Distracted,Not Distracted,Not Reported
2442,Texas,16200001,1620,1,Other Crash Type,Not Distracted,Not Distracted,Not Reported
2443,Texas,16200002,1620,2,Drive Off Road,Not Distracted,Not Distracted,Not Reported
2444,Texas,16220001,1622,1,Drive Off Road,Not Distracted,Not Distracted,Not Reported
2445,Texas,16230001,1623,1,Specifics Other,Not Distracted,Not Distracted,Not Reported
2446,Texas,16230002,1623,2,Specifics Other,Not Distracted,Not Distracted,Motor Vehicle
2447,Texas,16240001,1624,1,Lateral Move (Left/Right),While Using Or Reaching For Device/Object Brought Into Vehicle,Other Cellular Phone Related,Not Reported
2448,Texas,16240002,1624,2,Lateral Move (Going Straight),Not Distracted,Not Distracted,Not Reported
2449,Texas,16240003,1624,3,Other Crash Type,Not Distracted,Not Distracted,Not Reported
2450,Texas,16250001,1625,1,Lateral Move (Left/Right),Not Distracted,Not Distracted,Not Reported
2451,Texas,16250002,1625,2,Lateral Move (Going Straight),Not Distracted,Not Distracted,Motor Vehicle
2452,Texas,16260001,1626,1,Control/Traction Loss,Not Distracted,Not Distracted,Phantom/Non-Contact Motor Vehicle
2453,Texas,16270001,1627,1,Control/Traction Loss,Not Distracted,Not Distracted,Not Reported
2454,Texas,16280001,1628,1,Initial Opposite Directions (Left/Right),Not Distracted,Not Distracted,Not Reported
2455,Texas,16280002,1628,2,Initial Opposite Directions (Going Straight),Not Distracted,Not Distracted,Not Reported
2456,Texas,16290001,1629,1,No Impact,Not Distracted,Not Distracted,Not Reported
2457,Texas,16290002,1629,2,Other Crash Type,Not Distracted,Not Distracted,Not Reported
2458,Texas,16300001,1630,1,Drive Off Road,Not Distracted,Not Distracted,Not Reported
2459,Texas,16310001,1631,1,Other Crash Type,Not Distracted,Not Distracted,Not Reported
2460,Texas,16320001,1632,1,Control/Traction Loss,Not Distracted,Not Distracted,Phantom/Non-Contact Motor Vehicle
2461,Texas,16320002,1632,2,Control/Traction Loss,Not Distracted,Not Distracted,Not Reported
2462,Texas,16330001,1633,1,Drive Off Road,Not Distracted,Not Distracted,Not Reported
2463,Texas,16340001,1634,1,Pedestrian/ Animal,Not Distracted,Not Distracted,Not Reported
2464,Texas,16350001,1635,1,Pedestrian/ Animal,Not Distracted,Not Distracted,Not Reported
2465,Texas,16360001,1636,1,Other Crash Type,Not Distracted,Not Distracted,Not Reported
2466,Texas,16360002,1636,2,Drive Off Road,Not Distracted,Not Distracted,Not Reported
2467,Texas,16370001,1637,1,Initial Opposite Directions (Left/Right),Not Distracted,Not Distracted,Not Reported
2468,Texas,16370002,1637,2,Initial Opposite Directions (Going Straight),Not Distracted,Not Distracted,Not Reported
2469,Texas,16380001,1638,1,Turn Into Same Direction (Turning Right),Not Distracted,Not Distracted,Not Reported
2470,Texas,16380002,1638,2,Turn Into Same Direction (Going Straight),Not Distracted,Not Distracted,Not Reported
2471,Texas,16390001,1639,1,Drive Off Road,Not Distracted,Not Distracted,Not Reported
2472,Texas,16400001,1640,1,Drive Off Road,Not Distracted,Not Distracted,Not Reported
2473,Texas,16410001,1641,1,Unknown,Not Distracted,Not Distracted,Not Reported
2474,Texas,16410002,1641,2,Unknown,Not Distracted,Not Distracted,Not Reported
2475,Texas,16420001,1642,1,Slower,"Inattention (Inattentive), Details Unknown","Inattention (Inattentive), Details Unknown",Not Reported
2476,Texas,16420002,1642,2,"Slower, Going Straight",Not Distracted,Not Distracted,Not Reported
2477,Texas,16430001,1643,1,Pedestrian/ Animal,Not Distracted,Not Distracted,Not Reported
2478,Texas,16440001,1644,1,Pedestrian/ Animal,Not Distracted,Not Distracted,Not Reported
2479,Texas,16450001,1645,1,Drive Off Road,Not Distracted,Not Distracted,Not Reported
2480,Texas,16460001,1646,1,Pedestrian/ Animal,Not Distracted,Not Distracted,Not Reported
2481,Texas,16470001,1647,1,Drive Off Road,Not Distracted,Not Distracted,Not Reported
2482,Texas,16480001,1648,1,Drive Off Road,Not Distracted,Not Distracted,Not Reported
2483,Texas,16490001,1649,1,Drive Off Road,Not Distracted,Not Distracted,Not Reported
2484,Texas,16500001,1650,1,Drive Off Road,"Inattention (Inattentive), Details Unknown","Inattention (Inattentive), Details Unknown",Not Reported
2485,Texas,16510001,1651,1,Pedestrian/ Animal,Not Distracted,Not Distracted,Object
2486,Texas,16510002,1651,2,Other Crash Type,Not Distracted,Not Distracted,Driver Did Not Maneuver To Avoid
2487,Texas,16520001,1652,1,Sta. Object,Not Distracted,Not Distracted,Not Reported
2488,Texas,16530001,1653,1,Drive Off Road,Not Distracted,Not Distracted,Not Reported
2489,Texas,16540001,1654,1,Drive Off Road,Not Distracted,Not Distracted,Not Reported
2490,Texas,16550001,1655,1,Lateral Move (Left/Right),Not Distracted,Not Distracted,Not Reported
2491,Texas,16550002,1655,2,Lateral Move (Going Straight),Not Distracted,Not Distracted,Not Reported
2492,Texas,16560001,1656,1,Parked Veh.,Not Distracted,Not Distracted,Not Reported
2493,Texas,16570001,1657,1,Drive Off Road,Not Distracted,Not Distracted,Not Reported
2494,Texas,16580001,1658,1,Lateral Move (Left/Right),Not Distracted,Not Distracted,Not Reported
2495,Texas,16580002,1658,2,Lateral Move (Going Straight),Not Distracted,Not Distracted,Not Reported
2496,Texas,16590001,1659,1,Drive Off Road,Not Distracted,Not Distracted,Not Reported
2497,Texas,16600001,1660,1,Drive Off Road,Not Distracted,Not Distracted,Not Reported
2498,Texas,16610001,1661,1,Sta. Object,Not Distracted,Not Distracted,Not Reported
2499,Texas,16620001,1662,1,Drive Off Road,Not Distracted,Not Distracted,Not Reported
2500,Texas,16620002,1662,2,Other Crash Type,Not Distracted,Not Distracted,Not Reported
2501,Texas,16630001,1663,1,Decelerating (Slowing),Not Distracted,Not Distracted,Not Reported
2502,Texas,16630002,1663,2,"Decelerating (Slowing), Going Straight",Not Distracted,Not Distracted,Not Reported
2503,Texas,16640001,1664,1,Drive Off Road,Not Distracted,Not Distracted,Not Reported
2504,Texas,16650001,1665,1,Drive Off Road,Not Distracted,Not Distracted,Not Reported
2505,Texas,16660001,1666,1,Control/Traction Loss,Not Distracted,Not Distracted,Not Reported
2506,Texas,16670001,1667,1,Striking From The Left,Not Distracted,Not Distracted,Not Reported
2507,Texas,16670002,1667,2,Struck On The Left,Not Distracted,Not Distracted,Not Reported
2508,Texas,16680001,1668,1,Control/Traction Loss,Not Distracted,Not Distracted,Not Reported
2509,Texas,16690001,1669,1,Struck On The Left,Not Distracted,Not Distracted,Not Reported
2510,Texas,16690002,1669,2,Striking From The Left,Not Distracted,Not Distracted,Not Reported
2511,Texas,16700001,1670,1,Struck On The Left,"Inattention (Inattentive), Details Unknown","Inattention (Inattentive), Details Unknown",Not Reported
2512,Texas,16700002,1670,2,Striking From The Left,Not Distracted,Not Distracted,Not Reported
2513,Texas,16710001,1671,1,Turn Into Opposite Directions (Going Straight),Not Distracted,Not Distracted,Not Reported
2514,Texas,16710002,1671,2,Turn Into Opposite Directions (Turning Left),Not Distracted,Not Distracted,Not Reported
2515,Texas,16720001,1672,1,Drive Off Road,Not Distracted,Not Distracted,Not Reported
2516,Texas,16730001,1673,1,Specifics Other,Not Distracted,Not Distracted,Motor Vehicle
2517,Texas,16730002,1673,2,Specifics Other,Not Distracted,Not Distracted,Motor Vehicle
2518,Texas,16740001,1674,1,Stopped,Not Distracted,Not Distracted,Motor Vehicle
2519,Texas,16740002,1674,2,"Stopped, Straight",Not Distracted,Not Distracted,Driver Did Not Maneuver To Avoid
2520,Texas,16750001,1675,1,Initial Opposite Directions (Left/Right),Not Distracted,Not Distracted,Driver Did Not Maneuver To Avoid
2521,Texas,16750002,1675,2,Initial Opposite Directions (Going Straight),Not Distracted,Not Distracted,Not Reported
2522,Texas,16760001,1676,1,Pedestrian/ Animal,Not Distracted,Not Distracted,Not Reported
2523,Texas,16760002,1676,2,Other Crash Type,No Driver Present/Unknown If Driver Present,No Driver Present/Unknown If Driver Present,No Driver Present/Unknown If Driver Present
2524,Texas,16770001,1677,1,Drive Off Road,Not Distracted,Not Distracted,Not Reported
2525,Texas,16780001,1678,1,Other Crash Type,Not Distracted,Not Distracted,Not Reported
2526,Texas,16780002,1678,2,Other Crash Type,Not Distracted,Not Distracted,Motor Vehicle
2527,Texas,16790001,1679,1,End Departure,Not Distracted,Not Distracted,Driver Did Not Maneuver To Avoid
2528,Texas,16790002,1679,2,Other Crash Type,Not Distracted,Not Distracted,Not Reported
2529,Texas,16800001,1680,1,Lateral Move (Left/Right),Not Distracted,Not Distracted,Not Reported
2530,Texas,16800002,1680,2,Lateral Move (Going Straight),Not Distracted,Not Distracted,Not Reported
2531,Texas,16810001,1681,1,Drive Off Road,Not Distracted,Not Distracted,Not Reported
2532,Texas,16820001,1682,1,Stopped,Not Distracted,Not Distracted,Not Reported
2533,Texas,16820002,1682,2,"Stopped, Straight",Not Distracted,Not Distracted,Driver Did Not Maneuver To Avoid
2534,Texas,16820003,1682,3,Other Crash Type,Not Distracted,Not Distracted,Driver Did Not Maneuver To Avoid
2535,Texas,16830001,1683,1,Initial Opposite Directions (Going Straight),Not Distracted,Not Distracted,Not Reported
2536,Texas,16830002,1683,2,Initial Opposite Directions (Left/Right),Not Distracted,Not Distracted,Not Reported
2537,Texas,16840001,1684,1,Lateral Move (Left/Right),Not Distracted,Not Distracted,Not Reported
2538,Texas,16840002,1684,2,Lateral Move (Going Straight),Not Distracted,Not Distracted,Not Reported
2539,Texas,16850001,1685,1,Control/Traction Loss,While Manipulating Cellular Phone,While Manipulating Cellular Phone,Not Reported
2540,Texas,16860001,1686,1,Lateral Move (Going Straight),Not Distracted,Not Distracted,Motor Vehicle
2541,Texas,16860002,1686,2,Lateral Move (Left/Right),"Inattention (Inattentive), Details Unknown","Inattention (Inattentive), Details Unknown",Not Reported
2542,Texas,16870001,1687,1,Turn Into Same Direction (Turning Left),Not Distracted,Not Distracted,Not Reported
2543,Texas,16870002,1687,2,Turn Into Same Direction (Going Straight),Not Distracted,Not Distracted,Motor Vehicle