,State Name,ID,CaseNo,VehicleNo,CrashType,First Distraction,Second Distraction,Driver Action
2544,Texas,16880001,1688,1,Initial Same Directions (Turning Left),Not Distracted,Not Distracted,Not Reported
2545,Texas,16880002,1688,2,Initial Same Directions (Going Straight),Not Distracted,Not Distracted,Not Reported
2546,Texas,16890001,1689,1,Slower,Not Distracted,Not Distracted,Not Reported
2547,Texas,16890002,1689,2,"Slower, Going Straight",Not Distracted,Not Distracted,Not Reported
2548,Texas,16890003,1689,3,Other Crash Type,Not Distracted,Not Distracted,Not Reported
2549,Texas,16900001,1690,1,Control/Traction Loss,Not Distracted,Not Distracted,Not Reported
2550,Texas,16910001,1691,1,Struck On The Right,Not Distracted,Not Distracted,Not Reported
2551,Texas,16910002,1691,2,Striking From The Right,Not Distracted,Not Distracted,Not Reported
2552,Texas,16910003,1691,3,Other Crash Type,Not Distracted,Not Distracted,Driver Did Not Maneuver To Avoid
2553,Texas,16920001,1692,1,Other Crash Type,"Inattention (Inattentive), Details Unknown","Inattention (Inattentive), Details Unknown",Driver Did Not Maneuver To Avoid
2554,Texas,16920002,1692,2,Other Crash Type,Not Distracted,Not Distracted,Not Reported
2555,Texas,16930001,1693,1,Striking From The Left,Not Distracted,Not Distracted,Not Reported
2556,Texas,16930002,1693,2,Struck On The Left,Not Distracted,Not Distracted,Not Reported
2557,Texas,16940001,1694,1,Turn Into Opposite Directions (Turning Left),Not Distracted,Not Distracted,Not Reported
2558,Texas,16940002,1694,2,Turn Into Opposite Directions (Going Straight),Not Distracted,Not Distracted,Not Reported
2559,Texas,16950001,1695,1,Drive Off Road,Not Distracted,Not Distracted,Not Reported
2560,Texas,16960001,1696,1,Initial Opposite Directions (Going Straight),Not Distracted,Not Distracted,Not Reported
2561,Texas,16960002,1696,2,Initial Opposite Directions (Left/Right),While Talking Or Listening To Cellular Phone,While Talking Or Listening To Cellular Phone,Not Reported
2562,Texas,16970001,1697,1,Specifics Other,Not Distracted,Not Distracted,Not Reported
2563,Texas,16970002,1697,2,Specifics Other,Not Distracted,Not Distracted,Not Reported
2564,Texas,16970003,1697,3,Other Crash Type,Not Distracted,Not Distracted,Not Reported
2565,Texas,16980001,1698,1,Lateral Move (Left/Right),Not Distracted,Not Distracted,Not Reported
2566,Texas,16980002,1698,2,Lateral Move (Going Straight),Not Distracted,Not Distracted,Not Reported
2567,Texas,16990001,1699,1,Drive Off Road,While Talking Or Listening To Cellular Phone,While Talking Or Listening To Cellular Phone,Not Reported
2568,Texas,17000001,1700,1,Pedestrian/ Animal,Not Distracted,Not Distracted,Not Reported
2569,Texas,17010001,1701,1,Control/Traction Loss,Not Distracted,Not Distracted,Not Reported
2570,Texas,17020001,1702,1,Struck On The Right,Not Distracted,Not Distracted,Not Reported
2571,Texas,17020002,1702,2,Striking From The Right,Not Distracted,Not Distracted,Not Reported
2572,Texas,17030001,1703,1,Other Crash Type,Not Distracted,Not Distracted,Not Reported
2573,Texas,17040001,1704,1,Drive Off Road,Not Distracted,Not Distracted,Not Reported
2574,Texas,17050001,1705,1,Other Crash Type,Not Distracted,Not Distracted,Motor Vehicle
2575,Texas,17050002,1705,2,Other Crash Type,Not Distracted,Not Distracted,Driver Did Not Maneuver To Avoid
2576,Texas,17050003,1705,3,Other Crash Type,Not Distracted,Not Distracted,Motor Vehicle
2577,Texas,17060001,1706,1,Slower,Not Distracted,Not Distracted,Not Reported
2578,Texas,17060002,1706,2,"Slower, Going Straight",Not Distracted,Not Distracted,Not Reported
2579,Texas,17070001,1707,1,Avoid Collision With Vehicle,Not Distracted,Not Distracted,Phantom/Non-Contact Motor Vehicle
2580,Texas,17070002,1707,2,Avoid Collision With Vehicle,Not Distracted,Not Distracted,Phantom/Non-Contact Motor Vehicle
2581,Texas,17080001,1708,1,Drive Off Road,Not Distracted,Not Distracted,Not Reported
2582,Texas,17090001,1709,1,Parked Veh.,Not Distracted,Not Distracted,Not Reported
2583,Texas,17100001,1710,1,Drive Off Road,Not Distracted,Not Distracted,Not Reported
2584,Texas,17110001,1711,1,Lateral Move (Left/Right),Not Distracted,Not Distracted,Not Reported
2585,Texas,17110002,1711,2,Lateral Move (Going Straight),Not Distracted,Not Distracted,Not Reported
2586,Texas,17120001,1712,1,Pedestrian/ Animal,Not Distracted,Not Distracted,Driver Did Not Maneuver To Avoid
2587,Texas,17130001,1713,1,Pedestrian/ Animal,Not Distracted,Not Distracted,Not Reported
2588,Texas,17140001,1714,1,Drive Off Road,Not Distracted,Not Distracted,Not Reported
2589,Texas,17150001,1715,1,Struck On The Right,Not Distracted,Not Distracted,Not Reported
2590,Texas,17150002,1715,2,Striking From The Right,Not Distracted,Not Distracted,Not Reported
2591,Texas,17160001,1716,1,Drive Off Road,Not Distracted,Not Distracted,Not Reported
2592,Texas,17170001,1717,1,Control/Traction Loss,Not Distracted,Not Distracted,Not Reported
2593,Texas,17180001,1718,1,Other Crash Type,Not Distracted,Not Distracted,Not Reported
2594,Texas,17190001,1719,1,Lateral Move (Left/Right),Not Distracted,Not Distracted,Not Reported
2595,Texas,17190002,1719,2,Lateral Move (Going Straight),Not Distracted,Not Distracted,Not Reported
2596,Texas,17190003,1719,3,Other Crash Type,Not Distracted,Not Distracted,Not Reported
2597,Texas,17190004,1719,4,Other Crash Type,Not Distracted,Not Distracted,Not Reported
2598,Texas,17200001,1720,1,Lateral Move (Left/Right),Eating Or Drinking,Eating Or Drinking,Not Reported
2599,Texas,17200002,1720,2,Lateral Move (Going Straight),Not Distracted,Not Distracted,Not Reported
2600,Texas,17200003,1720,3,Other Crash Type,Not Distracted,Not Distracted,Not Reported
2601,Texas,17210001,1721,1,Drive Off Road,Not Distracted,Not Distracted,Not Reported
2602,Texas,17220001,1722,1,Other Crash Type,Not Distracted,Not Distracted,Not Reported
2603,Texas,17220002,1722,2,Other Crash Type,Not Distracted,Not Distracted,Not Reported
2604,Texas,17220003,1722,3,Other Crash Type,Not Distracted,Not Distracted,Not Reported
2605,Texas,17230001,1723,1,Drive Off Road,Not Distracted,Not Distracted,Not Reported
2606,Texas,17240001,1724,1,Drive Off Road,Not Distracted,Not Distracted,Driver Did Not Maneuver To Avoid
2607,Texas,17250001,1725,1,Other Crash Type,Not Distracted,Not Distracted,Not Reported
2608,Texas,17260001,1726,1,Specifics Other,"Inattention (Inattentive), Details Unknown","Inattention (Inattentive), Details Unknown",Not Reported
2609,Texas,17260002,1726,2,Specifics Other,Not Distracted,Not Distracted,Not Reported
2610,Texas,17270001,1727,1,Turn Into Opposite Directions (Turning Left),Not Distracted,Not Distracted,Not Reported
2611,Texas,17270002,1727,2,Turn Into Opposite Directions (Going Straight),Not Distracted,Not Distracted,Not Reported
2612,Texas,17280001,1728,1,Pedestrian/ Animal,Not Distracted,Not Distracted,Not Reported
2613,Texas,17290001,1729,1,Drive Off Road,Not Distracted,Not Distracted,Not Reported
2614,Texas,17300001,1730,1,Drive Off Road,Not Distracted,Not Distracted,Not Reported
2615,Texas,17310001,1731,1,Drive Off Road,Not Distracted,Not Distracted,Not Reported
2616,Texas,17320001,1732,1,Other Crash Type,Not Distracted,Not Distracted,Not Reported
2617,Texas,17330001,1733,1,Other Crash Type,Not Distracted,Not Distracted,Not Reported
2618,Texas,17340001,1734,1,Other Crash Type,Not Distracted,Not Distracted,Not Reported
2619,Texas,17350001,1735,1,Lateral Move (Going Straight),Not Distracted,Not Distracted,Motor Vehicle
2620,Texas,17350002,1735,2,Lateral Move (Left/Right),Not Distracted,Not Distracted,Not Reported
2621,Texas,17360001,1736,1,Pedestrian/ Animal,"Inattention (Inattentive), Details Unknown","Inattention (Inattentive), Details Unknown",Driver Did Not Maneuver To Avoid
2622,Texas,17370001,1737,1,Turn Into Opposite Directions (Turning Left),Not Distracted,Not Distracted,Driver Did Not Maneuver To Avoid
2623,Texas,17370002,1737,2,Turn Into Opposite Directions (Going Straight),Not Distracted,Not Distracted,Not Reported
2624,Texas,17380001,1738,1,Drive Off Road,Not Distracted,Not Distracted,Not Reported
2625,Texas,17390001,1739,1,Pedestrian/ Animal,Not Distracted,Not Distracted,"Pedestrian, Pedalcyclist Or Other Non-Motorist"
2626,Texas,17400001,1740,1,Specifics Other,Not Distracted,Not Distracted,Not Reported
2627,Texas,17400002,1740,2,Specifics Other,Not Distracted,Not Distracted,Motor Vehicle
2628,Texas,17410001,1741,1,Lateral Move (Left/Right),Not Distracted,Not Distracted,Not Reported
2629,Texas,17410002,1741,2,Lateral Move (Going Straight),Not Distracted,Not Distracted,Not Reported
2630,Texas,17420001,1742,1,Control/Traction Loss,Not Distracted,Not Distracted,Not Reported
2631,Texas,17430001,1743,1,Drive Off Road,Not Distracted,Not Distracted,Not Reported
2632,Texas,17440001,1744,1,Lateral Move (Left/Right),Not Distracted,Not Distracted,Motor Vehicle
2633,Texas,17440002,1744,2,Lateral Move (Going Straight),Not Distracted,Not Distracted,Not Reported
2634,Texas,17450001,1745,1,Drive Off Road,Not Distracted,Not Distracted,Not Reported
2635,Texas,17460001,1746,1,Lateral Move (Left/Right),"Inattention (Inattentive), Details Unknown","Inattention (Inattentive), Details Unknown",Not Reported
2636,Texas,17460002,1746,2,Lateral Move (Going Straight),Not Distracted,Not Distracted,Not Reported
2637,Texas,17460003,1746,3,Other Crash Type,Not Distracted,Not Distracted,Not Reported
2638,Texas,17470001,1747,1,Pedestrian/ Animal,Not Distracted,Not Distracted,"Pedestrian, Pedalcyclist Or Other Non-Motorist"
2639,Texas,17480001,1748,1,Lateral Move (Left/Right),Not Distracted,Not Distracted,Not Reported
2640,Texas,17480002,1748,2,Lateral Move (Going Straight),Not Distracted,Not Distracted,Motor Vehicle
2641,Texas,17490001,1749,1,Lateral Move (Left/Right),Not Distracted,Not Distracted,Not Reported
2642,Texas,17490002,1749,2,Lateral Move (Going Straight),Not Distracted,Not Distracted,Motor Vehicle
2643,Texas,17500001,1750,1,"Decelerating (Slowing), Going Straight",Not Distracted,Not Distracted,Not Reported
2644,Texas,17500002,1750,2,Decelerating (Slowing),Not Distracted,Not Distracted,Not Reported
2645,Texas,17510001,1751,1,Drive Off Road,Not Distracted,Not Distracted,Not Reported
2646,Texas,17530001,1753,1,Specifics Other,Not Distracted,Not Distracted,Not Reported
2647,Texas,17530002,1753,2,Specifics Other,Not Distracted,Not Distracted,Driver Did Not Maneuver To Avoid
2648,Texas,17540001,1754,1,Other Crash Type,Not Distracted,Not Distracted,Not Reported
2649,Texas,17550001,1755,1,Drive Off Road,Not Distracted,Not Distracted,Not Reported
2650,Texas,17560001,1756,1,Drive Off Road,Not Distracted,Not Distracted,Not Reported
2651,Texas,17570001,1757,1,Specifics Other,Not Distracted,Not Distracted,Not Reported
2652,Texas,17570002,1757,2,Specifics Other,No Driver Present/Unknown If Driver Present,No Driver Present/Unknown If Driver Present,No Driver Present/Unknown If Driver Present
2653,Texas,17580001,1758,1,Pedestrian/ Animal,"Inattention (Inattentive), Details Unknown","Inattention (Inattentive), Details Unknown",Not Reported
2654,Texas,17590001,1759,1,"Stopped, Straight",Not Distracted,Not Distracted,Driver Did Not Maneuver To Avoid
2655,Texas,17590002,1759,2,Stopped,Not Distracted,Not Distracted,Not Reported
2656,Texas,17600001,1760,1,Initial Opposite Directions (Going Straight),Not Distracted,Not Distracted,Not Reported
2657,Texas,17600002,1760,2,Initial Opposite Directions (Left/Right),Not Distracted,Not Distracted,Not Reported
2658,Texas,17610001,1761,1,Drive Off Road,Not Distracted,Not Distracted,Not Reported
2659,Texas,17620001,1762,1,Specifics Other,Not Distracted,Not Distracted,Not Reported
2660,Texas,17620002,1762,2,Specifics Other,Not Distracted,Not Distracted,Not Reported
2661,Texas,17640001,1764,1,Stopped,Not Distracted,Not Distracted,Driver Did Not Maneuver To Avoid
2662,Texas,17640002,1764,2,"Stopped, Straight",Not Distracted,Not Distracted,Driver Did Not Maneuver To Avoid
2663,Texas,17640003,1764,3,Other Crash Type,Not Distracted,Not Distracted,Driver Did Not Maneuver To Avoid
2664,Texas,17640004,1764,4,Other Crash Type,Not Distracted,Not Distracted,Driver Did Not Maneuver To Avoid
2665,Texas,17640005,1764,5,Other Crash Type,Not Distracted,Not Distracted,Driver Did Not Maneuver To Avoid
2666,Texas,17650001,1765,1,Specifics Other,Not Distracted,Not Distracted,Not Reported
2667,Texas,17650002,1765,2,Other Crash Type,Not Distracted,Not Distracted,Not Reported
2668,Texas,17650003,1765,3,Other Crash Type,Not Distracted,Not Distracted,Not Reported
2669,Texas,17660001,1766,1,Striking From The Left,Not Distracted,Not Distracted,Not Reported
2670,Texas,17660002,1766,2,Struck On The Left,Not Distracted,Not Distracted,Driver Did Not Maneuver To Avoid
2671,Texas,17670001,1767,1,Control/Traction Loss,Not Distracted,Not Distracted,Not Reported
2672,Texas,17680001,1768,1,Striking From The Left,Not Distracted,Not Distracted,Driver Did Not Maneuver To Avoid
2673,Texas,17680002,1768,2,Struck On The Left,Not Distracted,Not Distracted,Not Reported
2674,Texas,17680003,1768,3,Other Crash Type,Not Distracted,Not Distracted,Not Reported
2675,Texas,17690001,1769,1,Struck On The Right,Not Distracted,Not Distracted,Not Reported
2676,Texas,17690002,1769,2,Striking From The Right,Not Distracted,Not Distracted,Not Reported
2677,Texas,17700001,1770,1,Drive Off Road,Not Distracted,Not Distracted,Not Reported
2678,Texas,17710001,1771,1,Control/Traction Loss,Not Distracted,Not Distracted,Not Reported
2679,Texas,17720001,1772,1,Other Crash Type,By Other Occupant(s),By Other Occupant(s),Not Reported
2680,Texas,17730001,1773,1,Drive Off Road,Not Distracted,Not Distracted,Not Reported
2681,Texas,17740001,1774,1,Pedestrian/ Animal,Not Distracted,Not Distracted,"Pedestrian, Pedalcyclist Or Other Non-Motorist"
2682,Texas,17750001,1775,1,Specifics Other,Not Distracted,Not Distracted,Not Reported
2683,Texas,17750002,1775,2,Specifics Other,Not Distracted,Not Distracted,Not Reported
2684,Texas,17760001,1776,1,Drive Off Road,Not Distracted,Not Distracted,Not Reported
2685,Texas,17770001,1777,1,Pedestrian/ Animal,Not Distracted,Not Distracted,Not Reported
2686,Texas,17780001,1778,1,Struck On The Left,Not Distracted,Not Distracted,Not Reported
2687,Texas,17780002,1778,2,Striking From The Left,Not Distracted,Not Distracted,Motor Vehicle
2688,Texas,17790001,1779,1,Control/Traction Loss,Not Distracted,Not Distracted,Not Reported
2689,Texas,17800001,1780,1,Drive Off Road,Not Distracted,Not Distracted,Not Reported
2690,Texas,17810001,1781,1,Control/Traction Loss,Not Distracted,Not Distracted,Not Reported
2691,Texas,17820001,1782,1,Control/Traction Loss,Unknown If Distracted,Unknown If Distracted,Unknown
2692,Texas,17830001,1783,1,Drive Off Road,Not Distracted,Not Distracted,Not Reported
2693,Texas,17840001,1784,1,Drive Off Road,Not Distracted,Not Distracted,Not Reported
2694,Texas,17850001,1785,1,Drive Off Road,Not Distracted,Not Distracted,Not Reported
2695,Texas,17860001,1786,1,Control/Traction Loss,Not Distracted,Not Distracted,Not Reported
2696,Texas,17870001,1787,1,Pedestrian/ Animal,Unknown If Distracted,Unknown If Distracted,Unknown
2697,Texas,17880001,1788,1,Slower,Not Distracted,Not Distracted,Not Reported
2698,Texas,17880002,1788,2,"Slower, Going Straight",Not Distracted,Not Distracted,Driver Did Not Maneuver To Avoid
2699,Texas,17890001,1789,1,Specifics Other,Not Distracted,Not Distracted,Phantom/Non-Contact Motor Vehicle
2700,Texas,17890002,1789,2,Specifics Other,Not Distracted,Not Distracted,Motor Vehicle
2701,Texas,17900001,1790,1,Lateral Move (Left/Right),Not Distracted,Not Distracted,Not Reported
2702,Texas,17900002,1790,2,Lateral Move (Going Straight),Not Distracted,Not Distracted,Not Reported
2703,Texas,17910001,1791,1,Control/Traction Loss,Not Distracted,Not Distracted,Not Reported
2704,Texas,17920001,1792,1,Drive Off Road,Not Distracted,Not Distracted,Not Reported
2705,Texas,17930001,1793,1,Struck On The Right,Not Distracted,Not Distracted,Driver Did Not Maneuver To Avoid
2706,Texas,17930002,1793,2,Striking From The Right,Not Distracted,Not Distracted,Motor Vehicle
2707,Texas,17940001,1794,1,Pedestrian/ Animal,Not Distracted,Not Distracted,Not Reported
2708,Texas,17950001,1795,1,Slower,"Inattention (Inattentive), Details Unknown","Inattention (Inattentive), Details Unknown",Not Reported
2709,Texas,17950002,1795,2,"Slower, Going Left",Not Distracted,Not Distracted,Driver Did Not Maneuver To Avoid
2710,Texas,17960001,1796,1,Pedestrian/ Animal,"Inattention (Inattentive), Details Unknown","Inattention (Inattentive), Details Unknown",Not Reported
2711,Texas,17970001,1797,1,Struck On The Right,Not Distracted,Not Distracted,Not Reported
2712,Texas,17970002,1797,2,Striking From The Right,Not Distracted,Not Distracted,Driver Did Not Maneuver To Avoid
2713,Texas,17980001,1798,1,Specifics Other,Not Distracted,Not Distracted,Not Reported
2714,Texas,17980002,1798,2,Specifics Other,Not Distracted,Not Distracted,Motor Vehicle
2715,Texas,17990001,1799,1,Drive Off Road,Not Distracted,Not Distracted,Not Reported
2716,Texas,18000001,1800,1,Drive Off Road,Not Distracted,Not Distracted,Not Reported
2717,Texas,18010001,1801,1,Control/Traction Loss,Not Distracted,Not Distracted,Not Reported
2718,Texas,18020001,1802,1,Turn Into Same Direction (Going Straight),Not Distracted,Not Distracted,Not Reported
2719,Texas,18020002,1802,2,Turn Into Same Direction (Turning Right),Not Distracted,Not Distracted,Not Reported
2720,Texas,18040001,1804,1,Lateral Move (Left/Right),Not Distracted,Not Distracted,Not Reported
2721,Texas,18040002,1804,2,Lateral Move (Going Straight),Not Distracted,Not Distracted,Not Reported
2722,Texas,18050001,1805,1,Drive Off Road,Not Distracted,Not Distracted,Not Reported
2723,Texas,18070001,1807,1,Pedestrian/ Animal,Not Distracted,Not Distracted,Not Reported
2724,Texas,18080001,1808,1,Control/Traction Loss,Not Distracted,Not Distracted,Live Animal
2725,Texas,18090001,1809,1,Stopped,Not Distracted,Not Distracted,Not Reported
2726,Texas,18090002,1809,2,Other Crash Type,Not Distracted,Not Distracted,Not Reported
2727,Texas,18090003,1809,3,"Stopped, Left",Not Distracted,Not Distracted,Not Reported
2728,Texas,18100001,1810,1,Pedestrian/ Animal,Adjusting Audio Or Climate Controls,Adjusting Audio Or Climate Controls,Not Reported
2729,Texas,18110001,1811,1,Pedestrian/ Animal,Not Distracted,Not Distracted,Phantom/Non-Contact Motor Vehicle
2730,Texas,18120001,1812,1,Control/Traction Loss,Not Distracted,Not Distracted,Not Reported
2731,Texas,18130001,1813,1,Parked Veh.,Not Distracted,Not Distracted,Not Reported
2732,Texas,18140001,1814,1,Pedestrian/ Animal,Not Distracted,Not Distracted,Not Reported
2733,Texas,18150001,1815,1,Control/Traction Loss,Not Distracted,Not Distracted,Not Reported
2734,Texas,18160001,1816,1,Lateral Move (Left/Right),Not Distracted,Not Distracted,Not Reported
2735,Texas,18160002,1816,2,Lateral Move (Going Straight),Not Distracted,Not Distracted,Not Reported
2736,Texas,18170001,1817,1,Drive Off Road,Not Distracted,Not Distracted,Not Reported
2737,Texas,18180001,1818,1,Lateral Move (Left/Right),Not Distracted,Not Distracted,Not Reported
2738,Texas,18180002,1818,2,Lateral Move (Going Straight),Not Distracted,Not Distracted,Not Reported
2739,Texas,18190001,1819,1,Pedestrian/ Animal,Not Distracted,Not Distracted,Not Reported
2740,Texas,18200001,1820,1,Initial Opposite Directions (Going Straight),Not Distracted,Not Distracted,Not Reported
2741,Texas,18200002,1820,2,Initial Opposite Directions (Left/Right),Not Distracted,Not Distracted,Not Reported
2742,Texas,18200003,1820,3,Other Crash Type,Not Distracted,Not Distracted,Driver Did Not Maneuver To Avoid
2743,Texas,18210001,1821,1,Slower,Not Distracted,Not Distracted,Not Reported
2744,Texas,18210002,1821,2,"Slower, Going Straight",Not Distracted,Not Distracted,Not Reported
2745,Texas,18220001,1822,1,Turn Into Opposite Directions (Going Straight),Not Distracted,Not Distracted,Not Reported
2746,Texas,18220002,1822,2,Turn Into Opposite Directions (Turning Left),Not Distracted,Not Distracted,Not Reported
2747,Texas,18230001,1823,1,Straight Ahead On Left/Right,Not Distracted,Not Distracted,Not Reported
2748,Texas,18230002,1823,2,Straight Ahead On Left,Not Distracted,Not Distracted,Not Reported
2749,Texas,18240001,1824,1,Specifics Other,Not Distracted,Not Distracted,Driver Did Not Maneuver To Avoid
2750,Texas,18240002,1824,2,Specifics Other,No Driver Present/Unknown If Driver Present,No Driver Present/Unknown If Driver Present,No Driver Present/Unknown If Driver Present
2751,Texas,18250001,1825,1,Pedestrian/ Animal,Not Distracted,Not Distracted,Not Reported
2752,Texas,18260001,1826,1,Drive Off Road,Not Distracted,Not Distracted,Not Reported
2753,Texas,18270001,1827,1,Struck On The Right,Not Distracted,Not Distracted,Not Reported
2754,Texas,18270002,1827,2,Striking From The Right,Not Distracted,Not Distracted,Not Reported
2755,Texas,18280001,1828,1,Pedestrian/ Animal,Not Distracted,Not Distracted,Not Reported
2756,Texas,18290001,1829,1,Other Crash Type,Not Distracted,Not Distracted,Not Reported
2757,Texas,18290002,1829,2,Other Crash Type,Not Distracted,Not Distracted,Not Reported
2758,Texas,18300001,1830,1,Lateral Move (Left/Right),Not Distracted,Not Distracted,Not Reported
2759,Texas,18300002,1830,2,Lateral Move (Going Straight),Not Distracted,Not Distracted,Not Reported
2760,Texas,18300003,1830,3,Other Crash Type,Not Distracted,Not Distracted,Not Reported
2761,Texas,18310001,1831,1,"Decelerating (Slowing), Going Straight",Not Distracted,Not Distracted,Not Reported
2762,Texas,18310002,1831,2,Decelerating (Slowing),Not Distracted,Not Distracted,Not Reported
2763,Texas,18310003,1831,3,Other Crash Type,Not Distracted,Not Distracted,Not Reported
2764,Texas,18320001,1832,1,Pedestrian/ Animal,Not Distracted,Not Distracted,Not Reported
2765,Texas,18330001,1833,1,Pedestrian/ Animal,Not Distracted,Not Distracted,Not Reported
2766,Texas,18340001,1834,1,Striking From The Right,"Inattention (Inattentive), Details Unknown","Inattention (Inattentive), Details Unknown",Not Reported
2767,Texas,18340002,1834,2,Struck On The Right,Not Distracted,Not Distracted,Not Reported
2768,Texas,18350001,1835,1,Control/Traction Loss,Not Distracted,Not Distracted,Not Reported
2769,Texas,18360001,1836,1,Stopped,Not Distracted,Not Distracted,Not Reported
2770,Texas,18360002,1836,2,"Stopped, Straight",Not Distracted,Not Distracted,Driver Did Not Maneuver To Avoid
2771,Texas,18370001,1837,1,Sta. Object,Not Distracted,Not Distracted,Not Reported
2772,Texas,18380001,1838,1,Pedestrian/ Animal,Not Distracted,Not Distracted,Not Reported
2773,Texas,18390001,1839,1,End Departure,Not Distracted,Not Distracted,Not Reported
2774,Texas,18400001,1840,1,Pedestrian/ Animal,Not Distracted,Not Distracted,Driver Did Not Maneuver To Avoid
2775,Texas,18410001,1841,1,Turn Into Opposite Directions (Turning Left),Not Distracted,Not Distracted,Not Reported
2776,Texas,18410002,1841,2,Turn Into Opposite Directions (Going Straight),Not Distracted,Not Distracted,Motor Vehicle
2777,Texas,18420001,1842,1,Initial Opposite Directions (Going Straight),Not Distracted,Not Distracted,Motor Vehicle
2778,Texas,18420002,1842,2,Initial Opposite Directions (Left/Right),Not Distracted,Not Distracted,Not Reported
2779,Texas,18430001,1843,1,Struck On The Left,Not Distracted,Not Distracted,Not Reported
2780,Texas,18430002,1843,2,Striking From The Left,Not Distracted,Not Distracted,Not Reported
2781,Texas,18440001,1844,1,Initial Opposite Directions (Left/Right),Not Distracted,Not Distracted,Not Reported
2782,Texas,18440002,1844,2,Initial Opposite Directions (Going Straight),Not Distracted,Not Distracted,Not Reported
2783,Texas,18450001,1845,1,Drive Off Road,Not Distracted,Not Distracted,Not Reported
2784,Texas,18460001,1846,1,Stopped,Not Distracted,Not Distracted,Not Reported
2785,Texas,18460002,1846,2,"Stopped, Left",Not Distracted,Not Distracted,Driver Did Not Maneuver To Avoid
2786,Texas,18460003,1846,3,Other Crash Type,Not Distracted,Not Distracted,Not Reported
2787,Texas,18470001,1847,1,Pedestrian/ Animal,While Manipulating Cellular Phone,While Manipulating Cellular Phone,Not Reported
2788,Texas,18480001,1848,1,Pedestrian/ Animal,Unknown If Distracted,Unknown If Distracted,Unknown
2789,Texas,18490001,1849,1,Lateral Move (Left/Right),Not Distracted,Not Distracted,Not Reported
2790,Texas,18490002,1849,2,Lateral Move (Going Straight),Not Distracted,Not Distracted,Not Reported
2791,Texas,18500001,1850,1,Drive Off Road,Not Distracted,Not Distracted,Not Reported
2792,Texas,18510001,1851,1,Drive Off Road,Not Distracted,Not Distracted,Not Reported
2793,Texas,18520001,1852,1,Control/Traction Loss,Not Distracted,Not Distracted,Live Animal
2794,Texas,18530001,1853,1,Pedestrian/ Animal,Not Distracted,Not Distracted,Not Reported
2795,Texas,18540001,1854,1,Slower,Not Distracted,Not Distracted,Not Reported
2796,Texas,18540002,1854,2,"Slower, Going Straight",Not Distracted,Not Distracted,Not Reported
2797,Texas,18560001,1856,1,Pedestrian/ Animal,Unknown If Distracted,Unknown If Distracted,Unknown
2798,Texas,18570001,1857,1,Control/Traction Loss,Not Distracted,Not Distracted,Not Reported
2799,Texas,18590001,1859,1,Lateral Move (Left/Right),Not Distracted,Not Distracted,Not Reported
2800,Texas,18590002,1859,2,Lateral Move (Going Straight),Not Distracted,Not Distracted,Not Reported
2801,Texas,18600001,1860,1,Pedestrian/ Animal,Not Distracted,Not Distracted,Not Reported
2802,Texas,18610001,1861,1,Other Crash Type,Unknown If Distracted,Unknown If Distracted,Unknown
2803,Texas,18610002,1861,2,Drive Off Road,Not Distracted,Not Distracted,Not Reported
2804,Texas,18610003,1861,3,Other Crash Type,Unknown If Distracted,Unknown If Distracted,Unknown
2805,Texas,18620001,1862,1,Lateral Move (Left/Right),Not Distracted,Not Distracted,Not Reported
2806,Texas,18620002,1862,2,Lateral Move (Going Straight),Not Distracted,Not Distracted,Not Reported
2807,Texas,18630001,1863,1,Parked Veh.,Not Distracted,Not Distracted,Not Reported
2808,Texas,18640001,1864,1,Other Crash Type,Not Distracted,Not Distracted,Not Reported
2809,Texas,18640002,1864,2,Other Crash Type,Not Distracted,Not Distracted,Not Reported
2810,Texas,18650001,1865,1,Pedestrian/ Animal,Unknown If Distracted,Unknown If Distracted,Unknown
2811,Texas,18660001,1866,1,"Slower, Going Straight",Not Distracted,Not Distracted,Not Reported
2812,Texas,18660002,1866,2,Slower,"Inattention (Inattentive), Details Unknown","Inattention (Inattentive), Details Unknown",Not Reported
2813,Texas,18670001,1867,1,Lateral Move (Left/Right),Not Distracted,Not Distracted,Not Reported
2814,Texas,18670002,1867,2,Lateral Move (Going Straight),Not Distracted,Not Distracted,Not Reported
2815,Texas,18680001,1868,1,Pedestrian/ Animal,Not Distracted,Not Distracted,Not Reported
2816,Texas,18690001,1869,1,Parked Veh.,Not Distracted,Not Distracted,Not Reported
2817,Texas,18700001,1870,1,Pedestrian/ Animal,Not Distracted,Not Distracted,"Pedestrian, Pedalcyclist Or Other Non-Motorist"
2818,Texas,18700002,1870,2,Other Crash Type,Not Distracted,Not Distracted,Not Reported
2819,Texas,18710001,1871,1,Decelerating (Slowing),Not Distracted,Not Distracted,Not Reported
2820,Texas,18710002,1871,2,"Decelerating (Slowing), Going Straight",Not Distracted,Not Distracted,Not Reported
2821,Texas,18710003,1871,3,Other Crash Type,Not Distracted,Not Distracted,Not Reported