,State Name,ID,CaseNo,VehicleNo,CrashType,First Distraction,Second Distraction,Driver Action
2822,Texas,18720001,1872,1,Pedestrian/ Animal,Not Distracted,Not Distracted,Not Reported
2823,Texas,18730001,1873,1,Pedestrian/ Animal,Not Distracted,Not Distracted,"Pedestrian, Pedalcyclist Or Other Non-Motorist"
2824,Texas,18740001,1874,1,Control/Traction Loss,Not Distracted,Not Distracted,Not Reported
2825,Texas,18750001,1875,1,Pedestrian/ Animal,Not Distracted,Not Distracted,Not Reported
2826,Texas,18760001,1876,1,Other Crash Type,"Inattention (Inattentive), Details Unknown","Inattention (Inattentive), Details Unknown",Not Reported
2827,Texas,18760002,1876,2,Other Crash Type,Not Distracted,Not Distracted,Not Reported
2828,Texas,18770001,1877,1,Drive Off Road,Not Distracted,Not Distracted,Not Reported
2829,Texas,18780001,1878,1,Slower,"Inattention (Inattentive), Details Unknown","Inattention (Inattentive), Details Unknown",Not Reported
2830,Texas,18780002,1878,2,"Slower, Going Straight",Not Distracted,Not Distracted,Not Reported
2831,Texas,18790001,1879,1,Control/Traction Loss,Not Distracted,Not Distracted,Not Reported
2832,Texas,18800001,1880,1,Drive Off Road,Not Distracted,Not Distracted,Not Reported
2833,Texas,18810001,1881,1,Drive Off Road,Not Distracted,Not Distracted,Not Reported
2834,Texas,18820001,1882,1,Specifics Other,Not Distracted,Not Distracted,Not Reported
2835,Texas,18820002,1882,2,Specifics Other,Not Distracted,Not Distracted,Not Reported
2836,Texas,18830001,1883,1,Drive Off Road,Not Distracted,Not Distracted,Not Reported
2837,Texas,18840001,1884,1,Specifics Other,"Distraction (Distracted), Details Unknown","Distraction (Distracted), Details Unknown",Phantom/Non-Contact Motor Vehicle
2838,Texas,18840002,1884,2,Specifics Other,Not Distracted,Not Distracted,Not Reported
2839,Texas,18850001,1885,1,Drive Off Road,Unknown If Distracted,Unknown If Distracted,Unknown
2840,Texas,18860001,1886,1,Specifics Other,Not Distracted,Not Distracted,Not Reported
2841,Texas,18860002,1886,2,Specifics Other,Not Distracted,Not Distracted,Not Reported
2842,Texas,18870001,1887,1,Drive Off Road,Unknown If Distracted,Unknown If Distracted,Not Reported
2843,Texas,18880001,1888,1,Lateral Move (Going Straight),Not Distracted,Not Distracted,Not Reported
2844,Texas,18880002,1888,2,Lateral Move (Left/Right),Not Distracted,Not Distracted,Not Reported
2845,Texas,18890001,1889,1,Sta. Object,Not Distracted,Not Distracted,Driver Did Not Maneuver To Avoid
2846,Texas,18900001,1890,1,Lateral Move (Left/Right),Not Distracted,Not Distracted,Not Reported
2847,Texas,18900002,1890,2,Lateral Move (Going Straight),Not Distracted,Not Distracted,Not Reported
2848,Texas,18910001,1891,1,"Slower, Going Straight",Not Distracted,Not Distracted,Driver Did Not Maneuver To Avoid
2849,Texas,18910002,1891,2,Slower,Not Distracted,Not Distracted,Not Reported
2850,Texas,18920001,1892,1,Pedestrian/ Animal,Unknown If Distracted,Unknown If Distracted,Unknown
2851,Texas,18930001,1893,1,Pedestrian/ Animal,Not Distracted,Not Distracted,Not Reported
2852,Texas,18940001,1894,1,Drive Off Road,Not Distracted,Not Distracted,Not Reported
2853,Texas,18950001,1895,1,Control/Traction Loss,Not Distracted,Not Distracted,Not Reported
2854,Texas,18960001,1896,1,Initial Opposite Directions (Left/Right),Not Distracted,Not Distracted,Not Reported
2855,Texas,18960002,1896,2,Initial Opposite Directions (Going Straight),Not Distracted,Not Distracted,Not Reported
2856,Texas,18970001,1897,1,Drive Off Road,Not Distracted,Not Distracted,Not Reported
2857,Texas,18980001,1898,1,Pedestrian/ Animal,Not Distracted,Not Distracted,Not Reported
2858,Texas,18990001,1899,1,Initial Opposite Directions (Left/Right),Not Distracted,Not Distracted,Not Reported
2859,Texas,18990002,1899,2,Initial Opposite Directions (Going Straight),Not Distracted,Not Distracted,Not Reported
2860,Texas,19000001,1900,1,Control/Traction Loss,Not Distracted,Not Distracted,Not Reported
2861,Texas,19010001,1901,1,Turn Into Same Direction (Going Straight),Not Distracted,Not Distracted,Not Reported
2862,Texas,19010002,1901,2,Turn Into Same Direction (Turning Left),Not Distracted,Not Distracted,Not Reported
2863,Texas,19010003,1901,3,Other Crash Type,Not Distracted,Not Distracted,Not Reported
2864,Texas,19020001,1902,1,Initial Opposite Directions (Left/Right),Not Distracted,Not Distracted,Not Reported
2865,Texas,19020002,1902,2,Initial Opposite Directions (Going Straight),Not Distracted,Not Distracted,Not Reported
2866,Texas,19030001,1903,1,Initial Opposite Directions (Left/Right),Not Distracted,Not Distracted,Not Reported
2867,Texas,19030002,1903,2,Initial Opposite Directions (Going Straight),Not Distracted,Not Distracted,Not Reported
2868,Texas,19030003,1903,3,Other Crash Type,Not Distracted,Not Distracted,Driver Did Not Maneuver To Avoid
2869,Texas,19040001,1904,1,Drive Off Road,"Inattention (Inattentive), Details Unknown","Inattention (Inattentive), Details Unknown",Not Reported
2870,Texas,19050001,1905,1,Lateral Move (Left/Right),Not Distracted,Not Distracted,Not Reported
2871,Texas,19050002,1905,2,Lateral Move (Going Straight),Not Distracted,Not Distracted,Not Reported
2872,Texas,19060001,1906,1,No Impact,Not Distracted,Not Distracted,Not Reported
2873,Texas,19070001,1907,1,Other Crash Type,Not Distracted,Not Distracted,Not Reported
2874,Texas,19070002,1907,2,Other Crash Type,Not Distracted,Not Distracted,Not Reported
2875,Texas,19080001,1908,1,Pedestrian/ Animal,Not Distracted,Not Distracted,Not Reported
2876,Texas,19090001,1909,1,Initial Opposite Directions (Going Straight),Not Distracted,Not Distracted,Not Reported
2877,Texas,19090002,1909,2,Initial Opposite Directions (Left/Right),Not Distracted,Not Distracted,Not Reported
2878,Texas,19100001,1910,1,Turn Into Opposite Directions (Going Straight),Not Distracted,Not Distracted,Not Reported
2879,Texas,19100002,1910,2,Turn Into Opposite Directions (Turning Left),Not Distracted,Not Distracted,Not Reported
2880,Texas,19110001,1911,1,Lateral Move (Going Straight),Not Distracted,Not Distracted,Not Reported
2881,Texas,19110002,1911,2,Lateral Move (Left/Right),"Distracted By Outside Person, Object Or Event","Distracted By Outside Person, Object Or Event",Not Reported
2882,Texas,19120001,1912,1,Pedestrian/ Animal,Unknown If Distracted,Unknown If Distracted,Unknown
2883,Texas,19130001,1913,1,Drive Off Road,Not Distracted,Not Distracted,Not Reported
2884,Texas,19140001,1914,1,Drive Off Road,Not Distracted,Not Distracted,Not Reported
2885,Texas,19150001,1915,1,Decelerating (Slowing),Not Distracted,Not Distracted,Not Reported
2886,Texas,19150002,1915,2,"Decelerating (Slowing), Going Straight",Not Distracted,Not Distracted,Not Reported
2887,Texas,19160001,1916,1,Control/Traction Loss,Not Distracted,Not Distracted,Not Reported
2888,Texas,19170001,1917,1,Lateral Move (Left/Right),Not Distracted,Not Distracted,Not Reported
2889,Texas,19170002,1917,2,Lateral Move (Going Straight),Not Distracted,Not Distracted,Not Reported
2890,Texas,19180001,1918,1,Straight Ahead On Left/Right,Not Distracted,Not Distracted,Not Reported
2891,Texas,19180002,1918,2,Straight Ahead On Left,Unknown If Distracted,Unknown If Distracted,Unknown
2892,Texas,19190001,1919,1,Drive Off Road,Not Distracted,Not Distracted,Not Reported
2893,Texas,19200001,1920,1,Control/Traction Loss,Not Distracted,Not Distracted,Not Reported
2894,Texas,19210001,1921,1,Specifics Other,Not Distracted,Not Distracted,Not Reported
2895,Texas,19210002,1921,2,Specifics Other,Not Distracted,Not Distracted,Not Reported
2896,Texas,19220001,1922,1,Drive Off Road,Not Distracted,Not Distracted,Not Reported
2897,Texas,19230001,1923,1,Lateral Move (Left/Right),Not Distracted,Not Distracted,Not Reported
2898,Texas,19230002,1923,2,Lateral Move (Going Straight),Not Distracted,Not Distracted,Not Reported
2899,Texas,19240001,1924,1,Pedestrian/ Animal,Unknown If Distracted,Unknown If Distracted,Not Reported
2900,Texas,19250001,1925,1,Control/Traction Loss,Not Distracted,Not Distracted,Not Reported
2901,Texas,19260001,1926,1,Lateral Move (Left/Right),Not Distracted,Not Distracted,Not Reported
2902,Texas,19260002,1926,2,Lateral Move (Going Straight),Not Distracted,Not Distracted,Not Reported
2903,Texas,19270001,1927,1,Control/Traction Loss,Not Distracted,Not Distracted,Not Reported
2904,Texas,19280001,1928,1,Pedestrian/ Animal,Not Distracted,Not Distracted,Not Reported
2905,Texas,19290001,1929,1,Decelerating (Slowing),Not Distracted,Not Distracted,Not Reported
2906,Texas,19290002,1929,2,"Decelerating (Slowing), Going Right",Not Distracted,Not Distracted,Not Reported
2907,Texas,19300001,1930,1,Lateral Move (Going Straight),Not Distracted,Not Distracted,Motor Vehicle
2908,Texas,19300002,1930,2,Other Crash Type,Not Distracted,Not Distracted,Not Reported
2909,Texas,19300003,1930,3,Lateral Move (Left/Right),Not Distracted,Not Distracted,Not Reported
2910,Texas,19310001,1931,1,Pedestrian/ Animal,Unknown If Distracted,Unknown If Distracted,Unknown
2911,Texas,19320001,1932,1,Lateral Move (Left/Right),Not Distracted,Not Distracted,Not Reported
2912,Texas,19320002,1932,2,Lateral Move (Going Straight),Not Distracted,Not Distracted,Not Reported
2913,Texas,19330001,1933,1,Drive Off Road,Not Distracted,Not Distracted,Not Reported
2914,Texas,19340001,1934,1,Slower,Not Distracted,Not Distracted,Not Reported
2915,Texas,19340002,1934,2,"Slower, Going Straight",Not Distracted,Not Distracted,Not Reported
2916,Texas,19350001,1935,1,Lateral Move (Left/Right),Not Distracted,Not Distracted,Not Reported
2917,Texas,19350002,1935,2,Lateral Move (Going Straight),Not Distracted,Not Distracted,Motor Vehicle
2918,Texas,19360001,1936,1,Control/Traction Loss,Not Distracted,Not Distracted,Not Reported
2919,Texas,19370001,1937,1,Initial Opposite Directions (Left/Right),Not Distracted,Not Distracted,Not Reported
2920,Texas,19370002,1937,2,Initial Opposite Directions (Going Straight),Not Distracted,Not Distracted,Not Reported
2921,Texas,19380001,1938,1,Other Crash Type,Not Distracted,Not Distracted,Not Reported
2922,Texas,19390001,1939,1,Specifics Other,Not Distracted,Not Distracted,Not Reported
2923,Texas,19390002,1939,2,Specifics Other,Not Distracted,Not Distracted,Not Reported
2924,Texas,19400001,1940,1,Drive Off Road,Not Distracted,Not Distracted,Not Reported
2925,Texas,19410001,1941,1,Control/Traction Loss,"Distraction (Distracted), Details Unknown","Distraction (Distracted), Details Unknown",Not Reported
2926,Texas,19420001,1942,1,Struck On The Right,Not Distracted,Not Distracted,Not Reported
2927,Texas,19420002,1942,2,Striking From The Right,Not Distracted,Not Distracted,Not Reported
2928,Texas,19430001,1943,1,Control/Traction Loss,Not Distracted,Not Distracted,Not Reported
2929,Texas,19430002,1943,2,Other Crash Type,Not Distracted,Not Distracted,Not Reported
2930,Texas,19430003,1943,3,Other Crash Type,Not Distracted,Not Distracted,Not Reported
2931,Texas,19440001,1944,1,Drive Off Road,Not Distracted,Not Distracted,Not Reported
2932,Texas,19450001,1945,1,Control/Traction Loss,"Inattention (Inattentive), Details Unknown","Inattention (Inattentive), Details Unknown",Not Reported
2933,Texas,19460001,1946,1,Lateral Move (Going Straight),Not Distracted,Not Distracted,Not Reported
2934,Texas,19460002,1946,2,Lateral Move (Left/Right),Not Distracted,Not Distracted,Not Reported
2935,Texas,19470001,1947,1,Control/Traction Loss,Not Distracted,Not Distracted,Not Reported
2936,Texas,19480001,1948,1,Specifics Other,Not Distracted,Not Distracted,Not Reported
2937,Texas,19480002,1948,2,Specifics Other,Not Distracted,Not Distracted,Not Reported
2938,Texas,19480003,1948,3,Other Crash Type,Not Distracted,Not Distracted,Not Reported
2939,Texas,19490001,1949,1,Striking From The Left,Not Distracted,Not Distracted,Not Reported
2940,Texas,19490002,1949,2,Struck On The Left,Not Distracted,Not Distracted,Not Reported
2941,Texas,19490003,1949,3,Other Crash Type,Not Distracted,Not Distracted,Driver Did Not Maneuver To Avoid
2942,Texas,19500001,1950,1,Control/Traction Loss,Not Distracted,Not Distracted,Not Reported
2943,Texas,19510001,1951,1,Drive Off Road,Not Distracted,Not Distracted,Not Reported
2944,Texas,19520001,1952,1,Pedestrian/ Animal,Not Distracted,Not Distracted,Not Reported
2945,Texas,19530001,1953,1,Drive Off Road,Not Distracted,Not Distracted,Not Reported
2946,Texas,19540001,1954,1,Pedestrian/ Animal,Unknown If Distracted,Unknown If Distracted,Unknown
2947,Texas,19550001,1955,1,Initial Opposite Directions (Left/Right),Not Distracted,Not Distracted,Not Reported
2948,Texas,19550002,1955,2,Initial Opposite Directions (Going Straight),Not Distracted,Not Distracted,Not Reported
2949,Texas,19560001,1956,1,Initial Opposite Directions (Left/Right),Not Distracted,Not Distracted,Not Reported
2950,Texas,19560002,1956,2,Initial Opposite Directions (Going Straight),Not Distracted,Not Distracted,Not Reported
2951,Texas,19570001,1957,1,Drive Off Road,Not Distracted,Not Distracted,Not Reported
2952,Texas,19580001,1958,1,Pedestrian/ Animal,Not Distracted,Not Distracted,Driver Did Not Maneuver To Avoid
2953,Texas,19590001,1959,1,Lateral Move (Left/Right),Not Distracted,Not Distracted,Not Reported
2954,Texas,19590002,1959,2,Lateral Move (Going Straight),Not Distracted,Not Distracted,Not Reported
2955,Texas,19600001,1960,1,Parked Veh.,Not Distracted,Not Distracted,Not Reported
2956,Texas,19610001,1961,1,Other Crash Type,Not Distracted,Not Distracted,Not Reported
2957,Texas,19620001,1962,1,Lateral Move (Left/Right),Not Distracted,Not Distracted,Not Reported
2958,Texas,19620002,1962,2,Lateral Move (Going Straight),Not Distracted,Not Distracted,Not Reported
2959,Texas,19630001,1963,1,Drive Off Road,Not Distracted,Not Distracted,Not Reported
2960,Texas,19640001,1964,1,Lateral Move (Going Straight),Not Distracted,Not Distracted,Not Reported
2961,Texas,19640002,1964,2,Lateral Move (Left/Right),Not Distracted,Not Distracted,Not Reported
2962,Texas,19650001,1965,1,Drive Off Road,Not Distracted,Not Distracted,Not Reported
2963,Texas,19660001,1966,1,Pedestrian/ Animal,Not Distracted,Not Distracted,Not Reported
2964,Texas,19670001,1967,1,Drive Off Road,Not Distracted,Not Distracted,Not Reported
2965,Texas,19680001,1968,1,Lateral Move (Left/Right),"Inattention (Inattentive), Details Unknown","Inattention (Inattentive), Details Unknown",Not Reported
2966,Texas,19680002,1968,2,Lateral Move (Going Straight),Not Distracted,Not Distracted,Not Reported
2967,Texas,19690001,1969,1,Drive Off Road,Not Distracted,Not Distracted,Not Reported
2968,Texas,19700001,1970,1,Stopped,Not Distracted,Not Distracted,Not Reported
2969,Texas,19700002,1970,2,"Stopped, Straight",Not Distracted,Not Distracted,Driver Did Not Maneuver To Avoid
2970,Texas,19700003,1970,3,Other Crash Type,Not Distracted,Not Distracted,Driver Did Not Maneuver To Avoid
2971,Texas,19710001,1971,1,Striking From The Right,Not Distracted,Not Distracted,Not Reported
2972,Texas,19710002,1971,2,Struck On The Right,Not Distracted,Not Distracted,Not Reported
2973,Texas,19730001,1973,1,Control/Traction Loss,Not Distracted,Not Distracted,Not Reported
2974,Texas,19740001,1974,1,Drive Off Road,Not Distracted,Not Distracted,Not Reported
2975,Texas,19750001,1975,1,Stopped,Not Distracted,Not Distracted,Not Reported
2976,Texas,19750002,1975,2,"Stopped, Straight",Not Distracted,Not Distracted,Driver Did Not Maneuver To Avoid
2977,Texas,19760001,1976,1,Pedestrian/ Animal,Not Distracted,Not Distracted,Not Reported
2978,Texas,19770001,1977,1,Lateral Move (Going Straight),Not Distracted,Not Distracted,Not Reported
2979,Texas,19770002,1977,2,Lateral Move (Left/Right),Not Distracted,Not Distracted,Not Reported
2980,Texas,19780001,1978,1,Other Crash Type,Not Distracted,Not Distracted,Not Reported
2981,Texas,19790001,1979,1,Decelerating (Slowing),Not Distracted,Not Distracted,Not Reported
2982,Texas,19790002,1979,2,"Decelerating (Slowing), Going Left",Not Distracted,Not Distracted,Not Reported
2983,Texas,19790003,1979,3,Other Crash Type,Not Distracted,Not Distracted,Not Reported
2984,Texas,19800001,1980,1,Specifics Other,Not Distracted,Not Distracted,Not Reported
2985,Texas,19800002,1980,2,Specifics Other,Not Distracted,Not Distracted,Not Reported
2986,Texas,19800003,1980,3,Other Crash Type,Not Distracted,Not Distracted,Motor Vehicle
2987,Texas,19810001,1981,1,Straight Ahead On Left,Not Distracted,Not Distracted,Not Reported
2988,Texas,19810002,1981,2,Straight Ahead On Left/Right,Unknown If Distracted,Unknown If Distracted,Unknown
2989,Texas,19820001,1982,1,Pedestrian/ Animal,Not Distracted,Not Distracted,Not Reported
2990,Texas,19830001,1983,1,Other Crash Type,Not Distracted,Not Distracted,Not Reported
2991,Texas,19840001,1984,1,Pedestrian/ Animal,Not Distracted,Not Distracted,Not Reported
2992,Texas,19850001,1985,1,Turn Into Opposite Directions (Turning Left),Not Distracted,Not Distracted,Not Reported
2993,Texas,19850002,1985,2,Turn Into Opposite Directions (Going Straight),Not Distracted,Not Distracted,Not Reported
2994,Texas,19860001,1986,1,Control/Traction Loss,Not Distracted,Not Distracted,Phantom/Non-Contact Motor Vehicle
2995,Texas,19870001,1987,1,Control/Traction Loss,Not Distracted,Not Distracted,Not Reported
2996,Texas,19880001,1988,1,Drive Off Road,Not Distracted,Not Distracted,Not Reported
2997,Texas,19890001,1989,1,Avoid Collision With Vehicle,Not Distracted,Not Distracted,Driver Did Not Maneuver To Avoid
2998,Texas,19890002,1989,2,Avoid Collision With Vehicle,Not Distracted,Not Distracted,Phantom/Non-Contact Motor Vehicle
2999,Texas,19900001,1990,1,Turn Into Opposite Directions (Turning Left),By Other Occupant(s),By Other Occupant(s),Not Reported
3000,Texas,19900002,1990,2,Turn Into Opposite Directions (Going Straight),Not Distracted,Not Distracted,Not Reported
3001,Texas,19910001,1991,1,Pedestrian/ Animal,Unknown If Distracted,Unknown If Distracted,Unknown
3002,Texas,19920001,1992,1,Specifics Other,"Inattention (Inattentive), Details Unknown","Inattention (Inattentive), Details Unknown",Motor Vehicle
3003,Texas,19920002,1992,2,Specifics Other,"Inattention (Inattentive), Details Unknown","Inattention (Inattentive), Details Unknown",Not Reported
3004,Texas,19920003,1992,3,Other Crash Type,Not Distracted,Not Distracted,Not Reported
3005,Texas,19930001,1993,1,Pedestrian/ Animal,Not Distracted,Not Distracted,Not Reported
3006,Texas,19940001,1994,1,Drive Off Road,Not Distracted,Not Distracted,Not Reported
3007,Texas,19950001,1995,1,Drive Off Road,Not Distracted,Not Distracted,Not Reported
3008,Texas,19960001,1996,1,Stopped,Not Distracted,Not Distracted,Motor Vehicle
3009,Texas,19960002,1996,2,"Stopped, Straight",Not Distracted,Not Distracted,Driver Did Not Maneuver To Avoid
3010,Texas,19970001,1997,1,Drive Off Road,Not Distracted,Not Distracted,Not Reported
3011,Texas,19980001,1998,1,Pedestrian/ Animal,Not Distracted,Not Distracted,"Pedestrian, Pedalcyclist Or Other Non-Motorist"
3012,Texas,19990001,1999,1,No Impact,Not Distracted,Not Distracted,Driver Did Not Maneuver To Avoid
3013,Texas,20000001,2000,1,Pedestrian/ Animal,Not Distracted,Not Distracted,Not Reported
3014,Texas,20010001,2001,1,Control/Traction Loss,Not Distracted,Not Distracted,Phantom/Non-Contact Motor Vehicle
3015,Texas,20020001,2002,1,Control/Traction Loss,Not Distracted,Not Distracted,Not Reported
3016,Texas,20030001,2003,1,Specifics Other,Not Distracted,Not Distracted,Phantom/Non-Contact Motor Vehicle
3017,Texas,20030002,2003,2,Specifics Other,Not Distracted,Not Distracted,Driver Did Not Maneuver To Avoid
3018,Texas,20040001,2004,1,Pedestrian/ Animal,Not Distracted,Not Distracted,Not Reported
3019,Texas,20050001,2005,1,Lateral Move (Left/Right),Not Distracted,Not Distracted,Not Reported
3020,Texas,20050002,2005,2,Lateral Move (Going Straight),Not Distracted,Not Distracted,Not Reported
3021,Texas,20050003,2005,3,Other Crash Type,Not Distracted,Not Distracted,Motor Vehicle
3022,Texas,20060001,2006,1,Specifics Other,Not Distracted,Not Distracted,Not Reported
3023,Texas,20060002,2006,2,Specifics Other,Not Distracted,Not Distracted,Not Reported
3024,Texas,20080001,2008,1,Other Crash Type,Not Distracted,Not Distracted,Not Reported
3025,Texas,20080002,2008,2,Other Crash Type,Not Distracted,Not Distracted,Not Reported
3026,Texas,20090001,2009,1,Drive Off Road,Not Distracted,Not Distracted,Not Reported
3027,Texas,20100001,2010,1,Drive Off Road,Not Distracted,Not Distracted,Not Reported
3028,Texas,20110001,2011,1,Specifics Other,Not Distracted,Not Distracted,Not Reported
3029,Texas,20110002,2011,2,Specifics Other,Not Distracted,Not Distracted,Driver Did Not Maneuver To Avoid
3030,Texas,20120001,2012,1,Lateral Move (Left/Right),Not Distracted,Not Distracted,Not Reported
3031,Texas,20120002,2012,2,Lateral Move (Going Straight),Not Distracted,Not Distracted,Not Reported
3032,Texas,20130001,2013,1,Stopped,Not Distracted,Not Distracted,Not Reported
3033,Texas,20130002,2013,2,"Stopped, Straight",Not Distracted,Not Distracted,Driver Did Not Maneuver To Avoid
3034,Texas,20140001,2014,1,Drive Off Road,Unknown If Distracted,Unknown If Distracted,Unknown
3035,Texas,20150001,2015,1,Drive Off Road,Not Distracted,Not Distracted,Not Reported
3036,Texas,20160001,2016,1,Drive Off Road,Not Distracted,Not Distracted,Not Reported
3037,Texas,20170001,2017,1,Other Crash Type,Not Distracted,Not Distracted,Not Reported
3038,Texas,20170002,2017,2,Other Crash Type,Not Distracted,Not Distracted,Not Reported
3039,Texas,20180001,2018,1,Slower,Not Distracted,Not Distracted,Driver Did Not Maneuver To Avoid
3040,Texas,20180002,2018,2,"Slower, Going Straight",Not Distracted,Not Distracted,Driver Did Not Maneuver To Avoid
3041,Texas,20190001,2019,1,Specifics Other,Not Distracted,Not Distracted,Motor Vehicle
3042,Texas,20190002,2019,2,Specifics Other,Not Distracted,Not Distracted,Not Reported
3043,Texas,20200001,2020,1,Drive Off Road,Not Distracted,Not Distracted,Not Reported
3044,Texas,20210001,2021,1,Specifics Other,Not Distracted,Not Distracted,Not Reported
3045,Texas,20220001,2022,1,Stopped,Not Distracted,Not Distracted,Not Reported
3046,Texas,20220002,2022,2,"Stopped, Straight",Not Distracted,Not Distracted,Driver Did Not Maneuver To Avoid
3047,Texas,20230001,2023,1,Turn Into Same Direction (Going Straight),Not Distracted,Not Distracted,Not Reported
3048,Texas,20230002,2023,2,Turn Into Same Direction (Turning Left),Not Distracted,Not Distracted,Not Reported
3049,Texas,20240001,2024,1,Pedestrian/ Animal,Not Distracted,Not Distracted,Driver Did Not Maneuver To Avoid
3050,Texas,20250001,2025,1,Drive Off Road,Not Distracted,Not Distracted,Not Reported
3051,Texas,20260001,2026,1,Pedestrian/ Animal,Not Distracted,Not Distracted,"Pedestrian, Pedalcyclist Or Other Non-Motorist"
3052,Texas,20270001,2027,1,Control/Traction Loss,Not Distracted,Not Distracted,Not Reported
3053,Texas,20280001,2028,1,Pedestrian/ Animal,Not Distracted,Not Distracted,Not Reported
3054,Texas,20290001,2029,1,Specifics Other,Not Distracted,Not Distracted,Not Reported
3055,Texas,20290002,2029,2,Specifics Other,Not Distracted,Not Distracted,Not Reported
3056,Texas,20300001,2030,1,Pedestrian/ Animal,Not Distracted,Not Distracted,Not Reported
3057,Texas,20310001,2031,1,Drive Off Road,Not Distracted,Not Distracted,Not Reported
3058,Texas,20320001,2032,1,Striking From The Right,"Distraction (Distracted), Details Unknown","Distraction (Distracted), Details Unknown",Not Reported
3059,Texas,20320002,2032,2,Struck On The Right,Not Distracted,Not Distracted,Not Reported
3060,Texas,20330001,2033,1,Drive Off Road,Not Distracted,Not Distracted,Not Reported
3061,Texas,20340001,2034,1,Control/Traction Loss,Not Distracted,Not Distracted,Not Reported
3062,Texas,20350002,2035,2,Other Crash Type,No Driver Present/Unknown If Driver Present,No Driver Present/Unknown If Driver Present,No Driver Present/Unknown If Driver Present
3063,Texas,20350003,2035,3,Other Crash Type,Not Distracted,Not Distracted,Driver Did Not Maneuver To Avoid
3064,Texas,20360001,2036,1,Pedestrian/ Animal,Not Distracted,Not Distracted,Not Reported
3065,Texas,20370001,2037,1,Slower,Not Distracted,Not Distracted,Driver Did Not Maneuver To Avoid
3066,Texas,20370002,2037,2,"Slower, Going Straight",Not Distracted,Not Distracted,Driver Did Not Maneuver To Avoid
3067,Texas,20380001,2038,1,Pedestrian/ Animal,Not Distracted,Not Distracted,Not Reported
3068,Texas,20390001,2039,1,Control/Traction Loss,Not Distracted,Not Distracted,Not Reported
3069,Texas,20400001,2040,1,Drive Off Road,Not Distracted,Not Distracted,Not Reported
3070,Texas,20400003,2040,3,Other Crash Type,No Driver Present/Unknown If Driver Present,No Driver Present/Unknown If Driver Present,No Driver Present/Unknown If Driver Present
3071,Texas,20410001,2041,1,Lateral Move (Left/Right),Not Distracted,Not Distracted,Not Reported
3072,Texas,20410002,2041,2,Lateral Move (Going Straight),Not Distracted,Not Distracted,Not Reported
3073,Texas,20420001,2042,1,Drive Off Road,Not Distracted,Not Distracted,Not Reported
3074,Texas,20430001,2043,1,Lateral Move (Left/Right),Not Distracted,Not Distracted,Not Reported
3075,Texas,20430002,2043,2,Lateral Move (Going Straight),Not Distracted,Not Distracted,Not Reported
3076,Texas,20440001,2044,1,Specifics Other,Not Distracted,Not Distracted,Not Reported
3077,Texas,20440002,2044,2,Specifics Other,Not Distracted,Not Distracted,Not Reported
3078,Texas,20440003,2044,3,Other Crash Type,Not Distracted,Not Distracted,Not Reported
3079,Texas,20450001,2045,1,Changing Lanes To The Right,Not Distracted,Not Distracted,Not Reported
3080,Texas,20450002,2045,2,Straight Ahead On Left/Right,Not Distracted,Not Distracted,Not Reported
3081,Texas,20460001,2046,1,Drive Off Road,Not Distracted,Not Distracted,Not Reported
3082,Texas,20470001,2047,1,Pedestrian/ Animal,Not Distracted,Not Distracted,Not Reported
3083,Texas,20480001,2048,1,Specifics Other,Not Distracted,Not Distracted,Not Reported
3084,Texas,20480002,2048,2,Specifics Other,Not Distracted,Not Distracted,Not Reported
3085,Texas,20490001,2049,1,Lateral Move (Left/Right),Not Distracted,Not Distracted,Not Reported
3086,Texas,20490002,2049,2,Lateral Move (Going Straight),Not Distracted,Not Distracted,Not Reported
3087,Texas,20500001,2050,1,Pedestrian/ Animal,Not Distracted,Not Distracted,Not Reported
3088,Texas,20510001,2051,1,Stopped,Not Distracted,Not Distracted,Not Reported
3089,Texas,20510002,2051,2,"Stopped, Left",Not Distracted,Not Distracted,Driver Did Not Maneuver To Avoid
3090,Texas,20520001,2052,1,Pedestrian/ Animal,Not Distracted,Not Distracted,Not Reported
3091,Texas,20530001,2053,1,Lateral Move (Left/Right),Other Cellular Phone Related,Other Cellular Phone Related,Not Reported
3092,Texas,20530002,2053,2,Lateral Move (Going Straight),Not Distracted,Not Distracted,Not Reported
3093,Texas,20540001,2054,1,Struck On The Right,Not Distracted,Not Distracted,Not Reported
3094,Texas,20540002,2054,2,Striking From The Right,Not Distracted,Not Distracted,Not Reported
3095,Texas,20550001,2055,1,Struck On The Left,Not Distracted,Not Distracted,Not Reported
3096,Texas,20550002,2055,2,Striking From The Left,Not Distracted,Not Distracted,Motor Vehicle
3097,Texas,20560001,2056,1,Lateral Move (Left/Right),Not Distracted,Not Distracted,Not Reported
3098,Texas,20560002,2056,2,Lateral Move (Going Straight),Not Distracted,Not Distracted,Motor Vehicle
3099,Texas,20560003,2056,3,Other Crash Type,Not Distracted,Not Distracted,Motor Vehicle
3100,Texas,20570001,2057,1,Pedestrian/ Animal,Not Distracted,Not Distracted,Not Reported