,State Name,ID,CaseNo,VehicleNo,CrashType,First Distraction,Second Distraction,Driver Action
3101,Texas,20580001,2058,1,Pedestrian/ Animal,Not Distracted,Not Distracted,Not Reported
3102,Texas,20580002,2058,2,Other Crash Type,Not Distracted,Not Distracted,Not Reported
3103,Texas,20590001,2059,1,Initial Opposite Directions (Left/Right),Not Distracted,Not Distracted,Not Reported
3104,Texas,20590002,2059,2,Initial Opposite Directions (Going Straight),Not Distracted,Not Distracted,Not Reported
3105,Texas,20600001,2060,1,Drive Off Road,Not Distracted,Not Distracted,Not Reported
3106,Texas,20610001,2061,1,Pedestrian/ Animal,Not Distracted,Not Distracted,Not Reported
3107,Texas,20620001,2062,1,Drive Off Road,Not Distracted,Not Distracted,Not Reported
3108,Texas,20630001,2063,1,Initial Opposite Directions (Left/Right),Not Distracted,Not Distracted,Not Reported
3109,Texas,20630002,2063,2,Initial Opposite Directions (Going Straight),Not Distracted,Not Distracted,Not Reported
3110,Texas,20640001,2064,1,Lateral Move (Left/Right),Not Distracted,Not Distracted,Not Reported
3111,Texas,20640002,2064,2,Lateral Move (Going Straight),Not Distracted,Not Distracted,Not Reported
3112,Texas,20650001,2065,1,Pedestrian/ Animal,Not Distracted,Not Distracted,Not Reported
3113,Texas,20660001,2066,1,Drive Off Road,Not Distracted,Not Distracted,Not Reported
3114,Texas,20670001,2067,1,Control/Traction Loss,Not Distracted,Not Distracted,Not Reported
3115,Texas,20670002,2067,2,Other Crash Type,Not Distracted,Not Distracted,Not Reported
3116,Texas,20680001,2068,1,Other Crash Type,"Inattention (Inattentive), Details Unknown","Inattention (Inattentive), Details Unknown",Driver Did Not Maneuver To Avoid
3117,Texas,20680002,2068,2,"Stopped, Straight",Not Distracted,Not Distracted,Motor Vehicle
3118,Texas,20680003,2068,3,Stopped,Not Distracted,Not Distracted,Not Reported
3119,Texas,20680004,2068,4,Other Crash Type,Not Distracted,Not Distracted,Not Reported
3120,Texas,20690001,2069,1,Pedestrian/ Animal,Not Distracted,Not Distracted,Not Reported
3121,Texas,20700001,2070,1,Pedestrian/ Animal,Not Distracted,Not Distracted,Not Reported
3122,Texas,20710001,2071,1,Other Crash Type,Not Distracted,Not Distracted,Not Reported
3123,Texas,20720001,2072,1,Drive Off Road,Not Distracted,Not Distracted,Not Reported
3124,Texas,20730001,2073,1,Pedestrian/ Animal,Not Distracted,Not Distracted,Not Reported
3125,Texas,20740001,2074,1,Backing Veh.,Not Distracted,Not Distracted,Not Reported
3126,Texas,20750001,2075,1,Pedestrian/ Animal,By Other Occupant(s),Other Cellular Phone Related,Not Reported
3127,Texas,20760001,2076,1,Pedestrian/ Animal,Unknown If Distracted,Unknown If Distracted,Unknown
3128,Texas,20760002,2076,2,Other Crash Type,Unknown If Distracted,Unknown If Distracted,Unknown
3129,Texas,20780001,2078,1,Control/Traction Loss,Other Cellular Phone Related,Other Cellular Phone Related,Not Reported
3130,Texas,20790001,2079,1,Control/Traction Loss,Not Distracted,Not Distracted,Not Reported
3131,Texas,20800001,2080,1,Pedestrian/ Animal,Not Distracted,Not Distracted,Not Reported
3132,Texas,20810001,2081,1,Other Crash Type,Not Distracted,Not Distracted,Not Reported
3133,Texas,20820001,2082,1,Specifics Other,Not Distracted,Not Distracted,Not Reported
3134,Texas,20820002,2082,2,Specifics Other,Not Distracted,Not Distracted,Not Reported
3135,Texas,20830001,2083,1,Lateral Move (Left/Right),Not Distracted,Not Distracted,Not Reported
3136,Texas,20830002,2083,2,Lateral Move (Going Straight),Not Distracted,Not Distracted,Motor Vehicle
3137,Texas,20840001,2084,1,Parked Veh.,Not Distracted,Not Distracted,Not Reported
3138,Texas,20840003,2084,3,Other Crash Type,Not Distracted,Not Distracted,Not Reported
3139,Texas,20850001,2085,1,Specifics Other,Not Distracted,Not Distracted,Not Reported
3140,Texas,20850002,2085,2,Specifics Other,Not Distracted,Not Distracted,Motor Vehicle
3141,Texas,20860001,2086,1,Stopped,Not Distracted,Not Distracted,Not Reported
3142,Texas,20860002,2086,2,"Stopped, Straight",Not Distracted,Not Distracted,Driver Did Not Maneuver To Avoid
3143,Texas,20870001,2087,1,Lateral Move (Left/Right),Not Distracted,Not Distracted,Not Reported
3144,Texas,20870002,2087,2,Lateral Move (Going Straight),Not Distracted,Not Distracted,Motor Vehicle
3145,Texas,20870003,2087,3,Other Crash Type,Not Distracted,Not Distracted,Motor Vehicle
3146,Texas,20880001,2088,1,Initial Opposite Directions (Going Straight),Not Distracted,Not Distracted,Not Reported
3147,Texas,20880002,2088,2,Initial Opposite Directions (Left/Right),"Inattention (Inattentive), Details Unknown","Inattention (Inattentive), Details Unknown",Not Reported
3148,Texas,20890001,2089,1,Pedestrian/ Animal,Not Distracted,Not Distracted,Not Reported
3149,Texas,20900001,2090,1,Pedestrian/ Animal,Not Distracted,Not Distracted,Not Reported
3150,Texas,20910001,2091,1,Control/Traction Loss,While Using Or Reaching For Device/Object Brought Into Vehicle,While Using Or Reaching For Device/Object Brought Into Vehicle,Not Reported
3151,Texas,20920001,2092,1,Drive Off Road,Not Distracted,Not Distracted,Not Reported
3152,Texas,20930001,2093,1,Pedestrian/ Animal,Not Distracted,Not Distracted,Not Reported
3153,Texas,20940001,2094,1,Specifics Other,Not Distracted,Not Distracted,Not Reported
3154,Texas,20940002,2094,2,Specifics Other,Not Distracted,Not Distracted,Not Reported
3155,Texas,20950001,2095,1,Other Crash Type,Not Distracted,Not Distracted,Not Reported
3156,Texas,20960001,2096,1,Other Crash Type,Not Distracted,Not Distracted,Not Reported
3157,Texas,20960002,2096,2,Other Crash Type,Not Distracted,Not Distracted,Not Reported
3158,Texas,20970001,2097,1,Pedestrian/ Animal,Not Distracted,Not Distracted,Not Reported
3159,Texas,20980001,2098,1,Pedestrian/ Animal,Not Distracted,Not Distracted,Not Reported
3160,Texas,20980002,2098,2,Other Crash Type,Not Distracted,Not Distracted,Not Reported
3161,Texas,20980003,2098,3,Other Crash Type,Not Distracted,Not Distracted,Not Reported
3162,Texas,20990001,2099,1,Drive Off Road,Not Distracted,Not Distracted,Not Reported
3163,Texas,21000001,2100,1,Slower,Not Distracted,Not Distracted,Not Reported
3164,Texas,21000002,2100,2,"Slower, Going Straight",Not Distracted,Not Distracted,Not Reported
3165,Texas,21010001,2101,1,Drive Off Road,Not Distracted,Not Distracted,Not Reported
3166,Texas,21020001,2102,1,Drive Off Road,Not Distracted,Not Distracted,Not Reported
3167,Texas,21030001,2103,1,Specifics Other,Not Distracted,Not Distracted,Not Reported
3168,Texas,21030002,2103,2,Specifics Other,Not Distracted,Not Distracted,Not Reported
3169,Texas,21040001,2104,1,Drive Off Road,"Inattention (Inattentive), Details Unknown","Inattention (Inattentive), Details Unknown",Not Reported
3170,Texas,21050001,2105,1,Specifics Other,Not Distracted,Not Distracted,Not Reported
3171,Texas,21050002,2105,2,Specifics Other,Not Distracted,Not Distracted,Not Reported
3172,Texas,21060001,2106,1,Drive Off Road,Not Distracted,Not Distracted,Not Reported
3173,Texas,21070001,2107,1,Lateral Move (Left/Right),Not Distracted,Not Distracted,Not Reported
3174,Texas,21070002,2107,2,Lateral Move (Going Straight),Not Distracted,Not Distracted,Not Reported
3175,Texas,21080001,2108,1,Pedestrian/ Animal,Not Distracted,Not Distracted,Not Reported
3176,Texas,21090001,2109,1,End Departure,Not Distracted,Not Distracted,Not Reported
3177,Texas,21100001,2110,1,No Impact,Not Distracted,Not Distracted,Driver Did Not Maneuver To Avoid
3178,Texas,21110001,2111,1,Pedestrian/ Animal,Not Distracted,Not Distracted,Not Reported
3179,Texas,21120001,2112,1,Drive Off Road,Not Distracted,Not Distracted,Not Reported
3180,Texas,21130001,2113,1,Other Crash Type,Not Distracted,Not Distracted,Object
3181,Texas,21140001,2114,1,Drive Off Road,Not Distracted,Not Distracted,Not Reported
3182,Texas,21150001,2115,1,Specifics Other,Not Distracted,Not Distracted,Not Reported
3183,Texas,21150002,2115,2,Specifics Other,No Driver Present/Unknown If Driver Present,No Driver Present/Unknown If Driver Present,No Driver Present/Unknown If Driver Present
3184,Texas,21160001,2116,1,Pedestrian/ Animal,Unknown If Distracted,Unknown If Distracted,Unknown
3185,Texas,21170001,2117,1,Striking From The Right,Not Distracted,Not Distracted,Not Reported
3186,Texas,21170002,2117,2,Struck On The Right,Not Distracted,Not Distracted,Not Reported
3187,Texas,21180001,2118,1,Other Crash Type,Not Distracted,Not Distracted,Not Reported
3188,Texas,21190001,2119,1,Control/Traction Loss,Not Distracted,Not Distracted,Not Reported
3189,Texas,21200001,2120,1,Pedestrian/ Animal,Not Distracted,Not Distracted,Not Reported
3190,Texas,21210001,2121,1,Control/Traction Loss,Not Distracted,Not Distracted,Not Reported
3191,Texas,21220001,2122,1,Pedestrian/ Animal,Not Distracted,Not Distracted,Not Reported
3192,Texas,21230001,2123,1,Specifics Unknown,Not Distracted,Not Distracted,Not Reported
3193,Texas,21240001,2124,1,Lateral Move (Left/Right),Not Distracted,Not Distracted,Not Reported
3194,Texas,21240002,2124,2,Lateral Move (Going Straight),Not Distracted,Not Distracted,Not Reported
3195,Texas,21250001,2125,1,Other Crash Type,Not Distracted,Not Distracted,Phantom/Non-Contact Motor Vehicle
3196,Texas,21260001,2126,1,Parked Veh.,Not Distracted,Not Distracted,Phantom/Non-Contact Motor Vehicle
3197,Texas,21270001,2127,1,Other Crash Type,Not Distracted,Not Distracted,Not Reported
3198,Texas,21270002,2127,2,Other Crash Type,Not Distracted,Not Distracted,Motor Vehicle
3199,Texas,21280001,2128,1,Pedestrian/ Animal,Not Distracted,Not Distracted,Not Reported
3200,Texas,21290001,2129,1,Drive Off Road,Not Distracted,Not Distracted,Not Reported
3201,Texas,21300001,2130,1,Slower,Not Distracted,Not Distracted,Not Reported
3202,Texas,21300002,2130,2,"Slower, Going Straight",Not Distracted,Not Distracted,Not Reported
3203,Texas,21310001,2131,1,Pedestrian/ Animal,Not Distracted,Not Distracted,Not Reported
3204,Texas,21320001,2132,1,Pedestrian/ Animal,Unknown If Distracted,Unknown If Distracted,Unknown
3205,Texas,21330001,2133,1,"Decelerating (Slowing), Going Straight",Not Distracted,Not Distracted,Not Reported
3206,Texas,21330002,2133,2,Decelerating (Slowing),While Using Or Reaching For Device/Object Brought Into Vehicle,Other Cellular Phone Related,Not Reported
3207,Texas,21340001,2134,1,Other Crash Type,Not Distracted,Not Distracted,Not Reported
3208,Texas,21340002,2134,2,Other Crash Type,Not Distracted,Not Distracted,Motor Vehicle
3209,Texas,21350001,2135,1,Pedestrian/ Animal,Not Distracted,Not Distracted,Unknown
3210,Texas,21360001,2136,1,Stopped,Not Distracted,Not Distracted,Not Reported
3211,Texas,21360002,2136,2,"Stopped, Left",Not Distracted,Not Distracted,Driver Did Not Maneuver To Avoid
3212,Texas,21360003,2136,3,Other Crash Type,Not Distracted,Not Distracted,Not Reported
3213,Texas,21370001,2137,1,Control/Traction Loss,Not Distracted,Not Distracted,Not Reported
3214,Texas,21380001,2138,1,Pedestrian/ Animal,Unknown If Distracted,Unknown If Distracted,Unknown
3215,Texas,21390001,2139,1,Pedestrian/ Animal,Not Distracted,Not Distracted,Not Reported
3216,Texas,21400001,2140,1,Other Crash Type,Not Distracted,Not Distracted,Not Reported
3217,Texas,21400002,2140,2,Other Crash Type,Not Distracted,Not Distracted,Motor Vehicle
3218,Texas,21410001,2141,1,Drive Off Road,Not Distracted,Not Distracted,Not Reported
3219,Texas,21420001,2142,1,Turn Into Opposite Directions (Going Straight),Not Distracted,Not Distracted,Motor Vehicle
3220,Texas,21420002,2142,2,Turn Into Opposite Directions (Turning Left),Not Distracted,Not Distracted,Not Reported
3221,Texas,21430001,2143,1,Drive Off Road,Not Distracted,Not Distracted,Not Reported
3222,Texas,21440001,2144,1,Drive Off Road,Not Distracted,Not Distracted,Not Reported
3223,Texas,21450001,2145,1,Drive Off Road,Not Distracted,Not Distracted,Not Reported
3224,Texas,21460001,2146,1,Specifics Other,Not Distracted,Not Distracted,Not Reported
3225,Texas,21460002,2146,2,Specifics Other,Not Distracted,Not Distracted,Not Reported
3226,Texas,21470001,2147,1,Pedestrian/ Animal,Not Distracted,Not Distracted,Not Reported
3227,Texas,21480001,2148,1,Drive Off Road,Not Distracted,Not Distracted,Not Reported
3228,Texas,21490001,2149,1,Lateral Move (Going Straight),Not Distracted,Not Distracted,Motor Vehicle
3229,Texas,21490002,2149,2,Lateral Move (Left/Right),Not Distracted,Not Distracted,Motor Vehicle
3230,Texas,21500001,2150,1,Lateral Move (Left/Right),Not Distracted,Not Distracted,Not Reported
3231,Texas,21500002,2150,2,Lateral Move (Going Straight),Not Distracted,Not Distracted,Not Reported
3232,Texas,21510001,2151,1,Control/Traction Loss,Not Distracted,Not Distracted,Not Reported
3233,Texas,21520001,2152,1,Lateral Move (Left/Right),Not Distracted,Not Distracted,Driver Did Not Maneuver To Avoid
3234,Texas,21520002,2152,2,Lateral Move (Going Straight),Not Distracted,Not Distracted,Not Reported
3235,Texas,21520003,2152,3,Other Crash Type,Not Distracted,Not Distracted,Not Reported
3236,Texas,21530001,2153,1,Drive Off Road,"Distraction (Distracted), Details Unknown","Distraction (Distracted), Details Unknown",Not Reported
3237,Texas,21540001,2154,1,Drive Off Road,Not Distracted,Not Distracted,Not Reported
3238,Texas,21550001,2155,1,Control/Traction Loss,Not Distracted,Not Distracted,Not Reported
3239,Texas,21560001,2156,1,Turn Into Opposite Directions (Turning Left),Not Distracted,Not Distracted,Not Reported
3240,Texas,21560002,2156,2,Turn Into Opposite Directions (Going Straight),Not Distracted,Not Distracted,Not Reported
3241,Texas,21570001,2157,1,Lateral Move (Left/Right),Not Distracted,Not Distracted,Not Reported
3242,Texas,21570002,2157,2,Lateral Move (Going Straight),Not Distracted,Not Distracted,Not Reported
3243,Texas,21580001,2158,1,Drive Off Road,"Inattention (Inattentive), Details Unknown","Inattention (Inattentive), Details Unknown",Not Reported
3244,Texas,21590001,2159,1,Specifics Other,Not Distracted,Not Distracted,Not Reported
3245,Texas,21590002,2159,2,Specifics Other,Not Distracted,Not Distracted,Not Reported
3246,Texas,21600001,2160,1,Pedestrian/ Animal,"Inattention (Inattentive), Details Unknown","Inattention (Inattentive), Details Unknown",Not Reported
3247,Texas,21610001,2161,1,Pedestrian/ Animal,Not Distracted,Not Distracted,Not Reported
3248,Texas,21620001,2162,1,Drive Off Road,Not Distracted,Not Distracted,Not Reported
3249,Texas,21630001,2163,1,Initial Opposite Directions (Left/Right),"Inattention (Inattentive), Details Unknown","Inattention (Inattentive), Details Unknown",Not Reported
3250,Texas,21630002,2163,2,Initial Opposite Directions (Going Straight),Not Distracted,Not Distracted,Not Reported
3251,Texas,21640001,2164,1,Stopped,"Inattention (Inattentive), Details Unknown","Inattention (Inattentive), Details Unknown",Not Reported
3252,Texas,21640002,2164,2,"Stopped, Straight",Not Distracted,Not Distracted,Not Reported
3253,Texas,21640003,2164,3,Other Crash Type,Not Distracted,Not Distracted,Not Reported
3254,Texas,21640004,2164,4,Other Crash Type,Not Distracted,Not Distracted,Not Reported
3255,Texas,21640005,2164,5,Other Crash Type,Not Distracted,Not Distracted,Not Reported
3256,Texas,21640006,2164,6,Other Crash Type,Not Distracted,Not Distracted,Not Reported
3257,Texas,21650001,2165,1,Drive Off Road,Not Distracted,Not Distracted,Not Reported
3258,Texas,21660001,2166,1,Lateral Move (Left/Right),Not Distracted,Not Distracted,Not Reported
3259,Texas,21660002,2166,2,Lateral Move (Going Straight),Not Distracted,Not Distracted,Not Reported
3260,Texas,21670001,2167,1,Lateral Move (Left/Right),Not Distracted,Not Distracted,Not Reported
3261,Texas,21670002,2167,2,Lateral Move (Going Straight),Not Distracted,Not Distracted,Not Reported
3262,Texas,21670003,2167,3,Other Crash Type,Not Distracted,Not Distracted,Not Reported
3263,Texas,21680001,2168,1,End Departure,Not Distracted,Not Distracted,Not Reported
3264,Texas,21690001,2169,1,Drive Off Road,Not Distracted,Not Distracted,Not Reported
3265,Texas,21700001,2170,1,Drive Off Road,Not Distracted,Not Distracted,Phantom/Non-Contact Motor Vehicle
3266,Texas,21710001,2171,1,Lateral Move (Going Straight),Not Distracted,Not Distracted,Not Reported
3267,Texas,21710002,2171,2,Lateral Move (Left/Right),Not Distracted,Not Distracted,Not Reported
3268,Texas,21720001,2172,1,Drive Off Road,Not Distracted,Not Distracted,Not Reported
3269,Texas,21730001,2173,1,Control/Traction Loss,Not Distracted,Not Distracted,Not Reported
3270,Texas,21740001,2174,1,"Stopped, Straight",Not Distracted,Not Distracted,Driver Did Not Maneuver To Avoid
3271,Texas,21740002,2174,2,Stopped,Other Cellular Phone Related,Other Cellular Phone Related,Driver Did Not Maneuver To Avoid
3272,Texas,21750001,2175,1,Drive Off Road,Not Distracted,Not Distracted,Not Reported
3273,Texas,21770001,2177,1,Pedestrian/ Animal,Not Distracted,Not Distracted,Not Reported
3274,Texas,21780001,2178,1,Pedestrian/ Animal,"Inattention (Inattentive), Details Unknown","Inattention (Inattentive), Details Unknown",Not Reported
3275,Texas,21790001,2179,1,Struck On The Right,Not Distracted,Not Distracted,Not Reported
3276,Texas,21790002,2179,2,Striking From The Right,Not Distracted,Not Distracted,Not Reported
3277,Texas,21800001,2180,1,Parked Veh.,Not Distracted,Not Distracted,Not Reported
3278,Texas,21810001,2181,1,Pedestrian/ Animal,Not Distracted,Not Distracted,Driver Did Not Maneuver To Avoid
3279,Texas,21820001,2182,1,Striking From The Left,Not Distracted,Not Distracted,Not Reported
3280,Texas,21820002,2182,2,Struck On The Left,Not Distracted,Not Distracted,Not Reported
3281,Texas,21830001,2183,1,Other Crash Type,Not Distracted,Not Distracted,Not Reported
3282,Texas,21840001,2184,1,Drive Off Road,Not Distracted,Not Distracted,Not Reported
3283,Texas,21840002,2184,2,Other Crash Type,Not Distracted,Not Distracted,Not Reported
3284,Texas,21850001,2185,1,Drive Off Road,Not Distracted,Not Distracted,Not Reported
3285,Texas,21860001,2186,1,Drive Off Road,Not Distracted,Not Distracted,Not Reported
3286,Texas,21870001,2187,1,Control/Traction Loss,"Inattention (Inattentive), Details Unknown","Inattention (Inattentive), Details Unknown",Not Reported
3287,Texas,21880001,2188,1,Other Crash Type,Not Distracted,Not Distracted,Not Reported
3288,Texas,21890001,2189,1,Specifics Other,Not Distracted,Not Distracted,Not Reported
3289,Texas,21890002,2189,2,Specifics Other,Not Distracted,Not Distracted,Motor Vehicle
3290,Texas,21900001,2190,1,Pedestrian/ Animal,Not Distracted,Not Distracted,Not Reported
3291,Texas,21910001,2191,1,Drive Off Road,Not Distracted,Not Distracted,Phantom/Non-Contact Motor Vehicle
3292,Texas,21920001,2192,1,"Decelerating (Slowing), Going Straight",Not Distracted,Not Distracted,Not Reported
3293,Texas,21920002,2192,2,Decelerating (Slowing),Not Distracted,Not Distracted,Not Reported
3294,Texas,21920003,2192,3,Other Crash Type,Not Distracted,Not Distracted,Not Reported
3295,Texas,21920004,2192,4,Other Crash Type,Not Distracted,Not Distracted,Not Reported
3296,Texas,21920005,2192,5,Other Crash Type,Not Distracted,Not Distracted,Not Reported
3297,Texas,21930001,2193,1,Specifics Other,Not Distracted,Not Distracted,Phantom/Non-Contact Motor Vehicle
3298,Texas,21930002,2193,2,Specifics Other,Not Distracted,Not Distracted,Phantom/Non-Contact Motor Vehicle
3299,Texas,21940001,2194,1,Drive Off Road,Not Distracted,Not Distracted,Not Reported
3300,Texas,21950001,2195,1,Drive Off Road,Not Distracted,Not Distracted,Not Reported
3301,Texas,21960001,2196,1,Other Crash Type,Not Distracted,Not Distracted,Not Reported
3302,Texas,21960002,2196,2,Drive Off Road,Not Distracted,Not Distracted,Not Reported
3303,Texas,21970001,2197,1,Drive Off Road,Distraction/Inattention,Distraction/Inattention,Not Reported
3304,Texas,21980001,2198,1,Other Crash Type,Not Distracted,Not Distracted,Not Reported
3305,Texas,21980002,2198,2,Specifics Other,While Manipulating Cellular Phone,While Manipulating Cellular Phone,Not Reported
3306,Texas,21990001,2199,1,Lateral Move (Left/Right),Not Distracted,Not Distracted,Not Reported
3307,Texas,21990002,2199,2,Lateral Move (Going Straight),Not Distracted,Not Distracted,Motor Vehicle
3308,Texas,22000001,2200,1,Lateral Move (Left/Right),Not Distracted,Not Distracted,Not Reported
3309,Texas,22000002,2200,2,Lateral Move (Going Straight),Not Distracted,Not Distracted,Motor Vehicle
3310,Texas,22010001,2201,1,Drive Off Road,"Inattention (Inattentive), Details Unknown","Inattention (Inattentive), Details Unknown",Not Reported
3311,Texas,22020001,2202,1,Pedestrian/ Animal,Not Distracted,Not Distracted,"Pedestrian, Pedalcyclist Or Other Non-Motorist"
3312,Texas,22030001,2203,1,Struck On The Right,Not Distracted,Not Distracted,Not Reported
3313,Texas,22030002,2203,2,Striking From The Right,Not Distracted,Not Distracted,Not Reported
3314,Texas,22040001,2204,1,Other Crash Type,Not Distracted,Not Distracted,Not Reported
3315,Texas,22040002,2204,2,Other Crash Type,Not Distracted,Not Distracted,Not Reported
3316,Texas,22050001,2205,1,Other Crash Type,While Manipulating Cellular Phone,While Manipulating Cellular Phone,Not Reported
3317,Texas,22060001,2206,1,Drive Off Road,"Inattention (Inattentive), Details Unknown","Inattention (Inattentive), Details Unknown",Phantom/Non-Contact Motor Vehicle
3318,Texas,22070001,2207,1,Specifics Other,Not Distracted,Not Distracted,Not Reported
3319,Texas,22070002,2207,2,Specifics Other,Not Distracted,Not Distracted,Not Reported
3320,Texas,22080001,2208,1,Lateral Move (Left/Right),Not Distracted,Not Distracted,Not Reported
3321,Texas,22080002,2208,2,Lateral Move (Going Straight),Not Distracted,Not Distracted,Not Reported
3322,Texas,22090001,2209,1,Pedestrian/ Animal,Unknown If Distracted,Unknown If Distracted,Unknown
3323,Texas,22100001,2210,1,Specifics Other,"Inattention (Inattentive), Details Unknown","Inattention (Inattentive), Details Unknown",Not Reported
3324,Texas,22100002,2210,2,Specifics Other,Not Distracted,Not Distracted,Not Reported
3325,Texas,22110001,2211,1,Drive Off Road,Not Distracted,Not Distracted,Not Reported
3326,Texas,22120001,2212,1,Control/Traction Loss,Not Distracted,Not Distracted,Not Reported
3327,Texas,22130001,2213,1,Initial Opposite Directions (Left/Right),Not Distracted,Not Distracted,Not Reported
3328,Texas,22130002,2213,2,Initial Opposite Directions (Going Straight),Not Distracted,Not Distracted,Not Reported
3329,Texas,22140001,2214,1,Pedestrian/ Animal,Not Distracted,Not Distracted,"Pedestrian, Pedalcyclist Or Other Non-Motorist"
3330,Texas,22150001,2215,1,Specifics Other,Not Distracted,Not Distracted,Driver Did Not Maneuver To Avoid
3331,Texas,22150002,2215,2,Specifics Other,Not Distracted,Not Distracted,Driver Did Not Maneuver To Avoid
3332,Texas,22160001,2216,1,Stopped,"Distraction (Distracted), Details Unknown","Distraction (Distracted), Details Unknown",Not Reported
3333,Texas,22160002,2216,2,"Stopped, Straight",Not Distracted,Not Distracted,Driver Did Not Maneuver To Avoid
3334,Texas,22170001,2217,1,Pedestrian/ Animal,Not Distracted,Not Distracted,Not Reported
3335,Texas,22180001,2218,1,Pedestrian/ Animal,Not Distracted,Not Distracted,Not Reported
3336,Texas,22190001,2219,1,Control/Traction Loss,Not Distracted,Not Distracted,Not Reported
3337,Texas,22200001,2220,1,Specifics Unknown,Unknown If Distracted,Unknown If Distracted,Unknown
3338,Texas,22210001,2221,1,Specifics Other,Not Distracted,Not Distracted,Not Reported
3339,Texas,22210002,2221,2,Specifics Other,Not Distracted,Not Distracted,Driver Did Not Maneuver To Avoid
3340,Texas,22220001,2222,1,Drive Off Road,Not Distracted,Not Distracted,Not Reported
3341,Texas,22230001,2223,1,Pedestrian/ Animal,Not Distracted,Not Distracted,Not Reported
3342,Texas,22240001,2224,1,Slower,Adjusting Audio Or Climate Controls,Adjusting Audio Or Climate Controls,Not Reported
3343,Texas,22240002,2224,2,"Slower, Going Straight",Not Distracted,Not Distracted,Not Reported
3344,Texas,22250001,2225,1,Control/Traction Loss,Not Distracted,Not Distracted,Object
3345,Texas,22250002,2225,2,Other Crash Type,No Driver Present/Unknown If Driver Present,No Driver Present/Unknown If Driver Present,No Driver Present/Unknown If Driver Present
3346,Texas,22260001,2226,1,Control/Traction Loss,Not Distracted,Not Distracted,Not Reported
3347,Texas,22270001,2227,1,Pedestrian/ Animal,Not Distracted,Not Distracted,Not Reported
3348,Texas,22280001,2228,1,Drive Off Road,Not Distracted,Not Distracted,Not Reported
3349,Texas,22290001,2229,1,Turn Into Opposite Directions (Going Straight),Not Distracted,Not Distracted,Not Reported
3350,Texas,22290002,2229,2,Turn Into Opposite Directions (Turning Left),Not Distracted,Not Distracted,Not Reported
3351,Texas,22300001,2230,1,Pedestrian/ Animal,Unknown If Distracted,Unknown If Distracted,Unknown
3352,Texas,22310001,2231,1,No Impact,Not Distracted,Not Distracted,Not Reported
3353,Texas,22320001,2232,1,No Impact,Not Distracted,Not Distracted,Not Reported
3354,Texas,22330001,2233,1,Turn Into Opposite Directions (Turning Left),Not Distracted,Not Distracted,Not Reported
3355,Texas,22330002,2233,2,Turn Into Opposite Directions (Going Straight),Not Distracted,Not Distracted,Motor Vehicle
3356,Texas,22340001,2234,1,Control/Traction Loss,Not Distracted,Not Distracted,Not Reported
3357,Texas,22350001,2235,1,Drive Off Road,Not Distracted,Not Distracted,Not Reported
3358,Texas,22360001,2236,1,Drive Off Road,Not Distracted,Not Distracted,Not Reported
3359,Texas,22370001,2237,1,Striking From The Right,Not Distracted,Not Distracted,Not Reported
3360,Texas,22370002,2237,2,Struck On The Right,Not Distracted,Not Distracted,Not Reported
3361,Texas,22380001,2238,1,Control/Traction Loss,Not Distracted,Not Distracted,Phantom/Non-Contact Motor Vehicle
3362,Texas,22390001,2239,1,Other Crash Type,Not Distracted,Not Distracted,Not Reported
3363,Texas,22400001,2240,1,Parked Veh.,Not Distracted,Not Distracted,Not Reported
3364,Texas,22410001,2241,1,Pedestrian/ Animal,Not Distracted,Not Distracted,Driver Did Not Maneuver To Avoid
3365,Texas,22420001,2242,1,Drive Off Road,"Inattention (Inattentive), Details Unknown","Inattention (Inattentive), Details Unknown",Not Reported
3366,Texas,22430001,2243,1,Pedestrian/ Animal,Adjusting Audio Or Climate Controls,Adjusting Audio Or Climate Controls,Not Reported
3367,Texas,22440001,2244,1,Specifics Other,Not Distracted,Not Distracted,Not Reported
3368,Texas,22440002,2244,2,Specifics Other,No Driver Present/Unknown If Driver Present,No Driver Present/Unknown If Driver Present,No Driver Present/Unknown If Driver Present
3369,Texas,22450001,2245,1,Pedestrian/ Animal,Not Distracted,Not Distracted,Not Reported
3370,Texas,22460001,2246,1,Pedestrian/ Animal,Not Distracted,Not Distracted,Not Reported
3371,Texas,22470001,2247,1,Lateral Move (Left/Right),Not Distracted,Not Distracted,Not Reported
3372,Texas,22470002,2247,2,Lateral Move (Going Straight),Not Distracted,Not Distracted,Not Reported
3373,Texas,22480001,2248,1,Initial Opposite Directions (Left/Right),Not Distracted,Not Distracted,Not Reported
3374,Texas,22480002,2248,2,Initial Opposite Directions (Going Straight),Not Distracted,Not Distracted,Not Reported
3375,Texas,22480003,2248,3,Other Crash Type,Not Distracted,Not Distracted,Not Reported
3376,Texas,22490001,2249,1,Stopped,While Manipulating Cellular Phone,"Distracted By Outside Person, Object Or Event",Not Reported
3377,Texas,22490002,2249,2,"Stopped, Straight",Not Distracted,Not Distracted,Driver Did Not Maneuver To Avoid