,State Name,ID,CaseNo,VehicleNo,CrashType,First Distraction,Second Distraction,Driver Action
3378,Texas,22490003,2249,3,Other Crash Type,Not Distracted,Not Distracted,Driver Did Not Maneuver To Avoid
3379,Texas,22490004,2249,4,Other Crash Type,Not Distracted,Not Distracted,Driver Did Not Maneuver To Avoid
3380,Texas,22490005,2249,5,Other Crash Type,Not Distracted,Not Distracted,Not Reported
3381,Texas,22500001,2250,1,Initial Opposite Directions (Left/Right),Not Distracted,Not Distracted,Not Reported
3382,Texas,22500002,2250,2,Initial Opposite Directions (Going Straight),Not Distracted,Not Distracted,Not Reported
3383,Texas,22510001,2251,1,Lateral Move (Left/Right),Not Distracted,Not Distracted,Not Reported
3384,Texas,22510002,2251,2,Lateral Move (Going Straight),Not Distracted,Not Distracted,Not Reported
3385,Texas,22520001,2252,1,Control/Traction Loss,Not Distracted,Not Distracted,Not Reported
3386,Texas,22530001,2253,1,Specifics Other,Not Distracted,Not Distracted,Motor Vehicle
3387,Texas,22530002,2253,2,Specifics Other,No Driver Present/Unknown If Driver Present,No Driver Present/Unknown If Driver Present,No Driver Present/Unknown If Driver Present
3388,Texas,22530003,2253,3,Other Crash Type,Not Distracted,Not Distracted,Phantom/Non-Contact Motor Vehicle
3389,Texas,22540001,2254,1,Striking From The Right,Not Distracted,Not Distracted,Not Reported
3390,Texas,22540002,2254,2,Struck On The Right,Not Distracted,Not Distracted,Not Reported
3391,Texas,22550001,2255,1,Drive Off Road,"Inattention (Inattentive), Details Unknown","Inattention (Inattentive), Details Unknown",Not Reported
3392,Texas,22560001,2256,1,Straight Ahead On Left/Right,Not Distracted,Not Distracted,Not Reported
3393,Texas,22560002,2256,2,Changing Lanes To The Left,Not Distracted,Not Distracted,Not Reported
3394,Texas,22570001,2257,1,Drive Off Road,Not Distracted,Not Distracted,Not Reported
3395,Texas,22580001,2258,1,Lateral Move (Left/Right),Not Distracted,Not Distracted,Not Reported
3396,Texas,22580002,2258,2,Lateral Move (Going Straight),Not Distracted,Not Distracted,Not Reported
3397,Texas,22580003,2258,3,Other Crash Type,Not Distracted,Not Distracted,Not Reported
3398,Texas,22590001,2259,1,Pedestrian/ Animal,Not Distracted,Not Distracted,Not Reported
3399,Texas,22600001,2260,1,Struck On The Right,Not Distracted,Not Distracted,Not Reported
3400,Texas,22600002,2260,2,Striking From The Right,Not Distracted,Not Distracted,Not Reported
3401,Texas,22620001,2262,1,Pedestrian/ Animal,Other Cellular Phone Related,Other Cellular Phone Related,Not Reported
3402,Texas,22630001,2263,1,Lateral Move (Left/Right),Not Distracted,Not Distracted,Not Reported
3403,Texas,22630002,2263,2,Lateral Move (Going Straight),Not Distracted,Not Distracted,Motor Vehicle
3404,Texas,22640001,2264,1,Pedestrian/ Animal,Not Distracted,Not Distracted,Not Reported
3405,Texas,22650001,2265,1,Specifics Other,"Inattention (Inattentive), Details Unknown","Inattention (Inattentive), Details Unknown",Not Reported
3406,Texas,22650002,2265,2,Specifics Other,No Driver Present/Unknown If Driver Present,No Driver Present/Unknown If Driver Present,No Driver Present/Unknown If Driver Present
3407,Texas,22650003,2265,3,Other Crash Type,No Driver Present/Unknown If Driver Present,No Driver Present/Unknown If Driver Present,No Driver Present/Unknown If Driver Present
3408,Texas,22660001,2266,1,Pedestrian/ Animal,Unknown If Distracted,Unknown If Distracted,Unknown
3409,Texas,22660002,2266,2,Other Crash Type,Unknown If Distracted,Unknown If Distracted,Unknown
3410,Texas,22670001,2267,1,Struck On The Left,Not Distracted,Not Distracted,Not Reported
3411,Texas,22670002,2267,2,Striking From The Left,Not Distracted,Not Distracted,Not Reported
3412,Texas,22680001,2268,1,Turn Into Same Direction (Going Straight),Not Distracted,Not Distracted,Not Reported
3413,Texas,22680002,2268,2,Turn Into Same Direction (Turning Left),Not Distracted,Not Distracted,Not Reported
3414,Texas,22680003,2268,3,Other Crash Type,Not Distracted,Not Distracted,Not Reported
3415,Texas,22690001,2269,1,Control/Traction Loss,By Other Occupant(s),By Other Occupant(s),Not Reported
3416,Texas,22710001,2271,1,Specifics Other,Not Distracted,Not Distracted,Not Reported
3417,Texas,22710002,2271,2,Specifics Other,Not Distracted,Not Distracted,Not Reported
3418,Texas,22710003,2271,3,Other Crash Type,Not Distracted,Not Distracted,Not Reported
3419,Texas,22720001,2272,1,Specifics Other,Other Cellular Phone Related,Other Cellular Phone Related,Not Reported
3420,Texas,22720002,2272,2,Specifics Other,Not Distracted,Not Distracted,Not Reported
3421,Texas,22720003,2272,3,Other Crash Type,Not Distracted,Not Distracted,Not Reported
3422,Texas,22720004,2272,4,Other Crash Type,Not Distracted,Not Distracted,Not Reported
3423,Texas,22730001,2273,1,Pedestrian/ Animal,Not Distracted,Not Distracted,Not Reported
3424,Texas,22730002,2273,2,Other Crash Type,Not Distracted,Not Distracted,Not Reported
3425,Texas,22740001,2274,1,Control/Traction Loss,Not Distracted,Not Distracted,Not Reported
3426,Texas,22750001,2275,1,Stopped,Not Distracted,Not Distracted,Not Reported
3427,Texas,22750002,2275,2,"Stopped, Straight",Not Distracted,Not Distracted,Driver Did Not Maneuver To Avoid
3428,Texas,22750003,2275,3,Other Crash Type,Not Distracted,Not Distracted,Driver Did Not Maneuver To Avoid
3429,Texas,22750004,2275,4,Other Crash Type,Not Distracted,Not Distracted,Driver Did Not Maneuver To Avoid
3430,Texas,22750005,2275,5,Other Crash Type,Not Distracted,Not Distracted,Not Reported
3431,Texas,22760001,2276,1,Initial Opposite Directions (Going Straight),Not Distracted,Not Distracted,Not Reported
3432,Texas,22760002,2276,2,Initial Opposite Directions (Left/Right),Not Distracted,Not Distracted,Driver Did Not Maneuver To Avoid
3433,Texas,22770001,2277,1,Drive Off Road,Not Distracted,Not Distracted,Not Reported
3434,Texas,22780001,2278,1,Other Crash Type,Not Distracted,Not Distracted,Not Reported
3435,Texas,22790001,2279,1,Lateral Move (Going Straight),Not Distracted,Not Distracted,Not Reported
3436,Texas,22790002,2279,2,Lateral Move (Left/Right),Not Distracted,Not Distracted,Motor Vehicle
3437,Texas,22790003,2279,3,Other Crash Type,Not Distracted,Not Distracted,Driver Did Not Maneuver To Avoid
3438,Texas,22800001,2280,1,Pedestrian/ Animal,Not Distracted,Not Distracted,Not Reported
3439,Texas,22810001,2281,1,Pedestrian/ Animal,Not Distracted,Not Distracted,Not Reported
3440,Texas,22820001,2282,1,Pedestrian/ Animal,Not Distracted,Not Distracted,Not Reported
3441,Texas,22830001,2283,1,Drive Off Road,Not Distracted,Not Distracted,Not Reported
3442,Texas,22840001,2284,1,Initial Opposite Directions (Going Straight),Not Distracted,Not Distracted,Not Reported
3443,Texas,22840002,2284,2,Initial Opposite Directions (Left/Right),Not Distracted,Not Distracted,Not Reported
3444,Texas,22850001,2285,1,Initial Same Directions (Turning Left),Not Distracted,Not Distracted,Not Reported
3445,Texas,22850002,2285,2,Initial Same Directions (Going Straight),Not Distracted,Not Distracted,Motor Vehicle
3446,Texas,22860001,2286,1,Drive Off Road,Not Distracted,Not Distracted,Not Reported
3447,Texas,22870001,2287,1,Striking From The Right,Not Distracted,Not Distracted,Not Reported
3448,Texas,22870002,2287,2,Struck On The Right,Not Distracted,Not Distracted,Not Reported
3449,Texas,22880001,2288,1,Lateral Move (Left/Right),Not Distracted,Not Distracted,Motor Vehicle
3450,Texas,22880002,2288,2,Lateral Move (Going Straight),Not Distracted,Not Distracted,Motor Vehicle
3451,Texas,22890001,2289,1,Initial Opposite Directions (Left/Right),Not Distracted,Not Distracted,Not Reported
3452,Texas,22890002,2289,2,Initial Opposite Directions (Going Straight),Not Distracted,Not Distracted,Driver Did Not Maneuver To Avoid
3453,Texas,22900001,2290,1,Drive Off Road,Not Distracted,Not Distracted,Not Reported
3454,Texas,22900002,2290,2,Other Crash Type,Not Distracted,Not Distracted,Not Reported
3455,Texas,22910001,2291,1,Other Crash Type,Not Distracted,Not Distracted,Not Reported
3456,Texas,22920001,2292,1,Drive Off Road,Not Distracted,Not Distracted,Not Reported
3457,Texas,22940001,2294,1,Pedestrian/ Animal,Not Distracted,Not Distracted,Not Reported
3458,Texas,22950001,2295,1,Drive Off Road,Not Distracted,Not Distracted,Not Reported
3459,Texas,22960001,2296,1,Control/Traction Loss,Not Distracted,Not Distracted,Phantom/Non-Contact Motor Vehicle
3460,Texas,22970001,2297,1,Drive Off Road,Not Distracted,Not Distracted,Not Reported
3461,Texas,22980001,2298,1,Control/Traction Loss,Not Distracted,Not Distracted,Not Reported
3462,Texas,22990001,2299,1,Drive Off Road,Not Distracted,Not Distracted,Not Reported
3463,Texas,23000001,2300,1,Turn Into Opposite Directions (Turning Left),Not Distracted,Not Distracted,Not Reported
3464,Texas,23000002,2300,2,Turn Into Opposite Directions (Going Straight),Not Distracted,Not Distracted,Not Reported
3465,Texas,23010001,2301,1,Specifics Other,Not Distracted,Not Distracted,Not Reported
3466,Texas,23010002,2301,2,Specifics Other,Not Distracted,Not Distracted,Motor Vehicle
3467,Texas,23020001,2302,1,Pedestrian/ Animal,Not Distracted,Not Distracted,Unknown
3468,Texas,23030001,2303,1,Initial Same Directions (Going Straight),Not Distracted,Not Distracted,Driver Did Not Maneuver To Avoid
3469,Texas,23030002,2303,2,Initial Same Directions (Turning Left),Not Distracted,Not Distracted,Not Reported
3470,Texas,23050001,2305,1,Lateral Move (Left/Right),Other Cellular Phone Related,Other Cellular Phone Related,Phantom/Non-Contact Motor Vehicle
3471,Texas,23050002,2305,2,Lateral Move (Going Straight),Not Distracted,Not Distracted,Not Reported
3472,Texas,23060001,2306,1,Specifics Other,Not Distracted,Not Distracted,Motor Vehicle
3473,Texas,23060002,2306,2,Specifics Other,Not Distracted,Not Distracted,Driver Did Not Maneuver To Avoid
3474,Texas,23060003,2306,3,Other Crash Type,Not Distracted,Not Distracted,Driver Did Not Maneuver To Avoid
3475,Texas,23070001,2307,1,End Departure,Not Distracted,Not Distracted,Not Reported
3476,Texas,23080001,2308,1,Initial Same Directions (Turning Left),"Inattention (Inattentive), Details Unknown","Inattention (Inattentive), Details Unknown",Not Reported
3477,Texas,23080002,2308,2,Initial Same Directions (Going Straight),Not Distracted,Not Distracted,Motor Vehicle
3478,Texas,23090001,2309,1,Pedestrian/ Animal,Unknown If Distracted,Unknown If Distracted,Unknown
3479,Texas,23100001,2310,1,Drive Off Road,Not Distracted,Not Distracted,Driver Did Not Maneuver To Avoid
3480,Texas,23110001,2311,1,Drive Off Road,Not Distracted,Not Distracted,Not Reported
3481,Texas,23120001,2312,1,Drive Off Road,"Distraction (Distracted), Details Unknown","Distraction (Distracted), Details Unknown",Not Reported
3482,Texas,23130001,2313,1,Other Crash Type,Not Distracted,Not Distracted,Not Reported
3483,Texas,23140001,2314,1,Lateral Move (Left/Right),Not Distracted,Not Distracted,Not Reported
3484,Texas,23140002,2314,2,Lateral Move (Going Straight),Not Distracted,Not Distracted,Motor Vehicle
3485,Texas,23150001,2315,1,Slower,Not Distracted,Not Distracted,Driver Did Not Maneuver To Avoid
3486,Texas,23150002,2315,2,"Slower, Going Straight",Not Distracted,Not Distracted,Not Reported
3487,Texas,23160001,2316,1,Lateral Move (Left/Right),Not Distracted,Not Distracted,Not Reported
3488,Texas,23160002,2316,2,Lateral Move (Going Straight),Not Distracted,Not Distracted,Not Reported
3489,Texas,23170001,2317,1,Decelerating (Slowing),Not Distracted,Not Distracted,Not Reported
3490,Texas,23170002,2317,2,"Decelerating (Slowing), Going Straight",Not Distracted,Not Distracted,Not Reported
3491,Texas,23180001,2318,1,Striking From The Left,Not Distracted,Not Distracted,Not Reported
3492,Texas,23180002,2318,2,Struck On The Left,Not Distracted,Not Distracted,Not Reported
3493,Texas,23190001,2319,1,Other Crash Type,Not Distracted,Not Distracted,Not Reported
3494,Texas,23200001,2320,1,Specifics Other,Not Distracted,Not Distracted,Not Reported
3495,Texas,23200002,2320,2,Specifics Other,Not Distracted,Not Distracted,Not Reported
3496,Texas,23200003,2320,3,Other Crash Type,Not Distracted,Not Distracted,Driver Did Not Maneuver To Avoid
3497,Texas,23200004,2320,4,Other Crash Type,Not Distracted,Not Distracted,Driver Did Not Maneuver To Avoid
3498,Texas,23210001,2321,1,Initial Opposite Directions (Going Straight),Not Distracted,Not Distracted,Not Reported
3499,Texas,23210002,2321,2,Initial Opposite Directions (Left/Right),Not Distracted,Not Distracted,Not Reported
3500,Texas,23220001,2322,1,Control/Traction Loss,Not Distracted,Not Distracted,Not Reported
3501,Texas,23230001,2323,1,Drive Off Road,Not Distracted,Not Distracted,Not Reported
3502,Texas,23240001,2324,1,Control/Traction Loss,Not Distracted,Not Distracted,Not Reported
3503,Texas,23250001,2325,1,Lateral Move (Going Straight),Not Distracted,Not Distracted,Not Reported
3504,Texas,23250002,2325,2,Lateral Move (Left/Right),Other Cellular Phone Related,Other Cellular Phone Related,Not Reported
3505,Texas,23260001,2326,1,Pedestrian/ Animal,Not Distracted,Not Distracted,Not Reported
3506,Texas,23270001,2327,1,Drive Off Road,Not Distracted,Not Distracted,Not Reported
3507,Texas,23280001,2328,1,Slower,Not Distracted,Not Distracted,Not Reported
3508,Texas,23280002,2328,2,"Slower, Going Straight",Not Distracted,Not Distracted,Not Reported
3509,Texas,23280003,2328,3,Other Crash Type,Not Distracted,Not Distracted,Not Reported
3510,Texas,23290001,2329,1,Control/Traction Loss,Not Distracted,Not Distracted,Not Reported
3511,Texas,23300001,2330,1,Changing Lanes To The Left,Not Distracted,Not Distracted,Not Reported
3512,Texas,23300002,2330,2,Straight Ahead On Left/Right,Not Distracted,Not Distracted,Not Reported
3513,Texas,23300003,2330,3,Other Crash Type,Not Distracted,Not Distracted,Not Reported
3514,Texas,23310001,2331,1,Specifics Other,Not Distracted,Not Distracted,Not Reported
3515,Texas,23310002,2331,2,Specifics Other,Not Distracted,Not Distracted,Not Reported
3516,Texas,23320001,2332,1,Striking From The Left,Not Distracted,Not Distracted,Not Reported
3517,Texas,23320002,2332,2,Struck On The Left,Not Distracted,Not Distracted,Not Reported
3518,Texas,23330001,2333,1,Striking From The Left,Not Distracted,Not Distracted,Not Reported
3519,Texas,23330002,2333,2,Struck On The Left,Not Distracted,Not Distracted,Not Reported
3520,Texas,23340001,2334,1,Control/Traction Loss,Not Distracted,Not Distracted,Not Reported
3521,Texas,23350001,2335,1,Drive Off Road,Not Distracted,Not Distracted,Not Reported
3522,Texas,23360001,2336,1,Parked Veh.,Not Distracted,Not Distracted,Not Reported
3523,Texas,23370001,2337,1,Control/Traction Loss,Not Distracted,Not Distracted,Not Reported
3524,Texas,23380001,2338,1,Control/Traction Loss,Not Distracted,Not Distracted,Not Reported
3525,Texas,23380002,2338,2,Other Crash Type,Not Distracted,Not Distracted,Not Reported
3526,Texas,23380003,2338,3,Other Crash Type,Not Distracted,Not Distracted,Not Reported
3527,Texas,23380004,2338,4,Other Crash Type,Not Distracted,Not Distracted,Not Reported
3528,Texas,23380005,2338,5,Other Crash Type,Not Distracted,Not Distracted,Not Reported
3529,Texas,23390001,2339,1,Stopped,Not Distracted,Not Distracted,Not Reported
3530,Texas,23390002,2339,2,"Stopped, Straight",Not Distracted,Not Distracted,Driver Did Not Maneuver To Avoid
3531,Texas,23420001,2342,1,Struck On The Right,Not Distracted,Not Distracted,Not Reported
3532,Texas,23420002,2342,2,Striking From The Right,Not Distracted,Not Distracted,Not Reported
3533,Texas,23430001,2343,1,Struck On The Right,Not Distracted,Not Distracted,Not Reported
3534,Texas,23430002,2343,2,Striking From The Right,Not Distracted,Not Distracted,Not Reported
3535,Texas,23440001,2344,1,Parked Veh.,Not Distracted,Not Distracted,Not Reported
3536,Texas,23450001,2345,1,Control/Traction Loss,Not Distracted,Not Distracted,Not Reported
3537,Texas,23460001,2346,1,Lateral Move (Left/Right),Not Distracted,Not Distracted,Not Reported
3538,Texas,23460002,2346,2,Lateral Move (Going Straight),Not Distracted,Not Distracted,Not Reported
3539,Texas,23460003,2346,3,Other Crash Type,Not Distracted,Not Distracted,Not Reported
3540,Texas,23460004,2346,4,Other Crash Type,Not Distracted,Not Distracted,Motor Vehicle
3541,Texas,23460005,2346,5,Other Crash Type,Not Distracted,Not Distracted,Not Reported
3542,Texas,23460006,2346,6,Other Crash Type,Not Distracted,Not Distracted,Not Reported
3543,Texas,23460007,2346,7,Other Crash Type,Not Distracted,Not Distracted,Not Reported
3544,Texas,23470001,2347,1,Control/Traction Loss,Not Distracted,Not Distracted,Not Reported
3545,Texas,23480001,2348,1,Control/Traction Loss,Not Distracted,Not Distracted,Not Reported
3546,Texas,23490001,2349,1,Pedestrian/ Animal,Not Distracted,Not Distracted,Driver Did Not Maneuver To Avoid
3547,Texas,23500001,2350,1,Drive Off Road,Not Distracted,Not Distracted,Not Reported
3548,Texas,23510001,2351,1,Drive Off Road,Not Distracted,Not Distracted,Not Reported
3549,Texas,23520001,2352,1,Striking From The Right,Not Distracted,Not Distracted,Not Reported
3550,Texas,23520002,2352,2,Struck On The Right,Not Distracted,Not Distracted,Not Reported
3551,Texas,23530001,2353,1,Drive Off Road,Not Distracted,Not Distracted,Not Reported
3552,Texas,23540001,2354,1,Pedestrian/ Animal,Not Distracted,Not Distracted,Not Reported
3553,Texas,23550001,2355,1,Specifics Other,Not Distracted,Not Distracted,Not Reported
3554,Texas,23550002,2355,2,Specifics Other,Not Distracted,Not Distracted,Not Reported
3555,Texas,23560001,2356,1,Control/Traction Loss,Not Distracted,Not Distracted,Not Reported
3556,Texas,23570001,2357,1,Control/Traction Loss,Not Distracted,Not Distracted,Not Reported
3557,Texas,23580001,2358,1,Slower,Not Distracted,Not Distracted,Not Reported
3558,Texas,23580002,2358,2,"Slower, Going Straight",Not Distracted,Not Distracted,Not Reported
3559,Texas,23590001,2359,1,Specifics Other,Not Distracted,Not Distracted,Not Reported
3560,Texas,23590002,2359,2,Specifics Other,Not Distracted,Not Distracted,Not Reported
3561,Texas,23600001,2360,1,Initial Same Directions (Turning Left),Not Distracted,Not Distracted,Not Reported
3562,Texas,23600002,2360,2,Initial Same Directions (Going Straight),Not Distracted,Not Distracted,Motor Vehicle
3563,Texas,23610001,2361,1,Straight Ahead On Left/Right,Not Distracted,Not Distracted,Not Reported
3564,Texas,23610002,2361,2,Changing Lanes To The Left,Not Distracted,Not Distracted,Not Reported
3565,Texas,23620001,2362,1,Drive Off Road,Not Distracted,Not Distracted,Not Reported
3566,Texas,23630001,2363,1,Other Crash Type,Not Distracted,Not Distracted,Not Reported
3567,Texas,23640001,2364,1,Drive Off Road,Not Distracted,Not Distracted,Not Reported
3568,Texas,23650001,2365,1,Drive Off Road,Not Distracted,Not Distracted,Not Reported
3569,Texas,23660001,2366,1,Pedestrian/ Animal,Unknown If Distracted,Unknown If Distracted,Unknown
3570,Texas,23660002,2366,2,Other Crash Type,Not Distracted,Not Distracted,Not Reported
3571,Texas,23670001,2367,1,Straight Ahead On Left,Unknown If Distracted,Unknown If Distracted,Unknown
3572,Texas,23670002,2367,2,Straight Ahead On Left/Right,Not Distracted,Not Distracted,Not Reported
3573,Texas,23680001,2368,1,Drive Off Road,Not Distracted,Not Distracted,Driver Did Not Maneuver To Avoid
3574,Texas,23690001,2369,1,Other Crash Type,Not Distracted,Not Distracted,Not Reported
3575,Texas,23700001,2370,1,Pedestrian/ Animal,Not Distracted,Not Distracted,Not Reported
3576,Texas,23710001,2371,1,Pedestrian/ Animal,Not Distracted,Not Distracted,Not Reported
3577,Texas,23720001,2372,1,Pedestrian/ Animal,Not Distracted,Not Distracted,Not Reported
3578,Texas,23730001,2373,1,Drive Off Road,Not Distracted,Not Distracted,Not Reported
3579,Texas,23740001,2374,1,Pedestrian/ Animal,"Inattention (Inattentive), Details Unknown","Inattention (Inattentive), Details Unknown",Not Reported
3580,Texas,23750001,2375,1,Stopped,Not Distracted,Not Distracted,Not Reported
3581,Texas,23750002,2375,2,"Stopped, Straight",Not Distracted,Not Distracted,Driver Did Not Maneuver To Avoid
3582,Texas,23750003,2375,3,Other Crash Type,Not Distracted,Not Distracted,Not Reported
3583,Texas,23750004,2375,4,Other Crash Type,Not Distracted,Not Distracted,Not Reported
3584,Texas,23750005,2375,5,Other Crash Type,Not Distracted,Not Distracted,Not Reported
3585,Texas,23760001,2376,1,Pedestrian/ Animal,Not Distracted,Not Distracted,Driver Did Not Maneuver To Avoid
3586,Texas,23770001,2377,1,Pedestrian/ Animal,Not Distracted,Not Distracted,Driver Did Not Maneuver To Avoid
3587,Texas,23780001,2378,1,Pedestrian/ Animal,Not Distracted,Not Distracted,Driver Did Not Maneuver To Avoid
3588,Texas,23790001,2379,1,Lateral Move (Left/Right),Not Distracted,Not Distracted,Not Reported
3589,Texas,23790002,2379,2,Lateral Move (Going Straight),Not Distracted,Not Distracted,Not Reported
3590,Texas,23800001,2380,1,Drive Off Road,Not Distracted,Not Distracted,Not Reported
3591,Texas,23810001,2381,1,Control/Traction Loss,Not Distracted,Not Distracted,Not Reported
3592,Texas,23820001,2382,1,Pedestrian/ Animal,Not Distracted,Not Distracted,Not Reported
3593,Texas,23830001,2383,1,Striking From The Right,"Inattention (Inattentive), Details Unknown","Inattention (Inattentive), Details Unknown",Not Reported
3594,Texas,23830002,2383,2,Struck On The Right,Not Distracted,Not Distracted,Not Reported
3595,Texas,23840001,2384,1,Drive Off Road,Not Distracted,Not Distracted,Driver Did Not Maneuver To Avoid
3596,Texas,23850001,2385,1,Drive Off Road,Not Distracted,Not Distracted,Not Reported
3597,Texas,23860001,2386,1,Lateral Move (Left/Right),Not Distracted,Not Distracted,Phantom/Non-Contact Motor Vehicle
3598,Texas,23860002,2386,2,Lateral Move (Going Straight),Not Distracted,Not Distracted,Not Reported
3599,Texas,23870001,2387,1,Turn Into Opposite Directions (Going Straight),Not Distracted,Not Distracted,Not Reported
3600,Texas,23870002,2387,2,Turn Into Opposite Directions (Turning Left),Not Distracted,Not Distracted,Not Reported
3601,Texas,23880001,2388,1,Pedestrian/ Animal,Unknown If Distracted,Unknown If Distracted,Unknown
3602,Texas,23890001,2389,1,Specifics Other,Not Distracted,Not Distracted,Not Reported
3603,Texas,23890002,2389,2,Specifics Other,Not Distracted,Not Distracted,Motor Vehicle
3604,Texas,23900001,2390,1,Struck On The Left,Not Distracted,Not Distracted,Not Reported
3605,Texas,23900002,2390,2,Striking From The Left,Not Distracted,Not Distracted,Motor Vehicle
3606,Texas,23910001,2391,1,Specifics Other,Not Distracted,Not Distracted,Not Reported
3607,Texas,23910002,2391,2,Specifics Other,Not Distracted,Not Distracted,Not Reported
3608,Texas,23920001,2392,1,Lateral Move (Left/Right),Other Cellular Phone Related,Other Cellular Phone Related,Not Reported
3609,Texas,23920002,2392,2,Lateral Move (Going Straight),Other Cellular Phone Related,Other Cellular Phone Related,Not Reported
3610,Texas,23930001,2393,1,Drive Off Road,"Distraction (Distracted), Details Unknown","Distraction (Distracted), Details Unknown",Not Reported
3611,Texas,23940001,2394,1,Turn Into Same Direction (Turning Right),Not Distracted,Not Distracted,Not Reported
3612,Texas,23940002,2394,2,Turn Into Same Direction (Going Straight),Not Distracted,Not Distracted,Motor Vehicle
3613,Texas,23950001,2395,1,Pedestrian/ Animal,Unknown If Distracted,Unknown If Distracted,Unknown
3614,Texas,23960001,2396,1,Other Crash Type,Not Distracted,Not Distracted,Not Reported
3615,Texas,23960002,2396,2,Other Crash Type,Not Distracted,Not Distracted,Not Reported
3616,Texas,23970001,2397,1,Slower,Not Distracted,Not Distracted,Not Reported
3617,Texas,23970002,2397,2,"Slower, Going Straight",Not Distracted,Not Distracted,Not Reported
3618,Texas,23980001,2398,1,Striking From The Left,Not Distracted,Not Distracted,Not Reported
3619,Texas,23980002,2398,2,Struck On The Left,Not Distracted,Not Distracted,Not Reported
3620,Texas,23990001,2399,1,Drive Off Road,Not Distracted,Not Distracted,Not Reported
3621,Texas,23990002,2399,2,Other Crash Type,Not Distracted,Not Distracted,Not Reported
3622,Texas,24000001,2400,1,Drive Off Road,Not Distracted,Not Distracted,Not Reported
3623,Texas,24010001,2401,1,Slower,Not Distracted,Not Distracted,Not Reported
3624,Texas,24010002,2401,2,"Slower, Going Straight",Not Distracted,Not Distracted,Not Reported
3625,Texas,24020002,2402,2,Parked Veh.,While Using Or Reaching For Device/Object Brought Into Vehicle,While Using Or Reaching For Device/Object Brought Into Vehicle,Not Reported
3626,Texas,24030001,2403,1,Drive Off Road,Not Distracted,Not Distracted,Not Reported
3627,Texas,24040001,2404,1,Other Crash Type,Not Distracted,Not Distracted,Not Reported
3628,Texas,24050001,2405,1,Drive Off Road,Not Distracted,Not Distracted,Not Reported
3629,Texas,24060001,2406,1,Lateral Move (Left/Right),Not Distracted,Not Distracted,Not Reported
3630,Texas,24060002,2406,2,Lateral Move (Going Straight),Not Distracted,Not Distracted,Not Reported
3631,Texas,24070001,2407,1,Control/Traction Loss,Not Distracted,Not Distracted,Not Reported
3632,Texas,24080001,2408,1,Control/Traction Loss,Not Distracted,Not Distracted,Not Reported
3633,Texas,24090001,2409,1,Control/Traction Loss,Not Distracted,Not Distracted,Not Reported
3634,Texas,24100001,2410,1,Control/Traction Loss,Not Distracted,Not Distracted,Not Reported
3635,Texas,24110001,2411,1,Initial Opposite Directions (Going Straight),Not Distracted,Not Distracted,Not Reported
3636,Texas,24110002,2411,2,Initial Opposite Directions (Left/Right),Not Distracted,Not Distracted,Not Reported
3637,Texas,24120001,2412,1,Control/Traction Loss,Not Distracted,Not Distracted,Not Reported
3638,Texas,24130001,2413,1,End Departure,"Inattention (Inattentive), Details Unknown","Inattention (Inattentive), Details Unknown",Not Reported
3639,Texas,24140001,2414,1,Drive Off Road,Not Distracted,Not Distracted,Not Reported
3640,Texas,24150001,2415,1,Turn Into Opposite Directions (Going Straight),Not Distracted,Not Distracted,Not Reported
3641,Texas,24150002,2415,2,Turn Into Opposite Directions (Turning Left),"Inattention (Inattentive), Details Unknown","Inattention (Inattentive), Details Unknown",Not Reported
3642,Texas,24160001,2416,1,Turn Into Opposite Directions (Turning Left),"Inattention (Inattentive), Details Unknown","Inattention (Inattentive), Details Unknown",Not Reported
3643,Texas,24160002,2416,2,Turn Into Opposite Directions (Going Straight),Not Distracted,Not Distracted,Not Reported
3644,Texas,24170001,2417,1,Control/Traction Loss,Not Distracted,Not Distracted,Not Reported
3645,Texas,24180001,2418,1,Lateral Move (Left/Right),Not Distracted,Not Distracted,Not Reported
3646,Texas,24180002,2418,2,Lateral Move (Going Straight),Not Distracted,Not Distracted,Motor Vehicle
3647,Texas,24190001,2419,1,Other Crash Type,Not Distracted,Not Distracted,Driver Did Not Maneuver To Avoid
3648,Texas,24190002,2419,2,"Stopped, Straight",Not Distracted,Not Distracted,Driver Did Not Maneuver To Avoid
3649,Texas,24190003,2419,3,Stopped,Not Distracted,Not Distracted,Not Reported
3650,Texas,24200001,2420,1,Specifics Other,Not Distracted,Not Distracted,Driver Did Not Maneuver To Avoid
3651,Texas,24220001,2422,1,Drive Off Road,Not Distracted,Not Distracted,Not Reported
3652,Texas,24230001,2423,1,"Slower, Going Straight",Not Distracted,Not Distracted,Not Reported
3653,Texas,24230002,2423,2,Slower,Not Distracted,Not Distracted,Not Reported