,State Name,ID,CaseNo,VehicleNo,CrashType,First Distraction,Second Distraction,Driver Action
3654,Texas,24240001,2424,1,Pedestrian/ Animal,Not Distracted,Not Distracted,Not Reported
3655,Texas,24250001,2425,1,Control/Traction Loss,Distraction/Inattention,Distraction/Inattention,Not Reported
3656,Texas,24260001,2426,1,Stopped,Not Distracted,Not Distracted,Not Reported
3657,Texas,24260002,2426,2,"Stopped, Straight",Not Distracted,Not Distracted,Driver Did Not Maneuver To Avoid
3658,Texas,24270001,2427,1,Pedestrian/ Animal,Not Distracted,Not Distracted,Not Reported
3659,Texas,24280001,2428,1,Drive Off Road,Not Distracted,Not Distracted,Not Reported
3660,Texas,24290001,2429,1,Initial Opposite Directions (Going Straight),Not Distracted,Not Distracted,Not Reported
3661,Texas,24290002,2429,2,Initial Opposite Directions (Left/Right),Not Distracted,Not Distracted,Not Reported
3662,Texas,24300001,2430,1,Control/Traction Loss,Not Distracted,Not Distracted,Not Reported
3663,Texas,24310001,2431,1,Control/Traction Loss,Not Distracted,Not Distracted,Not Reported
3664,Texas,24320001,2432,1,Drive Off Road,Not Distracted,Not Distracted,Not Reported
3665,Texas,24330001,2433,1,Drive Off Road,Not Distracted,Not Distracted,Not Reported
3666,Texas,24340001,2434,1,Other Crash Type,Not Distracted,Not Distracted,Not Reported
3667,Texas,24340002,2434,2,Other Crash Type,Not Distracted,Not Distracted,Not Reported
3668,Texas,24350001,2435,1,Drive Off Road,Not Distracted,Not Distracted,Not Reported
3669,Texas,24360001,2436,1,Control/Traction Loss,Not Distracted,Not Distracted,Not Reported
3670,Texas,24370001,2437,1,Drive Off Road,Not Distracted,Not Distracted,Not Reported
3671,Texas,24380001,2438,1,Pedestrian/ Animal,Not Distracted,Not Distracted,Not Reported
3672,Texas,24390001,2439,1,Pedestrian/ Animal,Not Distracted,Not Distracted,Not Reported
3673,Texas,24400001,2440,1,Pedestrian/ Animal,Not Distracted,Not Distracted,Not Reported
3674,Texas,24410001,2441,1,Other Crash Type,Not Distracted,Not Distracted,Not Reported
3675,Texas,24420001,2442,1,Pedestrian/ Animal,Not Distracted,Not Distracted,Not Reported
3676,Texas,24430001,2443,1,Pedestrian/ Animal,Not Distracted,Not Distracted,Driver Did Not Maneuver To Avoid
3677,Texas,24440001,2444,1,Turn Into Opposite Directions (Going Straight),Not Distracted,Not Distracted,Not Reported
3678,Texas,24440002,2444,2,Turn Into Opposite Directions (Turning Left),Not Distracted,Not Distracted,Not Reported
3679,Texas,24450001,2445,1,Pedestrian/ Animal,Not Distracted,Not Distracted,Not Reported
3680,Texas,24460001,2446,1,Slower,"Inattention (Inattentive), Details Unknown","Inattention (Inattentive), Details Unknown",Not Reported
3681,Texas,24460002,2446,2,"Slower, Going Straight",Not Distracted,Not Distracted,Not Reported
3682,Texas,24470001,2447,1,Specifics Other,Not Distracted,Not Distracted,Not Reported
3683,Texas,24470002,2447,2,Specifics Other,Not Distracted,Not Distracted,Not Reported
3684,Texas,24480001,2448,1,Pedestrian/ Animal,Not Distracted,Not Distracted,Not Reported
3685,Texas,24490001,2449,1,Other Crash Type,Not Distracted,Not Distracted,Not Reported
3686,Texas,24490002,2449,2,Other Crash Type,Not Distracted,Not Distracted,Motor Vehicle
3687,Texas,24500001,2450,1,Specifics Other,Not Distracted,Not Distracted,Motor Vehicle
3688,Texas,24500002,2450,2,Specifics Other,Not Distracted,Not Distracted,Not Reported
3689,Texas,24510001,2451,1,Slower,Not Distracted,Not Distracted,Driver Did Not Maneuver To Avoid
3690,Texas,24510002,2451,2,"Slower, Going Straight",Not Distracted,Not Distracted,Not Reported
3691,Texas,24520001,2452,1,Drive Off Road,Not Distracted,Not Distracted,Not Reported
3692,Texas,24530001,2453,1,Specifics Other,Not Distracted,Not Distracted,Motor Vehicle
3693,Texas,24530002,2453,2,Specifics Other,Not Distracted,Not Distracted,Motor Vehicle
3694,Texas,24540001,2454,1,Drive Off Road,Not Distracted,Not Distracted,Not Reported
3695,Texas,24550001,2455,1,Drive Off Road,Not Distracted,Not Distracted,Not Reported
3696,Texas,24560001,2456,1,Pedestrian/ Animal,"Inattention (Inattentive), Details Unknown","Inattention (Inattentive), Details Unknown",Driver Did Not Maneuver To Avoid
3697,Texas,24570001,2457,1,Drive Off Road,Not Distracted,Not Distracted,Not Reported
3698,Texas,24580001,2458,1,No Impact,Not Distracted,Not Distracted,Driver Did Not Maneuver To Avoid
3699,Texas,24590001,2459,1,Drive Off Road,Unknown If Distracted,Unknown If Distracted,Unknown
3700,Texas,24600001,2460,1,Drive Off Road,While Talking Or Listening To Cellular Phone,While Talking Or Listening To Cellular Phone,Not Reported
3701,Texas,24610001,2461,1,Turn Into Opposite Directions (Turning Left),Not Distracted,Not Distracted,Not Reported
3702,Texas,24610002,2461,2,Turn Into Opposite Directions (Going Straight),Not Distracted,Not Distracted,Not Reported
3703,Texas,24620001,2462,1,Control/Traction Loss,Not Distracted,Not Distracted,Not Reported
3704,Texas,24630001,2463,1,Control/Traction Loss,Not Distracted,Not Distracted,Not Reported
3705,Texas,24640001,2464,1,Pedestrian/ Animal,Not Distracted,Not Distracted,Not Reported
3706,Texas,24640002,2464,2,Other Crash Type,Not Distracted,Not Distracted,Not Reported
3707,Texas,24640003,2464,3,Other Crash Type,Not Distracted,Not Distracted,Not Reported
3708,Texas,24650001,2465,1,Lateral Move (Left/Right),Not Distracted,Not Distracted,Not Reported
3709,Texas,24650002,2465,2,Lateral Move (Going Straight),Not Distracted,Not Distracted,Not Reported
3710,Texas,24660001,2466,1,Turn Into Opposite Directions (Turning Left),Not Distracted,Not Distracted,Not Reported
3711,Texas,24660002,2466,2,Turn Into Opposite Directions (Going Straight),Not Distracted,Not Distracted,Not Reported
3712,Texas,24670001,2467,1,Pedestrian/ Animal,Not Distracted,Not Distracted,Driver Did Not Maneuver To Avoid
3713,Texas,24680001,2468,1,Specifics Other,Not Distracted,Not Distracted,Not Reported
3714,Texas,24680002,2468,2,Specifics Other,Not Distracted,Not Distracted,Not Reported
3715,Texas,24690001,2469,1,Control/Traction Loss,Not Distracted,Not Distracted,Not Reported
3716,Texas,24700001,2470,1,Lateral Move (Left/Right),Not Distracted,Not Distracted,Motor Vehicle
3717,Texas,24700002,2470,2,Lateral Move (Going Straight),Not Distracted,Not Distracted,Motor Vehicle
3718,Texas,24710001,2471,1,Drive Off Road,Not Distracted,Not Distracted,Not Reported
3719,Texas,24730001,2473,1,Drive Off Road,Not Distracted,Not Distracted,Not Reported
3720,Texas,24740001,2474,1,Lateral Move (Left/Right),Not Distracted,Not Distracted,Not Reported
3721,Texas,24740002,2474,2,Lateral Move (Going Straight),Not Distracted,Not Distracted,Not Reported
3722,Texas,24750001,2475,1,Stopped,"Inattention (Inattentive), Details Unknown","Inattention (Inattentive), Details Unknown",Not Reported
3723,Texas,24750002,2475,2,"Stopped, Straight",Not Distracted,Not Distracted,Driver Did Not Maneuver To Avoid
3724,Texas,24750003,2475,3,Other Crash Type,Not Distracted,Not Distracted,Driver Did Not Maneuver To Avoid
3725,Texas,24750004,2475,4,Other Crash Type,Not Distracted,Not Distracted,Driver Did Not Maneuver To Avoid
3726,Texas,24760001,2476,1,Drive Off Road,Not Distracted,Not Distracted,Not Reported
3727,Texas,24770001,2477,1,Initial Opposite Directions (Left/Right),Not Distracted,Not Distracted,Not Reported
3728,Texas,24770002,2477,2,Initial Opposite Directions (Going Straight),Not Distracted,Not Distracted,Not Reported
3729,Texas,24770003,2477,3,Other Crash Type,Not Distracted,Not Distracted,Not Reported
3730,Texas,24780001,2478,1,Stopped,Not Distracted,Not Distracted,Not Reported
3731,Texas,24780002,2478,2,"Stopped, Straight",Not Distracted,Not Distracted,Driver Did Not Maneuver To Avoid
3732,Texas,24780003,2478,3,Other Crash Type,Not Distracted,Not Distracted,Driver Did Not Maneuver To Avoid
3733,Texas,24790001,2479,1,Lateral Move (Left/Right),Not Distracted,Not Distracted,Phantom/Non-Contact Motor Vehicle
3734,Texas,24790002,2479,2,Lateral Move (Going Straight),Not Distracted,Not Distracted,Not Reported
3735,Texas,24800001,2480,1,Pedestrian/ Animal,Not Distracted,Not Distracted,Not Reported
3736,Texas,24810001,2481,1,Specifics Other,Not Distracted,Not Distracted,Phantom/Non-Contact Motor Vehicle
3737,Texas,24810002,2481,2,Specifics Other,Not Distracted,Not Distracted,Not Reported
3738,Texas,24820001,2482,1,Lateral Move (Left/Right),Not Distracted,Not Distracted,Not Reported
3739,Texas,24820002,2482,2,Lateral Move (Going Straight),Not Distracted,Not Distracted,Not Reported
3740,Texas,24830001,2483,1,Pedestrian/ Animal,Not Distracted,Not Distracted,Driver Did Not Maneuver To Avoid
3741,Texas,24840001,2484,1,Other Crash Type,Not Distracted,Not Distracted,Not Reported
3742,Texas,24850001,2485,1,Pedestrian/ Animal,Not Distracted,Not Distracted,"Pedestrian, Pedalcyclist Or Other Non-Motorist"
3743,Texas,24860001,2486,1,Lateral Move (Left/Right),Not Distracted,Not Distracted,Not Reported
3744,Texas,24860002,2486,2,Lateral Move (Going Straight),Not Distracted,Not Distracted,Not Reported
3745,Texas,24870001,2487,1,Initial Opposite Directions (Left/Right),Not Distracted,Not Distracted,Not Reported
3746,Texas,24870002,2487,2,Initial Opposite Directions (Going Straight),Not Distracted,Not Distracted,Not Reported
3747,Texas,24880001,2488,1,Lateral Move (Left/Right),Not Distracted,Not Distracted,Not Reported
3748,Texas,24880002,2488,2,Lateral Move (Going Straight),Not Distracted,Not Distracted,Not Reported
3749,Texas,24880003,2488,3,Other Crash Type,Not Distracted,Not Distracted,Motor Vehicle
3750,Texas,24890001,2489,1,Striking From The Left,Not Distracted,Not Distracted,Not Reported
3751,Texas,24890002,2489,2,Struck On The Left,Not Distracted,Not Distracted,Not Reported
3752,Texas,24900001,2490,1,Control/Traction Loss,Not Distracted,Not Distracted,Not Reported
3753,Texas,24910001,2491,1,Pedestrian/ Animal,Unknown If Distracted,Unknown If Distracted,Unknown
3754,Texas,24920001,2492,1,No Impact,By Other Occupant(s),By Other Occupant(s),Not Reported
3755,Texas,24920002,2492,2,Other Crash Type,Not Distracted,Not Distracted,Not Reported
3756,Texas,24930001,2493,1,Turn Into Opposite Directions (Going Straight),Not Distracted,Not Distracted,Not Reported
3757,Texas,24930002,2493,2,Turn Into Opposite Directions (Turning Left),Not Distracted,Not Distracted,Not Reported
3758,Texas,24940001,2494,1,Unknown,Not Distracted,Not Distracted,Not Reported
3759,Texas,24940002,2494,2,Unknown,Not Distracted,Not Distracted,Not Reported
3760,Texas,24950001,2495,1,Initial Opposite Directions (Left/Right),Not Distracted,Not Distracted,Not Reported
3761,Texas,24950002,2495,2,Initial Opposite Directions (Going Straight),Not Distracted,Not Distracted,Not Reported
3762,Texas,24960001,2496,1,Pedestrian/ Animal,Not Distracted,Not Distracted,Not Reported
3763,Texas,24970001,2497,1,Pedestrian/ Animal,Not Distracted,Not Distracted,"Pedestrian, Pedalcyclist Or Other Non-Motorist"
3764,Texas,24980001,2498,1,Pedestrian/ Animal,Not Distracted,Not Distracted,Not Reported
3765,Texas,24990001,2499,1,Control/Traction Loss,Not Distracted,Not Distracted,Not Reported
3766,Texas,25000001,2500,1,Pedestrian/ Animal,Not Distracted,Not Distracted,Not Reported
3767,Texas,25010001,2501,1,Drive Off Road,Not Distracted,Not Distracted,Not Reported
3768,Texas,25020001,2502,1,Initial Opposite Directions (Going Straight),Not Distracted,Not Distracted,Not Reported
3769,Texas,25020002,2502,2,Initial Opposite Directions (Left/Right),Not Distracted,Not Distracted,Not Reported
3770,Texas,25030001,2503,1,Pedestrian/ Animal,Not Distracted,Not Distracted,Not Reported
3771,Texas,25040001,2504,1,Drive Off Road,Not Distracted,Not Distracted,Not Reported
3772,Texas,25050001,2505,1,Turn Into Opposite Directions (Turning Left),Not Distracted,Not Distracted,Not Reported
3773,Texas,25050002,2505,2,Turn Into Opposite Directions (Going Straight),Not Distracted,Not Distracted,Not Reported
3774,Texas,25060001,2506,1,Slower,Not Distracted,Not Distracted,Not Reported
3775,Texas,25060002,2506,2,"Slower, Going Straight",Not Distracted,Not Distracted,Not Reported
3776,Texas,25070001,2507,1,Stopped,Not Distracted,Not Distracted,Not Reported
3777,Texas,25070002,2507,2,"Stopped, Straight",Not Distracted,Not Distracted,Driver Did Not Maneuver To Avoid
3778,Texas,25070003,2507,3,Other Crash Type,Not Distracted,Not Distracted,Not Reported
3779,Texas,25080001,2508,1,Drive Off Road,Not Distracted,Not Distracted,Not Reported
3780,Texas,25090001,2509,1,Initial Opposite Directions (Going Straight),Not Distracted,Not Distracted,Not Reported
3781,Texas,25090002,2509,2,Initial Opposite Directions (Left/Right),Not Distracted,Not Distracted,Not Reported
3782,Texas,25100001,2510,1,Drive Off Road,Not Distracted,Not Distracted,Not Reported
3783,Texas,25110001,2511,1,Control/Traction Loss,Not Distracted,Not Distracted,Not Reported
3784,Texas,25120001,2512,1,Specifics Other,Not Distracted,Not Distracted,Not Reported
3785,Texas,25120002,2512,2,Specifics Other,Not Distracted,Not Distracted,Not Reported
3786,Texas,25120003,2512,3,Other Crash Type,Not Distracted,Not Distracted,Not Reported
3787,Texas,25130001,2513,1,Slower,Not Distracted,Not Distracted,Not Reported
3788,Texas,25130002,2513,2,"Slower, Going Straight",Not Distracted,Not Distracted,Not Reported
3789,Texas,25140001,2514,1,Pedestrian/ Animal,Unknown If Distracted,Unknown If Distracted,Unknown
3790,Texas,25150001,2515,1,Specifics Other,Not Distracted,Not Distracted,Motor Vehicle
3791,Texas,25150002,2515,2,Specifics Other,Not Distracted,Not Distracted,Not Reported
3792,Texas,25160001,2516,1,Specifics Other,No Driver Present/Unknown If Driver Present,No Driver Present/Unknown If Driver Present,No Driver Present/Unknown If Driver Present
3793,Texas,25160002,2516,2,Specifics Other,"Inattention (Inattentive), Details Unknown","Inattention (Inattentive), Details Unknown",Not Reported
3794,Texas,25170001,2517,1,Initial Same Directions (Turning Left),Not Distracted,Not Distracted,Not Reported
3795,Texas,25170002,2517,2,Initial Same Directions (Going Straight),Not Distracted,Not Distracted,Not Reported
3796,Texas,25180001,2518,1,Slower,"Inattention (Inattentive), Details Unknown","Inattention (Inattentive), Details Unknown",Not Reported
3797,Texas,25180002,2518,2,"Slower, Going Straight",Not Distracted,Not Distracted,Not Reported
3798,Texas,25190001,2519,1,Pedestrian/ Animal,"Inattention (Inattentive), Details Unknown","Inattention (Inattentive), Details Unknown",Driver Did Not Maneuver To Avoid
3799,Texas,25200001,2520,1,Initial Same Directions (Going Straight),Not Distracted,Not Distracted,Driver Did Not Maneuver To Avoid
3800,Texas,25200002,2520,2,Initial Same Directions (Turning Left),Not Distracted,Not Distracted,Not Reported
3801,Texas,25210001,2521,1,Control/Traction Loss,Not Distracted,Not Distracted,Not Reported
3802,Texas,25220001,2522,1,Turn Into Opposite Directions (Turning Left),Not Distracted,Not Distracted,Not Reported
3803,Texas,25220002,2522,2,Turn Into Opposite Directions (Going Straight),Not Distracted,Not Distracted,Not Reported
3804,Texas,25230001,2523,1,Lateral Move (Left/Right),"Inattention (Inattentive), Details Unknown","Inattention (Inattentive), Details Unknown",Not Reported
3805,Texas,25230002,2523,2,Lateral Move (Going Straight),Not Distracted,Not Distracted,Motor Vehicle
3806,Texas,25240001,2524,1,Pedestrian/ Animal,Not Distracted,Not Distracted,Not Reported
3807,Texas,25250001,2525,1,Other Crash Type,Not Distracted,Not Distracted,Driver Did Not Maneuver To Avoid
3808,Texas,25260001,2526,1,Pedestrian/ Animal,Not Distracted,Not Distracted,Not Reported
3809,Texas,25260002,2526,2,Other Crash Type,Not Distracted,Not Distracted,Not Reported
3810,Texas,25260003,2526,3,Other Crash Type,Not Distracted,Not Distracted,Not Reported
3811,Texas,25260004,2526,4,Other Crash Type,Not Distracted,Not Distracted,Not Reported
3812,Texas,25270001,2527,1,Pedestrian/ Animal,Not Distracted,Not Distracted,Not Reported
3813,Texas,25280001,2528,1,No Impact,Not Distracted,Not Distracted,Not Reported
3814,Texas,25290001,2529,1,Control/Traction Loss,Not Distracted,Not Distracted,Not Reported
3815,Texas,25300001,2530,1,Specifics Other,Not Distracted,Not Distracted,Not Reported
3816,Texas,25300002,2530,2,Specifics Other,Not Distracted,Not Distracted,Not Reported
3817,Texas,25300003,2530,3,Other Crash Type,Not Distracted,Not Distracted,Not Reported
3818,Texas,25300004,2530,4,Other Crash Type,Not Distracted,Not Distracted,Motor Vehicle
3819,Texas,25310001,2531,1,Drive Off Road,Not Distracted,Not Distracted,Not Reported
3820,Texas,25320001,2532,1,"Slower, Going Straight",Unknown If Distracted,Unknown If Distracted,Unknown
3821,Texas,25320002,2532,2,Slower,Unknown If Distracted,Unknown If Distracted,Unknown
3822,Texas,25330001,2533,1,Lateral Move (Left/Right),Not Distracted,Not Distracted,Not Reported
3823,Texas,25330002,2533,2,Lateral Move (Going Straight),Not Distracted,Not Distracted,Not Reported
3824,Texas,25340001,2534,1,Struck On The Left,Not Distracted,Not Distracted,Not Reported
3825,Texas,25340002,2534,2,Striking From The Left,"Inattention (Inattentive), Details Unknown","Inattention (Inattentive), Details Unknown",Not Reported
3826,Texas,25360001,2536,1,Drive Off Road,"Inattention (Inattentive), Details Unknown","Inattention (Inattentive), Details Unknown",Not Reported
3827,Texas,25370001,2537,1,End Departure,Not Distracted,Not Distracted,Not Reported
3828,Texas,25380001,2538,1,Struck On The Right,Not Distracted,Not Distracted,Not Reported
3829,Texas,25380002,2538,2,Striking From The Right,Not Distracted,Not Distracted,Not Reported
3830,Texas,25390001,2539,1,Turn Into Opposite Directions (Going Straight),Not Distracted,Not Distracted,Not Reported
3831,Texas,25390002,2539,2,Turn Into Opposite Directions (Turning Left),Not Distracted,Not Distracted,Not Reported
3832,Texas,25400001,2540,1,Straight Ahead On Left/Right,Not Distracted,Not Distracted,Not Reported
3833,Texas,25400002,2540,2,Changing Lanes To The Right,Not Distracted,Not Distracted,Not Reported
3834,Texas,25410001,2541,1,Drive Off Road,Not Distracted,Not Distracted,Not Reported
3835,Texas,25420001,2542,1,Drive Off Road,Not Distracted,Not Distracted,Not Reported
3836,Texas,25430001,2543,1,Control/Traction Loss,Not Distracted,Not Distracted,Not Reported
3837,Texas,25440001,2544,1,Pedestrian/ Animal,Unknown If Distracted,Unknown If Distracted,Unknown
3838,Texas,25450001,2545,1,Straight Ahead On Left/Right,Not Distracted,Not Distracted,Not Reported
3839,Texas,25450002,2545,2,Changing Lanes To The Right,Not Distracted,Not Distracted,Not Reported
3840,Texas,25460001,2546,1,End Departure,Not Distracted,Not Distracted,Not Reported
3841,Texas,25470001,2547,1,Turn Into Same Direction (Going Straight),Not Distracted,Not Distracted,Not Reported
3842,Texas,25470002,2547,2,Turn Into Same Direction (Turning Right),Not Distracted,Not Distracted,Driver Did Not Maneuver To Avoid
3843,Texas,25480001,2548,1,Initial Opposite Directions (Going Straight),Not Distracted,Not Distracted,Not Reported
3844,Texas,25480002,2548,2,Initial Opposite Directions (Left/Right),Not Distracted,Not Distracted,Not Reported
3845,Texas,25490001,2549,1,Pedestrian/ Animal,Not Distracted,Not Distracted,Not Reported
3846,Texas,25500001,2550,1,Lateral Move (Left/Right),Not Distracted,Not Distracted,Not Reported
3847,Texas,25500002,2550,2,Lateral Move (Going Straight),Not Distracted,Not Distracted,Not Reported
3848,Texas,25510001,2551,1,Initial Same Directions (Going Straight),Not Distracted,Not Distracted,Not Reported
3849,Texas,25510002,2551,2,Initial Same Directions (Turning Left),Not Distracted,Not Distracted,Not Reported
3850,Texas,25520001,2552,1,Specifics Other,Not Distracted,Not Distracted,Motor Vehicle
3851,Texas,25520002,2552,2,Specifics Other,Not Distracted,Not Distracted,Motor Vehicle
3852,Texas,25530001,2553,1,Striking From The Left,Not Distracted,Not Distracted,Not Reported
3853,Texas,25530002,2553,2,Struck On The Left,Not Distracted,Not Distracted,Not Reported
3854,Texas,25540001,2554,1,Pedestrian/ Animal,Not Distracted,Not Distracted,Not Reported
3855,Texas,25550001,2555,1,No Impact,Not Distracted,Not Distracted,Not Reported
3856,Texas,25560001,2556,1,Pedestrian/ Animal,Not Distracted,Not Distracted,Not Reported
3857,Texas,25570001,2557,1,Pedestrian/ Animal,Not Distracted,Not Distracted,Driver Did Not Maneuver To Avoid
3858,Texas,25580001,2558,1,Pedestrian/ Animal,Not Distracted,Not Distracted,Not Reported
3859,Texas,25590001,2559,1,Pedestrian/ Animal,Not Distracted,Not Distracted,Driver Did Not Maneuver To Avoid
3860,Texas,25600001,2560,1,Pedestrian/ Animal,Not Distracted,Not Distracted,Not Reported
3861,Texas,25610001,2561,1,Specifics Other,Not Distracted,Not Distracted,Not Reported
3862,Texas,25610002,2561,2,Other Crash Type,Not Distracted,Not Distracted,Not Reported
3863,Texas,25610003,2561,3,Specifics Other,Not Distracted,Not Distracted,Motor Vehicle
3864,Texas,25620001,2562,1,Straight Ahead On Left,Not Distracted,Not Distracted,Not Reported
3865,Texas,25620002,2562,2,Straight Ahead On Left/Right,Not Distracted,Not Distracted,Not Reported
3866,Texas,25630001,2563,1,Striking From The Right,Not Distracted,Not Distracted,Not Reported
3867,Texas,25630002,2563,2,Struck On The Right,Not Distracted,Not Distracted,Not Reported
3868,Texas,25640001,2564,1,Control/Traction Loss,Not Distracted,Not Distracted,Not Reported
3869,Texas,25650001,2565,1,Drive Off Road,Not Distracted,Not Distracted,Not Reported
3870,Texas,25660001,2566,1,Drive Off Road,Not Distracted,Not Distracted,Not Reported
3871,Texas,25670001,2567,1,Control/Traction Loss,Other Distraction,Other Distraction,Not Reported
3872,Texas,25680001,2568,1,Lateral Move (Left/Right),Not Distracted,Not Distracted,Not Reported
3873,Texas,25680002,2568,2,Lateral Move (Going Straight),Not Distracted,Not Distracted,Motor Vehicle
3874,Texas,25690001,2569,1,Drive Off Road,Not Distracted,Not Distracted,Not Reported
3875,Texas,25700001,2570,1,Parked Veh.,Not Distracted,Not Distracted,Not Reported
3876,Texas,25710001,2571,1,Stopped,Not Distracted,Not Distracted,Not Reported
3877,Texas,25710002,2571,2,"Stopped, Straight",Not Distracted,Not Distracted,Driver Did Not Maneuver To Avoid
3878,Texas,25710003,2571,3,Other Crash Type,Not Distracted,Not Distracted,Driver Did Not Maneuver To Avoid
3879,Texas,25710004,2571,4,Other Crash Type,Not Distracted,Not Distracted,Driver Did Not Maneuver To Avoid
3880,Texas,25720001,2572,1,Other Crash Type,Not Distracted,Not Distracted,Not Reported
3881,Texas,25730001,2573,1,Control/Traction Loss,Not Distracted,Not Distracted,Not Reported
3882,Texas,25740001,2574,1,Other Crash Type,Not Distracted,Not Distracted,Not Reported
3883,Texas,25740002,2574,2,Other Crash Type,Not Distracted,Not Distracted,Not Reported
3884,Texas,25740003,2574,3,Other Crash Type,Not Distracted,Not Distracted,Not Reported
3885,Texas,25740004,2574,4,Other Crash Type,Not Distracted,Not Distracted,Not Reported
3886,Texas,25750001,2575,1,Pedestrian/ Animal,Not Distracted,Not Distracted,Driver Did Not Maneuver To Avoid
3887,Texas,25760001,2576,1,Struck On The Right,Not Distracted,Not Distracted,Not Reported
3888,Texas,25760002,2576,2,Striking From The Right,Not Distracted,Not Distracted,Motor Vehicle
3889,Texas,25770001,2577,1,Drive Off Road,Not Distracted,Not Distracted,Not Reported
3890,Texas,25780001,2578,1,Drive Off Road,Unknown If Distracted,Unknown If Distracted,Unknown
3891,Texas,25790001,2579,1,Drive Off Road,Not Distracted,Not Distracted,Not Reported
3892,Texas,25790002,2579,2,Other Crash Type,Not Distracted,Not Distracted,Not Reported
3893,Texas,25800001,2580,1,Specifics Other,"Inattention (Inattentive), Details Unknown","Inattention (Inattentive), Details Unknown",Not Reported
3894,Texas,25800002,2580,2,Specifics Other,Not Distracted,Not Distracted,Motor Vehicle
3895,Texas,25810001,2581,1,Other Crash Type,Other Cellular Phone Related,Other Cellular Phone Related,Not Reported
3896,Texas,25810003,2581,3,Other Crash Type,"Inattention (Inattentive), Details Unknown","Inattention (Inattentive), Details Unknown",Not Reported
3897,Texas,25820001,2582,1,Drive Off Road,Not Distracted,Not Distracted,Not Reported
3898,Texas,25820002,2582,2,Other Crash Type,Not Distracted,Not Distracted,Not Reported
3899,Texas,25830001,2583,1,Pedestrian/ Animal,Not Distracted,Not Distracted,"Pedestrian, Pedalcyclist Or Other Non-Motorist"
3900,Texas,25840001,2584,1,Pedestrian/ Animal,Not Distracted,Not Distracted,"Pedestrian, Pedalcyclist Or Other Non-Motorist"
3901,Texas,25850001,2585,1,Drive Off Road,Not Distracted,Not Distracted,Not Reported
3902,Texas,25860001,2586,1,Drive Off Road,Not Distracted,Not Distracted,Not Reported
3903,Texas,25870001,2587,1,Control/Traction Loss,Not Distracted,Not Distracted,Not Reported
3904,Texas,25880001,2588,1,Specifics Other,Not Distracted,Not Distracted,Not Reported
3905,Texas,25880002,2588,2,Specifics Other,Not Distracted,Not Distracted,Not Reported
3906,Texas,25890001,2589,1,Lateral Move (Left/Right),Not Distracted,Not Distracted,Not Reported
3907,Texas,25890002,2589,2,Lateral Move (Going Straight),Not Distracted,Not Distracted,Not Reported
3908,Texas,25900001,2590,1,Drive Off Road,Not Distracted,Not Distracted,Not Reported
3909,Texas,25910001,2591,1,Control/Traction Loss,Not Distracted,Not Distracted,Not Reported
3910,Texas,25920001,2592,1,Turn Into Opposite Directions (Turning Left),Not Distracted,Not Distracted,Not Reported
3911,Texas,25920002,2592,2,Turn Into Opposite Directions (Going Straight),Not Distracted,Not Distracted,Not Reported
3912,Texas,25930001,2593,1,Pedestrian/ Animal,Not Distracted,Not Distracted,Not Reported
3913,Texas,25940001,2594,1,Pedestrian/ Animal,Not Distracted,Not Distracted,Not Reported
3914,Texas,25950001,2595,1,Changing Lanes To The Left,Not Distracted,Not Distracted,Not Reported
3915,Texas,25950002,2595,2,Straight Ahead On Left/Right,Not Distracted,Not Distracted,Driver Did Not Maneuver To Avoid
3916,Texas,25960001,2596,1,Striking From The Right,Not Distracted,Not Distracted,Not Reported
3917,Texas,25960002,2596,2,Struck On The Right,Not Distracted,Not Distracted,Not Reported
3918,Texas,25970001,2597,1,Drive Off Road,Not Distracted,Not Distracted,Not Reported
3919,Texas,25980001,2598,1,Drive Off Road,Not Distracted,Not Distracted,Not Reported
3920,Texas,25990001,2599,1,Drive Off Road,"Inattention (Inattentive), Details Unknown","Inattention (Inattentive), Details Unknown",Not Reported
3921,Texas,26000001,2600,1,Pedestrian/ Animal,Not Distracted,Not Distracted,"Pedestrian, Pedalcyclist Or Other Non-Motorist"
3922,Texas,26010001,2601,1,Pedestrian/ Animal,Not Distracted,Not Distracted,Not Reported
3923,Texas,26020001,2602,1,Slower,Not Distracted,Not Distracted,Not Reported
3924,Texas,26020002,2602,2,"Slower, Going Straight",Not Distracted,Not Distracted,Not Reported
3925,Texas,26030001,2603,1,Pedestrian/ Animal,Not Distracted,Not Distracted,Not Reported
3926,Texas,26040001,2604,1,Struck On The Left,Not Distracted,Not Distracted,Not Reported
3927,Texas,26040002,2604,2,Striking From The Left,Not Distracted,Not Distracted,Not Reported
3928,Texas,26050001,2605,1,Control/Traction Loss,Not Distracted,Not Distracted,Not Reported
3929,Texas,26060001,2606,1,Pedestrian/ Animal,Not Distracted,Not Distracted,Not Reported
3930,Texas,26070001,2607,1,Control/Traction Loss,Not Distracted,Not Distracted,Not Reported
3931,Texas,26080001,2608,1,Initial Opposite Directions (Left/Right),Not Distracted,Not Distracted,Not Reported