,State Name,ID,CaseNo,VehicleNo,CrashType,First Distraction,Second Distraction,Driver Action
4210,Texas,27920001,2792,1,Specifics Other,Not Distracted,Not Distracted,Driver Did Not Maneuver To Avoid
4211,Texas,27920002,2792,2,Specifics Other,Not Distracted,Not Distracted,Not Reported
4212,Texas,27930001,2793,1,Parked Veh.,Not Distracted,Not Distracted,Not Reported
4213,Texas,27940001,2794,1,Pedestrian/ Animal,Not Distracted,Not Distracted,Not Reported
4214,Texas,27940002,2794,2,Other Crash Type,Not Distracted,Not Distracted,Not Reported
4215,Texas,27950001,2795,1,Striking From The Left,Unknown If Distracted,Unknown If Distracted,Unknown
4216,Texas,27950002,2795,2,Struck On The Left,Not Distracted,Not Distracted,Not Reported
4217,Texas,27960001,2796,1,Control/Traction Loss,Not Distracted,Not Distracted,Not Reported
4218,Texas,27970001,2797,1,Control/Traction Loss,Not Distracted,Not Distracted,Not Reported
4219,Texas,27980001,2798,1,Drive Off Road,Not Distracted,Not Distracted,Not Reported
4220,Texas,27990001,2799,1,End Departure,Not Distracted,Not Distracted,Not Reported
4221,Texas,28000001,2800,1,Other Crash Type,Not Distracted,Not Distracted,Not Reported
4222,Texas,28010001,2801,1,Lateral Move (Left/Right),Not Distracted,Not Distracted,Motor Vehicle
4223,Texas,28010002,2801,2,Lateral Move (Going Straight),Not Distracted,Not Distracted,Motor Vehicle
4224,Texas,28020001,2802,1,Drive Off Road,Not Distracted,Not Distracted,Not Reported
4225,Texas,28030001,2803,1,Control/Traction Loss,"Inattention (Inattentive), Details Unknown","Inattention (Inattentive), Details Unknown",Not Reported
4226,Texas,28040001,2804,1,Slower,Not Distracted,Not Distracted,Not Reported
4227,Texas,28040002,2804,2,"Slower, Going Straight",Not Distracted,Not Distracted,Not Reported
4228,Texas,28040003,2804,3,Other Crash Type,Not Distracted,Not Distracted,Not Reported
4229,Texas,28050001,2805,1,Drive Off Road,Not Distracted,Not Distracted,Not Reported
4230,Texas,28060001,2806,1,Drive Off Road,Not Distracted,Not Distracted,Not Reported
4231,Texas,28070001,2807,1,Drive Off Road,Not Distracted,Not Distracted,Not Reported
4232,Texas,28080001,2808,1,Striking From The Left,Not Distracted,Not Distracted,Not Reported
4233,Texas,28080002,2808,2,Struck On The Left,Not Distracted,Not Distracted,Not Reported
4234,Texas,28090001,2809,1,Striking From The Left,Not Distracted,Not Distracted,Not Reported
4235,Texas,28090002,2809,2,Struck On The Left,Not Distracted,Not Distracted,Not Reported
4236,Texas,28100001,2810,1,End Departure,Not Distracted,Not Distracted,Not Reported
4237,Texas,28110001,2811,1,Drive Off Road,Not Distracted,Not Distracted,Not Reported
4238,Texas,28120001,2812,1,Drive Off Road,While Manipulating Cellular Phone,While Manipulating Cellular Phone,Driver Did Not Maneuver To Avoid
4239,Texas,28130001,2813,1,Stopped,"Inattention (Inattentive), Details Unknown","Inattention (Inattentive), Details Unknown",Not Reported
4240,Texas,28130002,2813,2,"Stopped, Straight",Not Distracted,Not Distracted,Not Reported
4241,Texas,28150001,2815,1,Control/Traction Loss,Not Distracted,Not Distracted,Driver Did Not Maneuver To Avoid
4242,Texas,28160001,2816,1,"Stopped, Straight",Not Distracted,Not Distracted,Driver Did Not Maneuver To Avoid
4243,Texas,28160002,2816,2,Stopped,Not Distracted,Not Distracted,Driver Did Not Maneuver To Avoid
4244,Texas,28170001,2817,1,Lateral Move (Left/Right),Not Distracted,Not Distracted,Not Reported
4245,Texas,28170002,2817,2,Lateral Move (Going Straight),Not Distracted,Not Distracted,Not Reported
4246,Texas,28180001,2818,1,Lateral Move (Going Straight),Not Distracted,Not Distracted,Not Reported
4247,Texas,28180002,2818,2,Lateral Move (Left/Right),Not Distracted,Not Distracted,Motor Vehicle
4248,Texas,28190001,2819,1,Lateral Move (Left/Right),Not Distracted,Not Distracted,Not Reported
4249,Texas,28190002,2819,2,Lateral Move (Going Straight),Not Distracted,Not Distracted,Motor Vehicle
4250,Texas,28200001,2820,1,Pedestrian/ Animal,Not Distracted,Not Distracted,Driver Did Not Maneuver To Avoid
4251,Texas,28210001,2821,1,Specifics Other,Not Distracted,Not Distracted,Not Reported
4252,Texas,28210002,2821,2,Specifics Other,Not Distracted,Not Distracted,Not Reported
4253,Texas,28210003,2821,3,Other Crash Type,Not Distracted,Not Distracted,Not Reported
4254,Texas,28220001,2822,1,Drive Off Road,Not Distracted,Not Distracted,Not Reported
4255,Texas,28220002,2822,2,Other Crash Type,Not Distracted,Not Distracted,Not Reported
4256,Texas,28220003,2822,3,Other Crash Type,Not Distracted,Not Distracted,Not Reported
4257,Texas,28230001,2823,1,Control/Traction Loss,Not Distracted,Not Distracted,Not Reported
4258,Texas,28240001,2824,1,Lateral Move (Left/Right),Not Distracted,Not Distracted,Not Reported
4259,Texas,28240002,2824,2,Lateral Move (Going Straight),Not Distracted,Not Distracted,Not Reported
4260,Texas,28250001,2825,1,Straight Ahead On Left,Not Distracted,Not Distracted,Not Reported
4261,Texas,28250002,2825,2,Straight Ahead On Left/Right,Not Distracted,Not Distracted,Driver Did Not Maneuver To Avoid
4262,Texas,28250003,2825,3,Other Crash Type,Not Distracted,Not Distracted,Driver Did Not Maneuver To Avoid
4263,Texas,28250004,2825,4,Other Crash Type,Not Distracted,Not Distracted,Driver Did Not Maneuver To Avoid
4264,Texas,28260001,2826,1,Pedestrian/ Animal,Not Distracted,Not Distracted,Not Reported
4265,Texas,28260002,2826,2,Other Crash Type,Not Distracted,Not Distracted,Not Reported
4266,Texas,28270001,2827,1,Struck On The Left,Not Distracted,Not Distracted,Not Reported
4267,Texas,28270002,2827,2,Striking From The Left,Not Distracted,Not Distracted,Not Reported
4268,Texas,28270003,2827,3,Other Crash Type,Not Distracted,Not Distracted,Not Reported
4269,Texas,28280001,2828,1,Other Crash Type,Not Distracted,Not Distracted,Not Reported
4270,Texas,28290001,2829,1,Slower,While Using Or Reaching For Device/Object Brought Into Vehicle,While Using Or Reaching For Device/Object Brought Into Vehicle,Not Reported
4271,Texas,28290002,2829,2,"Slower, Going Straight",Not Distracted,Not Distracted,Not Reported
4272,Texas,28300001,2830,1,Drive Off Road,Not Distracted,Not Distracted,Not Reported
4273,Texas,28310001,2831,1,Pedestrian/ Animal,Not Distracted,Not Distracted,Not Reported
4274,Texas,28320001,2832,1,"Avoid Collision With Veh., Ped., Anim.",Not Distracted,Not Distracted,Phantom/Non-Contact Motor Vehicle
4275,Texas,28330001,2833,1,Drive Off Road,Not Distracted,Not Distracted,Not Reported
4276,Texas,28340001,2834,1,Specifics Unknown,Not Distracted,Not Distracted,Not Reported
4277,Texas,28340002,2834,2,Specifics Unknown,Not Distracted,Not Distracted,Not Reported
4278,Texas,28350001,2835,1,Specifics Other,Not Distracted,Not Distracted,Not Reported
4279,Texas,28350002,2835,2,Specifics Other,Not Distracted,Not Distracted,Not Reported
4280,Texas,28360001,2836,1,Drive Off Road,By A Moving Object In Vehicle,By A Moving Object In Vehicle,Not Reported
4281,Texas,28370001,2837,1,Other Crash Type,Not Distracted,Not Distracted,Not Reported
4282,Texas,28380001,2838,1,Lateral Move (Left/Right),Not Distracted,Not Distracted,Not Reported
4283,Texas,28380002,2838,2,Lateral Move (Going Straight),Not Distracted,Not Distracted,Motor Vehicle
4284,Texas,28390001,2839,1,Drive Off Road,Not Distracted,Not Distracted,Not Reported
4285,Texas,28400001,2840,1,Pedestrian/ Animal,Not Distracted,Not Distracted,Driver Did Not Maneuver To Avoid
4286,Texas,28400002,2840,2,Other Crash Type,Not Distracted,Not Distracted,Not Reported
4287,Texas,28410001,2841,1,Specifics Other,Not Distracted,Not Distracted,Not Reported
4288,Texas,28410002,2841,2,Specifics Other,Not Distracted,Not Distracted,Motor Vehicle
4289,Texas,28420001,2842,1,Control/Traction Loss,Other Cellular Phone Related,Other Cellular Phone Related,Not Reported
4290,Texas,28430001,2843,1,Control/Traction Loss,Not Distracted,Not Distracted,Not Reported
4291,Texas,28440001,2844,1,Pedestrian/ Animal,Not Distracted,Not Distracted,Driver Did Not Maneuver To Avoid
4292,Texas,28450001,2845,1,"Slower, Going Straight",Not Distracted,Not Distracted,Not Reported
4293,Texas,28450002,2845,2,Slower,Not Distracted,Not Distracted,Not Reported
4294,Texas,28460001,2846,1,Drive Off Road,Not Distracted,Not Distracted,Not Reported
4295,Texas,28470001,2847,1,Other Crash Type,Not Distracted,Not Distracted,Not Reported
4296,Texas,28470002,2847,2,Other Crash Type,Not Distracted,Not Distracted,Not Reported
4297,Texas,28480001,2848,1,Initial Opposite Directions (Left/Right),Not Distracted,Not Distracted,Not Reported
4298,Texas,28480002,2848,2,Initial Opposite Directions (Going Straight),Not Distracted,Not Distracted,Not Reported
4299,Texas,28490001,2849,1,Pedestrian/ Animal,Not Distracted,Not Distracted,Not Reported
4300,Texas,28500001,2850,1,Straight Ahead On Left/Right,Not Distracted,Not Distracted,Not Reported
4301,Texas,28500002,2850,2,Changing Lanes To The Left,Not Distracted,Not Distracted,Not Reported
4302,Texas,28510001,2851,1,Lateral Move (Left/Right),Not Distracted,Not Distracted,Not Reported
4303,Texas,28510002,2851,2,Lateral Move (Going Straight),Not Distracted,Not Distracted,Not Reported
4304,Texas,28520001,2852,1,Lateral Move (Left/Right),Not Distracted,Not Distracted,Not Reported
4305,Texas,28520002,2852,2,Lateral Move (Going Straight),Not Distracted,Not Distracted,Not Reported
4306,Texas,28530001,2853,1,Drive Off Road,"Inattention (Inattentive), Details Unknown","Inattention (Inattentive), Details Unknown",Not Reported
4307,Texas,28540001,2854,1,Drive Off Road,Not Distracted,Not Distracted,Not Reported
4308,Texas,28550001,2855,1,Drive Off Road,Not Distracted,Not Distracted,Driver Did Not Maneuver To Avoid
4309,Texas,28560001,2856,1,Pedestrian/ Animal,Not Distracted,Not Distracted,Driver Did Not Maneuver To Avoid
4310,Texas,28570001,2857,1,Specifics Other,Not Distracted,Not Distracted,Not Reported
4311,Texas,28570002,2857,2,Specifics Other,Not Distracted,Not Distracted,Not Reported
4312,Texas,28580001,2858,1,Pedestrian/ Animal,Not Distracted,Not Distracted,Driver Did Not Maneuver To Avoid
4313,Texas,28590001,2859,1,Lateral Move (Left/Right),Not Distracted,Not Distracted,Not Reported
4314,Texas,28590002,2859,2,Lateral Move (Going Straight),Not Distracted,Not Distracted,Not Reported
4315,Texas,28600001,2860,1,Pedestrian/ Animal,Not Distracted,Not Distracted,Not Reported
4316,Texas,28610001,2861,1,Lateral Move (Left/Right),Not Distracted,Not Distracted,Driver Did Not Maneuver To Avoid
4317,Texas,28610002,2861,2,Lateral Move (Going Straight),Not Distracted,Not Distracted,Not Reported
4318,Texas,28620001,2862,1,Pedestrian/ Animal,"Inattention (Inattentive), Details Unknown","Inattention (Inattentive), Details Unknown",Not Reported
4319,Texas,28630001,2863,1,Specifics Other,Not Distracted,Not Distracted,Not Reported
4320,Texas,28630002,2863,2,Specifics Other,Not Distracted,Not Distracted,Not Reported
4321,Texas,28640001,2864,1,Drive Off Road,"Distracted By Outside Person, Object Or Event","Distracted By Outside Person, Object Or Event",Not Reported
4322,Texas,28650001,2865,1,Pedestrian/ Animal,Not Distracted,Not Distracted,Not Reported
4323,Texas,28660001,2866,1,Pedestrian/ Animal,Not Distracted,Not Distracted,Not Reported
4324,Texas,28670001,2867,1,Specifics Other,Not Distracted,Not Distracted,Not Reported
4325,Texas,28670002,2867,2,Specifics Other,Not Distracted,Not Distracted,Not Reported
4326,Texas,28680001,2868,1,Drive Off Road,Not Distracted,Not Distracted,Not Reported
4327,Texas,28680002,2868,2,Other Crash Type,Not Distracted,Not Distracted,Driver Did Not Maneuver To Avoid
4328,Texas,28690001,2869,1,Specifics Other,Not Distracted,Not Distracted,Not Reported
4329,Texas,28690002,2869,2,Specifics Other,Not Distracted,Not Distracted,Not Reported
4330,Texas,28690003,2869,3,Other Crash Type,Not Distracted,Not Distracted,Not Reported
4331,Texas,28700001,2870,1,Drive Off Road,Not Distracted,Not Distracted,Not Reported
4332,Texas,28710001,2871,1,Initial Opposite Directions (Going Straight),"Inattention (Inattentive), Details Unknown","Inattention (Inattentive), Details Unknown",Not Reported
4333,Texas,28710002,2871,2,Initial Opposite Directions (Left/Right),Not Distracted,Not Distracted,Not Reported
4334,Texas,28720001,2872,1,Pedestrian/ Animal,Unknown If Distracted,Unknown If Distracted,Unknown
4335,Texas,28730001,2873,1,Pedestrian/ Animal,Not Distracted,Not Distracted,Unknown
4336,Texas,28730002,2873,2,Other Crash Type,Not Distracted,Not Distracted,Not Reported
4337,Texas,28740001,2874,1,"Stopped, Straight",Not Distracted,Not Distracted,Driver Did Not Maneuver To Avoid
4338,Texas,28740002,2874,2,Stopped,"Inattention (Inattentive), Details Unknown","Inattention (Inattentive), Details Unknown",Driver Did Not Maneuver To Avoid
4339,Texas,28740003,2874,3,Other Crash Type,Not Distracted,Not Distracted,Motor Vehicle
4340,Texas,28740004,2874,4,Other Crash Type,Not Distracted,Not Distracted,Not Reported
4341,Texas,28750001,2875,1,Specifics Other,Not Distracted,Not Distracted,Not Reported
4342,Texas,28750002,2875,2,Specifics Other,Not Distracted,Not Distracted,Driver Did Not Maneuver To Avoid
4343,Texas,28760001,2876,1,Lateral Move (Left/Right),Not Distracted,Not Distracted,Not Reported
4344,Texas,28760002,2876,2,Lateral Move (Going Straight),Not Distracted,Not Distracted,Not Reported
4345,Texas,28770001,2877,1,Straight Ahead On Left/Right,Not Distracted,Not Distracted,Not Reported
4346,Texas,28770002,2877,2,Changing Lanes To The Left,Not Distracted,Not Distracted,Not Reported
4347,Texas,28780001,2878,1,Control/Traction Loss,Not Distracted,Not Distracted,Not Reported
4348,Texas,28790001,2879,1,No Impact,Not Distracted,Not Distracted,Live Animal
4349,Texas,28800001,2880,1,"Slower, Going Straight",Not Distracted,Not Distracted,Not Reported
4350,Texas,28800002,2880,2,Slower,Not Distracted,Not Distracted,Driver Did Not Maneuver To Avoid
4351,Texas,28810001,2881,1,Specifics Other,Not Distracted,Not Distracted,Not Reported
4352,Texas,28810002,2881,2,Specifics Other,Not Distracted,Not Distracted,Not Reported
4353,Texas,28810003,2881,3,Other Crash Type,Not Distracted,Not Distracted,Not Reported
4354,Texas,28820001,2882,1,Other Crash Type,Not Distracted,Not Distracted,Not Reported
4355,Texas,28820002,2882,2,Other Crash Type,Not Distracted,Not Distracted,Motor Vehicle
4356,Texas,28830001,2883,1,Striking From The Left,Not Distracted,Not Distracted,Phantom/Non-Contact Motor Vehicle
4357,Texas,28830002,2883,2,Struck On The Left,"Inattention (Inattentive), Details Unknown","Inattention (Inattentive), Details Unknown",Not Reported
4358,Texas,28840001,2884,1,Pedestrian/ Animal,Not Distracted,Not Distracted,Not Reported
4359,Texas,28850001,2885,1,Other Crash Type,Not Distracted,Not Distracted,Not Reported
4360,Texas,28850002,2885,2,Drive Off Road,Not Distracted,Not Distracted,Not Reported
4361,Texas,28860001,2886,1,Pedestrian/ Animal,Not Distracted,Not Distracted,Not Reported
4362,Texas,28870001,2887,1,Drive Off Road,Not Distracted,Not Distracted,Not Reported
4363,Texas,28880001,2888,1,Lateral Move (Left/Right),Not Distracted,Not Distracted,Not Reported
4364,Texas,28880002,2888,2,Lateral Move (Going Straight),Not Distracted,Not Distracted,Not Reported
4365,Texas,28890001,2889,1,Drive Off Road,Not Distracted,Not Distracted,Not Reported
4366,Texas,28900001,2890,1,Pedestrian/ Animal,Not Distracted,Not Distracted,Not Reported
4367,Texas,28910001,2891,1,Struck On The Left,Not Distracted,Not Distracted,Driver Did Not Maneuver To Avoid
4368,Texas,28910002,2891,2,Striking From The Left,Not Distracted,Not Distracted,Not Reported
4369,Texas,28920001,2892,1,Drive Off Road,Not Distracted,Not Distracted,Not Reported
4370,Texas,28930001,2893,1,Decelerating (Slowing),Not Distracted,Not Distracted,Not Reported
4371,Texas,28930002,2893,2,"Decelerating (Slowing), Going Straight",Not Distracted,Not Distracted,Not Reported
4372,Texas,28940001,2894,1,Parked Veh.,Not Distracted,Not Distracted,Not Reported
4373,Texas,28950001,2895,1,Other Crash Type,Not Distracted,Not Distracted,Not Reported
4374,Texas,28960001,2896,1,"Avoid Collision With Veh., Ped., Anim.",Other Cellular Phone Related,Other Cellular Phone Related,Phantom/Non-Contact Motor Vehicle
4375,Texas,28970001,2897,1,Drive Off Road,Not Distracted,Not Distracted,Not Reported
4376,Texas,28980001,2898,1,Specifics Other,Not Distracted,Not Distracted,Not Reported
4377,Texas,28980002,2898,2,Specifics Other,Not Distracted,Not Distracted,Not Reported
4378,Texas,28990001,2899,1,Struck On The Left,Not Distracted,Not Distracted,Not Reported
4379,Texas,28990002,2899,2,Striking From The Left,Not Distracted,Not Distracted,Not Reported
4380,Texas,29000001,2900,1,Striking From The Right,Not Distracted,Not Distracted,Not Reported
4381,Texas,29000002,2900,2,Struck On The Right,Not Distracted,Not Distracted,Not Reported
4382,Texas,29010001,2901,1,Struck On The Right,Not Distracted,Not Distracted,Driver Did Not Maneuver To Avoid
4383,Texas,29010002,2901,2,Striking From The Right,Not Distracted,Not Distracted,Not Reported
4384,Texas,29010003,2901,3,Other Crash Type,Not Distracted,Not Distracted,Not Reported
4385,Texas,29020001,2902,1,Pedestrian/ Animal,Not Distracted,Not Distracted,Not Reported
4386,Texas,29030001,2903,1,Specifics Other,Not Distracted,Not Distracted,Motor Vehicle
4387,Texas,29030002,2903,2,Specifics Other,Not Distracted,Not Distracted,Not Reported
4388,Texas,29030003,2903,3,Other Crash Type,Not Distracted,Not Distracted,Not Reported
4389,Texas,29040001,2904,1,Striking From The Right,Not Distracted,Not Distracted,Driver Did Not Maneuver To Avoid
4390,Texas,29040002,2904,2,Struck On The Right,Not Distracted,Not Distracted,Not Reported
4391,Texas,29050001,2905,1,Pedestrian/ Animal,"Inattention (Inattentive), Details Unknown","Inattention (Inattentive), Details Unknown",Driver Did Not Maneuver To Avoid
4392,Texas,29060001,2906,1,Specifics Other,Not Distracted,Not Distracted,Not Reported
4393,Texas,29060002,2906,2,Specifics Other,Not Distracted,Not Distracted,Motor Vehicle
4394,Texas,29060003,2906,3,Other Crash Type,Not Distracted,Not Distracted,Not Reported
4395,Texas,29070001,2907,1,Control/Traction Loss,Not Distracted,Not Distracted,Not Reported
4396,Texas,29080001,2908,1,Drive Off Road,Not Distracted,Not Distracted,Not Reported
4397,Texas,29090001,2909,1,Specifics Other,"Inattention (Inattentive), Details Unknown","Inattention (Inattentive), Details Unknown",Driver Did Not Maneuver To Avoid
4398,Texas,29090002,2909,2,Specifics Other,Not Distracted,Not Distracted,Not Reported
4399,Texas,29100001,2910,1,Other Crash Type,Not Distracted,Not Distracted,Driver Did Not Maneuver To Avoid
4400,Texas,29100002,2910,2,Other Crash Type,Not Distracted,Not Distracted,Not Reported
4401,Texas,29110001,2911,1,Drive Off Road,Not Distracted,Not Distracted,Not Reported
4402,Texas,29120001,2912,1,Pedestrian/ Animal,Not Distracted,Not Distracted,Not Reported
4403,Texas,29130001,2913,1,Other Crash Type,Not Distracted,Not Distracted,Not Reported
4404,Texas,29130002,2913,2,Slower,"Inattention (Inattentive), Details Unknown","Inattention (Inattentive), Details Unknown",Not Reported
4405,Texas,29130003,2913,3,"Slower, Going Straight",Not Distracted,Not Distracted,Not Reported
4406,Texas,29130004,2913,4,Other Crash Type,Not Distracted,Not Distracted,Not Reported
4407,Texas,29130005,2913,5,Other Crash Type,Not Distracted,Not Distracted,Not Reported
4408,Texas,29130006,2913,6,Other Crash Type,Not Distracted,Not Distracted,Not Reported
4409,Texas,29130007,2913,7,Other Crash Type,Not Distracted,Not Distracted,Not Reported
4410,Texas,29140001,2914,1,Sta. Object,Not Distracted,Not Distracted,Phantom/Non-Contact Motor Vehicle
4411,Texas,29140002,2914,2,Other Crash Type,Not Distracted,Not Distracted,Not Reported
4412,Texas,29150001,2915,1,Drive Off Road,Not Distracted,Not Distracted,Not Reported
4413,Texas,29160001,2916,1,Lateral Move (Left/Right),While Talking Or Listening To Cellular Phone,While Manipulating Cellular Phone,Unknown
4414,Texas,29160002,2916,2,Lateral Move (Going Straight),Not Distracted,Not Distracted,Not Reported
4415,Texas,29170001,2917,1,Pedestrian/ Animal,Not Distracted,Not Distracted,Driver Did Not Maneuver To Avoid
4416,Texas,29180001,2918,1,Initial Opposite Directions (Going Straight),"Inattention (Inattentive), Details Unknown","Inattention (Inattentive), Details Unknown",Driver Did Not Maneuver To Avoid
4417,Texas,29180002,2918,2,Initial Opposite Directions (Left/Right),Not Distracted,Not Distracted,Driver Did Not Maneuver To Avoid
4418,Texas,29190001,2919,1,Control/Traction Loss,Not Distracted,Not Distracted,Not Reported
4419,Texas,29200001,2920,1,Specifics Other,Not Distracted,Not Distracted,Not Reported
4420,Texas,29200002,2920,2,Specifics Other,Not Distracted,Not Distracted,Motor Vehicle
4421,Texas,29200003,2920,3,Other Crash Type,Not Distracted,Not Distracted,Not Reported
4422,Texas,29210001,2921,1,Control/Traction Loss,Not Distracted,Not Distracted,Not Reported
4423,Texas,29220001,2922,1,Lateral Move (Left/Right),Not Distracted,Not Distracted,Not Reported
4424,Texas,29220002,2922,2,Lateral Move (Going Straight),Not Distracted,Not Distracted,Not Reported
4425,Texas,29230001,2923,1,Pedestrian/ Animal,Not Distracted,Not Distracted,"Pedestrian, Pedalcyclist Or Other Non-Motorist"
4426,Texas,29240001,2924,1,Specifics Other,While Manipulating Cellular Phone,While Manipulating Cellular Phone,Not Reported
4427,Texas,29240002,2924,2,Specifics Other,Not Distracted,Not Distracted,Driver Did Not Maneuver To Avoid
4428,Texas,29250001,2925,1,Turn Into Opposite Directions (Turning Left),Not Distracted,Not Distracted,Not Reported
4429,Texas,29250002,2925,2,Turn Into Opposite Directions (Going Straight),Not Distracted,Not Distracted,Motor Vehicle
4430,Texas,29260001,2926,1,Other Crash Type,Not Distracted,Not Distracted,Phantom/Non-Contact Motor Vehicle
4431,Texas,29270001,2927,1,End Departure,Not Distracted,Not Distracted,Not Reported
4432,Texas,29280001,2928,1,Specifics Other,Not Distracted,Not Distracted,Driver Did Not Maneuver To Avoid
4433,Texas,29280002,2928,2,Specifics Other,Not Distracted,Not Distracted,Motor Vehicle
4434,Texas,29290001,2929,1,"Avoid Collision With Veh., Ped., Anim.",Not Distracted,Not Distracted,Phantom/Non-Contact Motor Vehicle
4435,Texas,29300001,2930,1,"Slower, Going Straight",Not Distracted,Not Distracted,Not Reported
4436,Texas,29300002,2930,2,Slower,Not Distracted,Not Distracted,Not Reported
4437,Texas,29310001,2931,1,Pedestrian/ Animal,Not Distracted,Not Distracted,Not Reported
4438,Texas,29320001,2932,1,Control/Traction Loss,Not Distracted,Not Distracted,Not Reported
4439,Texas,29330001,2933,1,Struck On The Right,Not Distracted,Not Distracted,Not Reported
4440,Texas,29330002,2933,2,Striking From The Right,Not Distracted,Not Distracted,Not Reported
4441,Texas,29340001,2934,1,Drive Off Road,Not Distracted,Not Distracted,Not Reported
4442,Texas,29350001,2935,1,Drive Off Road,Not Distracted,Not Distracted,Not Reported
4443,Texas,29360001,2936,1,Pedestrian/ Animal,Not Distracted,Not Distracted,Not Reported
4444,Texas,29370001,2937,1,Specifics Unknown,Not Distracted,Not Distracted,Not Reported
4445,Texas,29370002,2937,2,Specifics Unknown,Not Distracted,Not Distracted,Not Reported
4446,Texas,29370003,2937,3,Other Crash Type,Not Distracted,Not Distracted,Not Reported
4447,Texas,29380001,2938,1,Pedestrian/ Animal,Not Distracted,Not Distracted,Not Reported
4448,Texas,29390001,2939,1,Stopped,Not Distracted,Not Distracted,Not Reported
4449,Texas,29390002,2939,2,"Stopped, Straight",Not Distracted,Not Distracted,Driver Did Not Maneuver To Avoid
4450,Texas,29400001,2940,1,Specifics Other,"Inattention (Inattentive), Details Unknown","Inattention (Inattentive), Details Unknown",Not Reported
4451,Texas,29400002,2940,2,Specifics Other,Not Distracted,Not Distracted,Not Reported
4452,Texas,29400003,2940,3,Other Crash Type,Not Distracted,Not Distracted,Not Reported
4453,Texas,29410001,2941,1,Specifics Other,Not Distracted,Not Distracted,Not Reported
4454,Texas,29410002,2941,2,Specifics Other,Not Distracted,Not Distracted,Motor Vehicle
4455,Texas,29420001,2942,1,Parked Veh.,Not Distracted,Not Distracted,Not Reported
4456,Texas,29430001,2943,1,Pedestrian/ Animal,Not Distracted,Not Distracted,Not Reported
4457,Texas,29440001,2944,1,Specifics Other,"Inattention (Inattentive), Details Unknown","Inattention (Inattentive), Details Unknown",Not Reported
4458,Texas,29440002,2944,2,Specifics Other,Not Distracted,Not Distracted,Not Reported
4459,Texas,29450001,2945,1,Lateral Move (Left/Right),Not Distracted,Not Distracted,Not Reported
4460,Texas,29450002,2945,2,Lateral Move (Going Straight),Not Distracted,Not Distracted,Motor Vehicle
4461,Texas,29460001,2946,1,Drive Off Road,"Inattention (Inattentive), Details Unknown","Inattention (Inattentive), Details Unknown",Not Reported
4462,Texas,29470001,2947,1,Other Crash Type,Not Distracted,Not Distracted,Phantom/Non-Contact Motor Vehicle
4463,Texas,29490001,2949,1,Specifics Other,Not Distracted,Not Distracted,Not Reported
4464,Texas,29490002,2949,2,Specifics Other,Not Distracted,Not Distracted,Not Reported
4465,Texas,29500001,2950,1,Struck On The Right,Not Distracted,Not Distracted,Not Reported
4466,Texas,29500002,2950,2,Striking From The Right,Not Distracted,Not Distracted,Not Reported
4467,Texas,29510001,2951,1,Pedestrian/ Animal,"Inattention (Inattentive), Details Unknown","Inattention (Inattentive), Details Unknown",Not Reported
4468,Texas,29520001,2952,1,Pedestrian/ Animal,Looked But Did Not See,Looked But Did Not See,"Pedestrian, Pedalcyclist Or Other Non-Motorist"
4469,Texas,29530001,2953,1,Other Crash Type,Not Distracted,Not Distracted,Not Reported
4470,Texas,29530002,2953,2,Drive Off Road,Not Distracted,Not Distracted,Not Reported
4471,Texas,29540001,2954,1,Drive Off Road,Not Distracted,Not Distracted,Not Reported
4472,Texas,29550001,2955,1,Specifics Other,Not Distracted,Not Distracted,Motor Vehicle
4473,Texas,29550002,2955,2,Specifics Other,Not Distracted,Not Distracted,Motor Vehicle
4474,Texas,29560001,2956,1,Lateral Move (Left/Right),"Distraction (Distracted), Details Unknown","Distraction (Distracted), Details Unknown",Not Reported
4475,Texas,29560002,2956,2,Lateral Move (Going Straight),Not Distracted,Not Distracted,Not Reported
4476,Texas,29570001,2957,1,Control/Traction Loss,Eating Or Drinking,Eating Or Drinking,Not Reported
4477,Texas,29580001,2958,1,Slower,Not Distracted,Not Distracted,Not Reported
4478,Texas,29580002,2958,2,"Slower, Going Straight",Not Distracted,Not Distracted,Not Reported
4479,Texas,29590001,2959,1,Control/Traction Loss,Not Distracted,Not Distracted,Not Reported
4480,Texas,29600001,2960,1,Other Crash Type,Not Distracted,Not Distracted,Not Reported
4481,Texas,29600002,2960,2,Other Crash Type,Not Distracted,Not Distracted,Not Reported
4482,Texas,29610001,2961,1,Striking From The Left,"Inattention (Inattentive), Details Unknown","Inattention (Inattentive), Details Unknown",Not Reported
4483,Texas,29610002,2961,2,Struck On The Left,Not Distracted,Not Distracted,Not Reported
4484,Texas,29630001,2963,1,Pedestrian/ Animal,Not Distracted,Not Distracted,Driver Did Not Maneuver To Avoid
4485,Texas,29640001,2964,1,Drive Off Road,Not Distracted,Not Distracted,Driver Did Not Maneuver To Avoid
4486,Texas,29650001,2965,1,Control/Traction Loss,Not Distracted,Not Distracted,Not Reported
4487,Texas,29660001,2966,1,Drive Off Road,Unknown If Distracted,Unknown If Distracted,Unknown