,State Name,ID,CaseNo,VehicleNo,CrashType,First Distraction,Second Distraction,Driver Action
4488,Texas,29670001,2967,1,Drive Off Road,Not Distracted,Not Distracted,Not Reported
4489,Texas,29670002,2967,2,Other Crash Type,Not Distracted,Not Distracted,Motor Vehicle
4490,Texas,29670003,2967,3,Other Crash Type,Not Distracted,Not Distracted,Motor Vehicle
4491,Texas,29680001,2968,1,Drive Off Road,Not Distracted,Not Distracted,Not Reported
4492,Texas,29690001,2969,1,Drive Off Road,Not Distracted,Not Distracted,Not Reported
4493,Texas,29700001,2970,1,Specifics Other,Not Distracted,Not Distracted,Not Reported
4494,Texas,29700002,2970,2,Specifics Other,Not Distracted,Not Distracted,Driver Did Not Maneuver To Avoid
4495,Texas,29710001,2971,1,Pedestrian/ Animal,Not Distracted,Not Distracted,Not Reported
4496,Texas,29720001,2972,1,Pedestrian/ Animal,Not Distracted,Not Distracted,Not Reported
4497,Texas,29730001,2973,1,Specifics Other,Not Distracted,Not Distracted,Not Reported
4498,Texas,29730002,2973,2,Specifics Other,Not Distracted,Not Distracted,Not Reported
4499,Texas,29740001,2974,1,Drive Off Road,Not Distracted,Not Distracted,Not Reported
4500,Texas,29750001,2975,1,Drive Off Road,"Inattention (Inattentive), Details Unknown","Inattention (Inattentive), Details Unknown",Not Reported
4501,Texas,29760001,2976,1,Decelerating (Slowing),"Inattention (Inattentive), Details Unknown","Inattention (Inattentive), Details Unknown",Not Reported
4502,Texas,29760002,2976,2,"Decelerating (Slowing), Going Straight",Not Distracted,Not Distracted,Not Reported
4503,Texas,29760003,2976,3,Other Crash Type,Not Distracted,Not Distracted,Not Reported
4504,Texas,29760004,2976,4,Other Crash Type,Not Distracted,Not Distracted,Not Reported
4505,Texas,29760005,2976,5,Other Crash Type,Not Distracted,Not Distracted,Not Reported
4506,Texas,29770001,2977,1,No Impact,Not Distracted,Not Distracted,Not Reported
4507,Texas,29780001,2978,1,Turn Into Opposite Directions (Turning Left),Not Distracted,Not Distracted,Not Reported
4508,Texas,29780002,2978,2,Turn Into Opposite Directions (Going Straight),Not Distracted,Not Distracted,Not Reported
4509,Texas,29790001,2979,1,Pedestrian/ Animal,Not Distracted,Not Distracted,Not Reported
4510,Texas,29800001,2980,1,Initial Opposite Directions (Going Straight),Not Distracted,Not Distracted,Not Reported
4511,Texas,29800002,2980,2,Other Crash Type,Not Distracted,Not Distracted,Not Reported
4512,Texas,29800003,2980,3,Initial Opposite Directions (Left/Right),Not Distracted,Not Distracted,Not Reported
4513,Texas,29800004,2980,4,Other Crash Type,Not Distracted,Not Distracted,Not Reported
4514,Texas,29810001,2981,1,Pedestrian/ Animal,Not Distracted,Not Distracted,Not Reported
4515,Texas,29820001,2982,1,Pedestrian/ Animal,Not Distracted,Not Distracted,Not Reported
4516,Texas,29820002,2982,2,Other Crash Type,Not Distracted,Not Distracted,Not Reported
4517,Texas,29830001,2983,1,Pedestrian/ Animal,Not Distracted,Not Distracted,Not Reported
4518,Texas,29840001,2984,1,Drive Off Road,Not Distracted,Not Distracted,Not Reported
4519,Texas,29840002,2984,2,Other Crash Type,Not Distracted,Not Distracted,Driver Did Not Maneuver To Avoid
4520,Texas,29850001,2985,1,Drive Off Road,Not Distracted,Not Distracted,Not Reported
4521,Texas,29860001,2986,1,Pedestrian/ Animal,"Inattention (Inattentive), Details Unknown","Inattention (Inattentive), Details Unknown","Pedestrian, Pedalcyclist Or Other Non-Motorist"
4522,Texas,29870001,2987,1,Initial Opposite Directions (Left/Right),Not Distracted,Not Distracted,Not Reported
4523,Texas,29870002,2987,2,Initial Opposite Directions (Going Straight),Not Distracted,Not Distracted,Not Reported
4524,Texas,29890001,2989,1,Control/Traction Loss,Not Distracted,Not Distracted,Not Reported
4525,Texas,29900001,2990,1,Turn Into Opposite Directions (Turning Right),Not Distracted,Not Distracted,Not Reported
4526,Texas,29900002,2990,2,Turn Into Opposite Directions (Going Straight),Not Distracted,Not Distracted,Driver Did Not Maneuver To Avoid
4527,Texas,29910001,2991,1,Pedestrian/ Animal,Not Distracted,Not Distracted,Not Reported
4528,Texas,29920001,2992,1,Drive Off Road,Not Distracted,Not Distracted,Not Reported
4529,Texas,29930001,2993,1,Other Crash Type,Not Distracted,Not Distracted,Not Reported
4530,Texas,29940001,2994,1,Drive Off Road,Not Distracted,Not Distracted,Not Reported
4531,Texas,29950001,2995,1,Lateral Move (Left/Right),Not Distracted,Not Distracted,Not Reported
4532,Texas,29950002,2995,2,Lateral Move (Going Straight),Not Distracted,Not Distracted,Not Reported
4533,Texas,29960001,2996,1,Other Crash Type,Not Distracted,Not Distracted,Not Reported
4534,Texas,29960002,2996,2,Other Crash Type,Not Distracted,Not Distracted,Driver Did Not Maneuver To Avoid
4535,Texas,29970001,2997,1,Lateral Move (Left/Right),Not Distracted,Not Distracted,Not Reported
4536,Texas,29970002,2997,2,Lateral Move (Going Straight),Not Distracted,Not Distracted,Not Reported
4537,Texas,29980001,2998,1,Drive Off Road,Not Distracted,Not Distracted,Not Reported
4538,Texas,29980002,2998,2,Other Crash Type,Not Distracted,Not Distracted,Not Reported
4539,Texas,29990001,2999,1,Slower,"Inattention (Inattentive), Details Unknown","Inattention (Inattentive), Details Unknown",Not Reported
4540,Texas,29990002,2999,2,"Slower, Going Straight",Not Distracted,Not Distracted,Not Reported
4541,Texas,30000001,3000,1,Drive Off Road,Not Distracted,Not Distracted,Not Reported
4542,Texas,30010001,3001,1,Initial Opposite Directions (Left/Right),Not Distracted,Not Distracted,Not Reported
4543,Texas,30010002,3001,2,Initial Opposite Directions (Going Straight),Not Distracted,Not Distracted,Not Reported
4544,Texas,30010003,3001,3,Other Crash Type,Not Distracted,Not Distracted,Driver Did Not Maneuver To Avoid
4545,Texas,30020001,3002,1,Control/Traction Loss,Not Distracted,Not Distracted,Not Reported
4546,Texas,30030001,3003,1,Pedestrian/ Animal,Not Distracted,Not Distracted,Driver Did Not Maneuver To Avoid
4547,Texas,30040001,3004,1,Pedestrian/ Animal,Not Distracted,Not Distracted,Not Reported
4548,Texas,30050001,3005,1,Sta. Object,"Inattention (Inattentive), Details Unknown","Inattention (Inattentive), Details Unknown",Not Reported
4549,Texas,30060001,3006,1,Pedestrian/ Animal,Not Distracted,Not Distracted,Not Reported
4550,Texas,30070001,3007,1,Specifics Other,Not Distracted,Not Distracted,Not Reported
4551,Texas,30070002,3007,2,Specifics Other,Not Distracted,Not Distracted,Motor Vehicle
4552,Texas,30080001,3008,1,Drive Off Road,Not Distracted,Not Distracted,Not Reported
4553,Texas,30090001,3009,1,Drive Off Road,Not Distracted,Not Distracted,Not Reported
4554,Texas,30100001,3010,1,Pedestrian/ Animal,Not Distracted,Not Distracted,Not Reported
4555,Texas,30110001,3011,1,Specifics Other,Not Distracted,Not Distracted,Not Reported
4556,Texas,30110002,3011,2,Specifics Other,Not Distracted,Not Distracted,Not Reported
4557,Texas,30110003,3011,3,Other Crash Type,Not Distracted,Not Distracted,Not Reported
4558,Texas,30110004,3011,4,Other Crash Type,Not Distracted,Not Distracted,Not Reported
4559,Texas,30110005,3011,5,Other Crash Type,Not Distracted,Not Distracted,Not Reported
4560,Texas,30110006,3011,6,Other Crash Type,Not Distracted,Not Distracted,Not Reported
4561,Texas,30120001,3012,1,Specifics Other,Not Distracted,Not Distracted,Phantom/Non-Contact Motor Vehicle
4562,Texas,30120002,3012,2,Specifics Other,Not Distracted,Not Distracted,Not Reported
4563,Texas,30130001,3013,1,Stopped,"Distraction (Distracted), Details Unknown","Distraction (Distracted), Details Unknown",Not Reported
4564,Texas,30130002,3013,2,"Stopped, Left",Not Distracted,Not Distracted,Driver Did Not Maneuver To Avoid
4565,Texas,30130003,3013,3,Other Crash Type,Not Distracted,Not Distracted,Not Reported
4566,Texas,30140001,3014,1,Drive Off Road,Not Distracted,Not Distracted,Not Reported
4567,Texas,30150001,3015,1,Drive Off Road,Not Distracted,Not Distracted,Not Reported
4568,Texas,30160001,3016,1,Pedestrian/ Animal,"Inattention (Inattentive), Details Unknown","Inattention (Inattentive), Details Unknown",Not Reported
4569,Texas,30170001,3017,1,Lateral Move (Left/Right),Not Distracted,Not Distracted,Not Reported
4570,Texas,30170002,3017,2,Lateral Move (Going Straight),Not Distracted,Not Distracted,Not Reported
4571,Texas,30180001,3018,1,Straight Ahead On Left/Right,Not Distracted,Not Distracted,Not Reported
4572,Texas,30180002,3018,2,Straight Ahead On Left,Not Reported,Not Reported,Unknown
4573,Texas,30190001,3019,1,Drive Off Road,Not Distracted,Not Distracted,Not Reported
4574,Texas,30200001,3020,1,Drive Off Road,Not Distracted,Not Distracted,Not Reported
4575,Texas,30220001,3022,1,Other Crash Type,Not Distracted,Not Distracted,Not Reported
4576,Texas,30220002,3022,2,Other Crash Type,Not Distracted,Not Distracted,Motor Vehicle
4577,Texas,30230001,3023,1,Pedestrian/ Animal,Not Distracted,Not Distracted,Not Reported
4578,Texas,30240001,3024,1,Drive Off Road,Not Distracted,Not Distracted,Not Reported
4579,Texas,30250001,3025,1,Other Crash Type,Distraction/Inattention,Distraction/Inattention,Not Reported
4580,Texas,30250002,3025,2,Other Crash Type,No Driver Present/Unknown If Driver Present,No Driver Present/Unknown If Driver Present,No Driver Present/Unknown If Driver Present
4581,Texas,30250003,3025,3,Other Crash Type,Not Distracted,Not Distracted,Not Reported
4582,Texas,30260001,3026,1,Striking From The Right,Not Distracted,Not Distracted,Not Reported
4583,Texas,30260002,3026,2,Struck On The Right,Not Distracted,Not Distracted,Not Reported
4584,Texas,30270001,3027,1,Drive Off Road,Not Distracted,Not Distracted,Phantom/Non-Contact Motor Vehicle
4585,Texas,30280001,3028,1,Specifics Other,Not Distracted,Not Distracted,Not Reported
4586,Texas,30280002,3028,2,Specifics Other,Not Distracted,Not Distracted,Not Reported
4587,Texas,30280003,3028,3,Other Crash Type,Not Distracted,Not Distracted,Not Reported
4588,Texas,30280004,3028,4,Other Crash Type,Not Distracted,Not Distracted,Not Reported
4589,Texas,30290001,3029,1,Control/Traction Loss,Not Distracted,Not Distracted,Not Reported
4590,Texas,30300001,3030,1,Control/Traction Loss,Not Distracted,Not Distracted,Not Reported
4591,Texas,30310001,3031,1,Turn Into Opposite Directions (Going Straight),Not Distracted,Not Distracted,Not Reported
4592,Texas,30310002,3031,2,Turn Into Opposite Directions (Turning Left),Not Distracted,Not Distracted,Not Reported
4593,Texas,30320001,3032,1,Other Crash Type,Not Distracted,Not Distracted,Not Reported
4594,Texas,30330001,3033,1,Drive Off Road,By Other Occupant(s),By Other Occupant(s),Not Reported
4595,Texas,30340001,3034,1,Initial Opposite Directions (Going Straight),Not Distracted,Not Distracted,Not Reported
4596,Texas,30340002,3034,2,Initial Opposite Directions (Left/Right),Not Distracted,Not Distracted,Not Reported
4597,Texas,30360001,3036,1,Drive Off Road,Not Distracted,Not Distracted,Not Reported
4598,Texas,30370001,3037,1,Drive Off Road,Not Distracted,Not Distracted,Phantom/Non-Contact Motor Vehicle
4599,Texas,30380001,3038,1,No Impact,Not Distracted,Not Distracted,Not Reported
4600,Texas,30390001,3039,1,Struck On The Left,Not Distracted,Not Distracted,Not Reported
4601,Texas,30390002,3039,2,Striking From The Left,Not Distracted,Not Distracted,Not Reported
4602,Texas,30400001,3040,1,Decelerating (Slowing),Not Distracted,Not Distracted,Not Reported
4603,Texas,30400002,3040,2,"Decelerating (Slowing), Going Straight",Not Distracted,Not Distracted,Driver Did Not Maneuver To Avoid
4604,Texas,30410001,3041,1,Other Crash Type,Not Distracted,Not Distracted,Not Reported
4605,Texas,30410002,3041,2,Other Crash Type,No Driver Present/Unknown If Driver Present,No Driver Present/Unknown If Driver Present,No Driver Present/Unknown If Driver Present
4606,Texas,30420001,3042,1,Initial Opposite Directions (Left/Right),Not Distracted,Not Distracted,Not Reported
4607,Texas,30420002,3042,2,Initial Opposite Directions (Going Straight),Not Distracted,Not Distracted,Not Reported
4608,Texas,30430001,3043,1,Parked Veh.,Unknown If Distracted,Unknown If Distracted,Unknown
4609,Texas,30440001,3044,1,Other Crash Type,Not Distracted,Not Distracted,Not Reported
4610,Texas,30450001,3045,1,End Departure,Not Distracted,Not Distracted,Not Reported
4611,Texas,30460001,3046,1,End Departure,Not Distracted,Not Distracted,Not Reported
4612,Texas,30470001,3047,1,Control/Traction Loss,Not Distracted,Not Distracted,Not Reported
4613,Texas,30480001,3048,1,Pedestrian/ Animal,Not Distracted,Not Distracted,Not Reported
4614,Texas,30490001,3049,1,Specifics Other,"Inattention (Inattentive), Details Unknown","Inattention (Inattentive), Details Unknown",Not Reported
4615,Texas,30490002,3049,2,Specifics Other,Not Distracted,Not Distracted,Not Reported
4616,Texas,30500001,3050,1,Specifics Other,Not Distracted,Not Distracted,Live Animal
4617,Texas,30500002,3050,2,Specifics Other,Not Distracted,Not Distracted,Motor Vehicle
4618,Texas,30510001,3051,1,Stopped,Not Distracted,Not Distracted,Motor Vehicle
4619,Texas,30510002,3051,2,"Stopped, Left",Not Distracted,Not Distracted,Driver Did Not Maneuver To Avoid
4620,Texas,30520001,3052,1,Pedestrian/ Animal,Not Distracted,Not Distracted,"Pedestrian, Pedalcyclist Or Other Non-Motorist"
4621,Texas,30530001,3053,1,Specifics Other,Not Distracted,Not Distracted,Not Reported
4622,Texas,30540001,3054,1,No Impact,Not Distracted,Not Distracted,Not Reported
4623,Texas,30550001,3055,1,Specifics Other,Not Distracted,Not Distracted,Not Reported
4624,Texas,30550002,3055,2,Specifics Other,Not Distracted,Not Distracted,Motor Vehicle
4625,Texas,30560001,3056,1,Control/Traction Loss,Not Distracted,Not Distracted,Not Reported
4626,Texas,30570001,3057,1,Striking From The Left,Not Distracted,Not Distracted,Not Reported
4627,Texas,30570002,3057,2,Struck On The Left,Not Distracted,Not Distracted,Not Reported
4628,Texas,30580001,3058,1,Control/Traction Loss,Not Distracted,Not Distracted,Not Reported
4629,Texas,30590001,3059,1,Pedestrian/ Animal,Not Distracted,Not Distracted,Not Reported
4630,Texas,30600001,3060,1,Other Crash Type,Not Distracted,Not Distracted,Not Reported
4631,Texas,30600002,3060,2,Other Crash Type,Not Distracted,Not Distracted,Not Reported
4632,Texas,30610001,3061,1,Drive Off Road,Not Distracted,Not Distracted,Not Reported
4633,Texas,30620001,3062,1,Stopped,Not Distracted,Not Distracted,Motor Vehicle
4634,Texas,30620002,3062,2,Other Crash Type,Not Distracted,Not Distracted,Driver Did Not Maneuver To Avoid
4635,Texas,30620003,3062,3,"Stopped, Straight",Not Distracted,Not Distracted,Driver Did Not Maneuver To Avoid
4636,Texas,30630001,3063,1,No Impact,"Inattention (Inattentive), Details Unknown","Inattention (Inattentive), Details Unknown",Not Reported
4637,Texas,30640001,3064,1,Drive Off Road,Not Distracted,Not Distracted,Not Reported
4638,Texas,30650001,3065,1,Pedestrian/ Animal,Not Distracted,Not Distracted,Not Reported
4639,Texas,30660001,3066,1,Specifics Other,Not Distracted,Not Distracted,Not Reported
4640,Texas,30660002,3066,2,Specifics Other,Not Distracted,Not Distracted,Not Reported
4641,Texas,30660003,3066,3,Other Crash Type,Not Distracted,Not Distracted,Motor Vehicle
4642,Texas,30670001,3067,1,Pedestrian/ Animal,Not Distracted,Not Distracted,Not Reported
4643,Texas,30670002,3067,2,Other Crash Type,Not Distracted,Not Distracted,Driver Did Not Maneuver To Avoid
4644,Texas,30680001,3068,1,Pedestrian/ Animal,By Other Occupant(s),By Other Occupant(s),Not Reported
4645,Texas,30690001,3069,1,Slower,Not Distracted,Not Distracted,Not Reported
4646,Texas,30690002,3069,2,"Slower, Going Straight",Not Distracted,Not Distracted,Not Reported
4647,Texas,30700001,3070,1,Control/Traction Loss,Not Distracted,Not Distracted,Not Reported
4648,Texas,30710001,3071,1,Drive Off Road,Not Distracted,Not Distracted,Not Reported
4649,Texas,30720001,3072,1,Slower,Not Distracted,Not Distracted,Not Reported
4650,Texas,30720002,3072,2,"Slower, Going Straight",Not Distracted,Not Distracted,Driver Did Not Maneuver To Avoid
4651,Texas,30730001,3073,1,Drive Off Road,Not Distracted,Not Distracted,Not Reported
4652,Texas,30740001,3074,1,Pedestrian/ Animal,Not Distracted,Not Distracted,Not Reported
4653,Texas,30750001,3075,1,Pedestrian/ Animal,Not Distracted,Not Distracted,Not Reported
4654,Texas,30760001,3076,1,Other Crash Type,Not Distracted,Not Distracted,Not Reported
4655,Texas,30770001,3077,1,Striking From The Left,Not Distracted,Not Distracted,Motor Vehicle
4656,Texas,30770002,3077,2,Struck On The Left,Not Distracted,Not Distracted,Not Reported
4657,Texas,30780001,3078,1,Drive Off Road,Not Distracted,Not Distracted,Driver Did Not Maneuver To Avoid
4658,Texas,30790001,3079,1,Pedestrian/ Animal,Not Distracted,Not Distracted,Driver Did Not Maneuver To Avoid
4659,Texas,30800001,3080,1,Pedestrian/ Animal,Not Distracted,Not Distracted,Not Reported
4660,Texas,30810001,3081,1,Control/Traction Loss,Not Distracted,Not Distracted,Not Reported
4661,Texas,30820001,3082,1,Specifics Other,While Talking Or Listening To Cellular Phone,While Talking Or Listening To Cellular Phone,Not Reported
4662,Texas,30820002,3082,2,Specifics Other,Not Distracted,Not Distracted,Motor Vehicle
4663,Texas,30830001,3083,1,Specifics Other,Not Distracted,Not Distracted,Not Reported
4664,Texas,30830002,3083,2,Specifics Other,Not Distracted,Not Distracted,Not Reported
4665,Texas,30840001,3084,1,Drive Off Road,Not Distracted,Not Distracted,Not Reported
4666,Texas,30840002,3084,2,Other Crash Type,Not Distracted,Not Distracted,Not Reported
4667,Texas,30850001,3085,1,Drive Off Road,Not Distracted,Not Distracted,Not Reported
4668,Texas,30860001,3086,1,Drive Off Road,Not Distracted,Not Distracted,Not Reported
4669,Texas,30870001,3087,1,Pedestrian/ Animal,"Inattention (Inattentive), Details Unknown","Inattention (Inattentive), Details Unknown",Not Reported
4670,Texas,30880001,3088,1,Drive Off Road,Not Distracted,Not Distracted,Unknown
4671,Texas,30890001,3089,1,Specifics Other,Not Distracted,Not Distracted,Not Reported
4672,Texas,30890002,3089,2,Specifics Other,Not Distracted,Not Distracted,Not Reported
4673,Texas,30900001,3090,1,Drive Off Road,Not Distracted,Not Distracted,Not Reported
4674,Texas,30910001,3091,1,Pedestrian/ Animal,Not Distracted,Not Distracted,"Pedestrian, Pedalcyclist Or Other Non-Motorist"
4675,Texas,30920001,3092,1,Drive Off Road,Not Distracted,Not Distracted,Not Reported
4676,Texas,30930001,3093,1,Pedestrian/ Animal,Not Distracted,Not Distracted,Not Reported
4677,Texas,30940001,3094,1,Initial Opposite Directions (Going Straight),Not Distracted,Not Distracted,Not Reported
4678,Texas,30940002,3094,2,Initial Opposite Directions (Left/Right),Not Distracted,Not Distracted,Not Reported
4679,Texas,30950001,3095,1,Other Crash Type,Not Distracted,Not Distracted,Not Reported
4680,Texas,30950002,3095,2,Other Crash Type,Not Distracted,Not Distracted,Not Reported
4681,Texas,30960001,3096,1,Pedestrian/ Animal,Not Distracted,Not Distracted,Not Reported
4682,Texas,30970001,3097,1,Pedestrian/ Animal,Other Distraction,Other Distraction,Driver Did Not Maneuver To Avoid
4683,Texas,30980001,3098,1,Control/Traction Loss,Not Distracted,Not Distracted,Not Reported
4684,Texas,30990001,3099,1,Drive Off Road,Not Distracted,Not Distracted,Not Reported
4685,Texas,31000001,3100,1,Control/Traction Loss,Not Distracted,Not Distracted,Not Reported
4686,Texas,31010001,3101,1,Control/Traction Loss,Not Distracted,Not Distracted,Not Reported
4687,Texas,31020001,3102,1,Control/Traction Loss,Not Distracted,Not Distracted,Not Reported
4688,Texas,31030001,3103,1,Lateral Move (Left/Right),Not Distracted,Not Distracted,Not Reported
4689,Texas,31030002,3103,2,Lateral Move (Going Straight),Not Distracted,Not Distracted,Driver Did Not Maneuver To Avoid
4690,Texas,31040001,3104,1,Pedestrian/ Animal,Unknown If Distracted,Unknown If Distracted,Unknown
4691,Texas,31050001,3105,1,Drive Off Road,"Inattention (Inattentive), Details Unknown","Inattention (Inattentive), Details Unknown",Not Reported
4692,Texas,31060001,3106,1,"Avoid Collision With Veh., Ped., Anim.",Not Distracted,Not Distracted,Phantom/Non-Contact Motor Vehicle
4693,Texas,31070001,3107,1,"Avoid Collision With Veh., Ped., Anim.",Not Distracted,Not Distracted,Object
4694,Texas,31080001,3108,1,Other Crash Type,Not Distracted,Not Distracted,Not Reported
4695,Texas,31090001,3109,1,Drive Off Road,"Inattention (Inattentive), Details Unknown","Inattention (Inattentive), Details Unknown",Not Reported
4696,Texas,31100001,3110,1,Specifics Other,Not Distracted,Not Distracted,Motor Vehicle
4697,Texas,31100002,3110,2,Specifics Other,Not Distracted,Not Distracted,Motor Vehicle
4698,Texas,31110001,3111,1,Pedestrian/ Animal,Not Distracted,Not Distracted,Not Reported
4699,Texas,31120001,3112,1,Initial Opposite Directions (Going Straight),Not Distracted,Not Distracted,Motor Vehicle
4700,Texas,31120002,3112,2,Initial Opposite Directions (Left/Right),Not Distracted,Not Distracted,Not Reported
4701,Texas,31130001,3113,1,Drive Off Road,Not Distracted,Not Distracted,Not Reported
4702,Texas,31140001,3114,1,Control/Traction Loss,Not Distracted,Not Distracted,Phantom/Non-Contact Motor Vehicle
4703,Texas,31150001,3115,1,Specifics Other,Not Distracted,Not Distracted,Not Reported
4704,Texas,31150002,3115,2,Specifics Other,Not Distracted,Not Distracted,Motor Vehicle
4705,Texas,31160001,3116,1,Other Crash Type,Not Distracted,Not Distracted,Not Reported
4706,Texas,31160002,3116,2,Other Crash Type,Not Distracted,Not Distracted,Not Reported
4707,Texas,31170001,3117,1,Control/Traction Loss,Not Distracted,Not Distracted,Not Reported
4708,Texas,31180001,3118,1,Drive Off Road,Not Distracted,Not Distracted,Driver Did Not Maneuver To Avoid
4709,Texas,31190001,3119,1,Pedestrian/ Animal,Not Distracted,Not Distracted,Driver Did Not Maneuver To Avoid
4710,Texas,31200001,3120,1,Drive Off Road,"Inattention (Inattentive), Details Unknown","Inattention (Inattentive), Details Unknown",Not Reported
4711,Texas,31210001,3121,1,Drive Off Road,Not Distracted,Not Distracted,Not Reported
4712,Texas,31220001,3122,1,Drive Off Road,Not Distracted,Not Distracted,Not Reported
4713,Texas,31230001,3123,1,Pedestrian/ Animal,Not Distracted,Not Distracted,Not Reported
4714,Texas,31250001,3125,1,Struck On The Left,Not Distracted,Not Distracted,Not Reported
4715,Texas,31250002,3125,2,Striking From The Left,Not Distracted,Not Distracted,Not Reported
4716,Texas,31260001,3126,1,Pedestrian/ Animal,Not Distracted,Not Distracted,Not Reported
4717,Texas,31270001,3127,1,Decelerating (Slowing),Not Distracted,Not Distracted,Not Reported
4718,Texas,31270002,3127,2,"Decelerating (Slowing), Going Left",Not Distracted,Not Distracted,Not Reported
4719,Texas,31280001,3128,1,Control/Traction Loss,Not Distracted,Not Distracted,Not Reported
4720,Texas,31290001,3129,1,Pedestrian/ Animal,Not Distracted,Not Distracted,Not Reported
4721,Texas,31300001,3130,1,Specifics Other,Not Distracted,Not Distracted,Not Reported
4722,Texas,31300002,3130,2,Specifics Other,Not Distracted,Not Distracted,Not Reported
4723,Texas,31310001,3131,1,Control/Traction Loss,Not Distracted,Not Distracted,Not Reported
4724,Texas,31320001,3132,1,Straight Ahead On Left/Right,Not Distracted,Not Distracted,Not Reported
4725,Texas,31320002,3132,2,Straight Ahead On Left,Not Distracted,Not Distracted,Not Reported
4726,Texas,31320003,3132,3,Other Crash Type,Not Distracted,Not Distracted,Not Reported
4727,Texas,31330001,3133,1,Specifics Other,Not Distracted,Not Distracted,Driver Did Not Maneuver To Avoid
4728,Texas,31330002,3133,2,Specifics Other,No Driver Present/Unknown If Driver Present,No Driver Present/Unknown If Driver Present,No Driver Present/Unknown If Driver Present
4729,Texas,31340001,3134,1,Drive Off Road,Not Distracted,Not Distracted,Not Reported
4730,Texas,31350001,3135,1,Pedestrian/ Animal,Not Distracted,Not Distracted,Not Reported
4731,Texas,31360001,3136,1,Initial Opposite Directions (Left/Right),Not Distracted,Not Distracted,Not Reported
4732,Texas,31360002,3136,2,Initial Opposite Directions (Going Straight),Not Distracted,Not Distracted,Not Reported
4733,Texas,31370001,3137,1,Drive Off Road,Not Distracted,Not Distracted,Not Reported
4734,Texas,31380001,3138,1,Drive Off Road,Not Distracted,Not Distracted,Not Reported
4735,Texas,31390001,3139,1,Initial Opposite Directions (Going Straight),Not Distracted,Not Distracted,Not Reported
4736,Texas,31390002,3139,2,Initial Opposite Directions (Left/Right),Not Distracted,Not Distracted,Not Reported
4737,Texas,31390003,3139,3,Other Crash Type,Not Distracted,Not Distracted,Driver Did Not Maneuver To Avoid
4738,Texas,31400001,3140,1,Control/Traction Loss,Not Distracted,Not Distracted,Not Reported
4739,Texas,31410001,3141,1,Struck On The Left,Not Distracted,Not Distracted,Not Reported
4740,Texas,31410002,3141,2,Striking From The Left,Not Distracted,Not Distracted,Not Reported
4741,Texas,31420001,3142,1,Other Crash Type,Not Distracted,Not Distracted,Not Reported
4742,Texas,31420002,3142,2,Other Crash Type,Not Distracted,Not Distracted,Object
4743,Texas,31420003,3142,3,Other Crash Type,Not Distracted,Not Distracted,Not Reported
4744,Texas,31430001,3143,1,Pedestrian/ Animal,Not Distracted,Not Distracted,Not Reported
4745,Texas,31430002,3143,2,Other Crash Type,Not Distracted,Not Distracted,Not Reported
4746,Texas,31440001,3144,1,Stopped,"Inattention (Inattentive), Details Unknown","Inattention (Inattentive), Details Unknown",Driver Did Not Maneuver To Avoid
4747,Texas,31440002,3144,2,"Stopped, Straight",Not Distracted,Not Distracted,Driver Did Not Maneuver To Avoid
4748,Texas,31450001,3145,1,Other Crash Type,Not Distracted,Not Distracted,Not Reported
4749,Texas,31450002,3145,2,Drive Off Road,Not Distracted,Not Distracted,Not Reported
4750,Texas,31460001,3146,1,Drive Off Road,Not Distracted,Not Distracted,Not Reported
4751,Texas,31470001,3147,1,Lateral Move (Left/Right),Not Distracted,Not Distracted,Driver Did Not Maneuver To Avoid
4752,Texas,31470002,3147,2,Lateral Move (Going Straight),Not Distracted,Not Distracted,Motor Vehicle
4753,Texas,31480001,3148,1,Drive Off Road,"Distraction (Distracted), Details Unknown","Distraction (Distracted), Details Unknown",Not Reported
4754,Texas,31490001,3149,1,Lateral Move (Left/Right),Not Distracted,Not Distracted,Not Reported
4755,Texas,31490002,3149,2,Lateral Move (Going Straight),Not Distracted,Not Distracted,Not Reported
4756,Texas,31500001,3150,1,Pedestrian/ Animal,Not Distracted,Not Distracted,Not Reported
4757,Texas,31510001,3151,1,Specifics Other,Not Distracted,Not Distracted,Not Reported
4758,Texas,31510002,3151,2,Specifics Other,Not Distracted,Not Distracted,Motor Vehicle
4759,Texas,31510003,3151,3,Other Crash Type,Not Distracted,Not Distracted,Not Reported
4760,Texas,31510004,3151,4,Other Crash Type,Not Distracted,Not Distracted,Not Reported
4761,Texas,31520001,3152,1,Pedestrian/ Animal,Not Distracted,Not Distracted,Not Reported
4762,Texas,31530001,3153,1,Struck On The Left,Not Distracted,Not Distracted,Not Reported
4763,Texas,31530002,3153,2,Striking From The Left,Not Distracted,Not Distracted,Motor Vehicle
4764,Texas,31540001,3154,1,Pedestrian/ Animal,Not Distracted,Not Distracted,Driver Did Not Maneuver To Avoid
4765,Texas,31550001,3155,1,Struck On The Right,Not Distracted,Not Distracted,Not Reported
4766,Texas,31550002,3155,2,Striking From The Right,Not Distracted,Not Distracted,Not Reported