,State Name,ID,CaseNo,VehicleNo,CrashType,First Distraction,Second Distraction,Driver Action
4767,Texas,31560001,3156,1,Other Crash Type,Other Cellular Phone Related,Other Cellular Phone Related,Not Reported
4768,Texas,31570001,3157,1,Specifics Other,Not Distracted,Not Distracted,Not Reported
4769,Texas,31570002,3157,2,Specifics Other,Not Distracted,Not Distracted,Driver Did Not Maneuver To Avoid
4770,Texas,31580001,3158,1,Drive Off Road,Not Distracted,Not Distracted,Not Reported
4771,Texas,31590001,3159,1,Initial Opposite Directions (Left/Right),Not Distracted,Not Distracted,Not Reported
4772,Texas,31590002,3159,2,Initial Opposite Directions (Going Straight),Not Distracted,Not Distracted,Not Reported
4773,Texas,31600001,3160,1,Drive Off Road,"Distraction (Distracted), Details Unknown","Distraction (Distracted), Details Unknown",Not Reported
4774,Texas,31610001,3161,1,Control/Traction Loss,Not Distracted,Not Distracted,Not Reported
4775,Texas,31620001,3162,1,Other Crash Type,Not Distracted,Not Distracted,Not Reported
4776,Texas,31620002,3162,2,Other Crash Type,Not Distracted,Not Distracted,Driver Did Not Maneuver To Avoid
4777,Texas,31630001,3163,1,Pedestrian/ Animal,Not Distracted,Not Distracted,Not Reported
4778,Texas,31640001,3164,1,Lateral Move (Going Straight),Not Distracted,Not Distracted,Not Reported
4779,Texas,31640002,3164,2,Lateral Move (Left/Right),Not Distracted,Not Distracted,Not Reported
4780,Texas,31650001,3165,1,Struck On The Left,Not Distracted,Not Distracted,Not Reported
4781,Texas,31650002,3165,2,Striking From The Left,Not Distracted,Not Distracted,Not Reported
4782,Texas,31660001,3166,1,Specifics Other,Not Distracted,Not Distracted,Not Reported
4783,Texas,31660002,3166,2,Specifics Other,Not Distracted,Not Distracted,Not Reported
4784,Texas,31670001,3167,1,Initial Opposite Directions (Left/Right),Not Distracted,Not Distracted,Not Reported
4785,Texas,31670002,3167,2,Initial Opposite Directions (Going Straight),Not Distracted,Not Distracted,Not Reported
4786,Texas,31670003,3167,3,Other Crash Type,Not Distracted,Not Distracted,Driver Did Not Maneuver To Avoid
4787,Texas,31680001,3168,1,Drive Off Road,Not Distracted,Not Distracted,Not Reported
4788,Texas,31690001,3169,1,Drive Off Road,Not Distracted,Not Distracted,Not Reported
4789,Texas,31700001,3170,1,Lateral Move (Left/Right),Not Distracted,Not Distracted,Not Reported
4790,Texas,31700002,3170,2,Lateral Move (Going Straight),Not Distracted,Not Distracted,Not Reported
4791,Texas,31710001,3171,1,Specifics Other,Not Distracted,Not Distracted,Not Reported
4792,Texas,31710002,3171,2,Specifics Other,Not Distracted,Not Distracted,Not Reported
4793,Texas,31720001,3172,1,Lateral Move (Going Straight),Not Distracted,Not Distracted,Not Reported
4794,Texas,31720002,3172,2,Lateral Move (Left/Right),Not Distracted,Not Distracted,Not Reported
4795,Texas,31740001,3174,1,Pedestrian/ Animal,Not Distracted,Not Distracted,Not Reported
4796,Texas,31740002,3174,2,Other Crash Type,Not Distracted,Not Distracted,Not Reported
4797,Texas,31750001,3175,1,Drive Off Road,Not Distracted,Not Distracted,Not Reported
4798,Texas,31760001,3176,1,Pedestrian/ Animal,Not Distracted,Not Distracted,Not Reported
4799,Texas,31770001,3177,1,Specifics Other,Not Distracted,Not Distracted,Not Reported
4800,Texas,31770002,3177,2,Specifics Other,Not Distracted,Not Distracted,Not Reported
4801,Texas,31780001,3178,1,Pedestrian/ Animal,Not Distracted,Not Distracted,Driver Did Not Maneuver To Avoid
4802,Texas,31790001,3179,1,Stopped,Not Distracted,Not Distracted,Driver Did Not Maneuver To Avoid
4803,Texas,31790002,3179,2,"Stopped, Straight",Not Distracted,Not Distracted,Driver Did Not Maneuver To Avoid
4804,Texas,31800001,3180,1,Pedestrian/ Animal,Not Distracted,Not Distracted,Not Reported
4805,Texas,31810001,3181,1,Pedestrian/ Animal,Not Distracted,Not Distracted,Not Reported
4806,Texas,31820001,3182,1,End Departure,Not Distracted,Not Distracted,Not Reported
4807,Texas,31830001,3183,1,Striking From The Right,Not Distracted,Not Distracted,Not Reported
4808,Texas,31830002,3183,2,Struck On The Right,Not Distracted,Not Distracted,Not Reported
4809,Texas,31840001,3184,1,Pedestrian/ Animal,Not Distracted,Not Distracted,Driver Did Not Maneuver To Avoid
4810,Texas,31840002,3184,2,Other Crash Type,Not Distracted,Not Distracted,Not Reported
4811,Texas,31840003,3184,3,Other Crash Type,Not Distracted,Not Distracted,Not Reported
4812,Texas,31850001,3185,1,Drive Off Road,Not Distracted,Not Distracted,Not Reported
4813,Texas,31860001,3186,1,Pedestrian/ Animal,Not Distracted,Not Distracted,Not Reported
4814,Texas,31870001,3187,1,Drive Off Road,Not Distracted,Not Distracted,Not Reported
4815,Texas,31880001,3188,1,Pedestrian/ Animal,Unknown If Distracted,Unknown If Distracted,Unknown
4816,Texas,31890001,3189,1,Lateral Move (Left/Right),Not Distracted,Not Distracted,Not Reported
4817,Texas,31890002,3189,2,Lateral Move (Going Straight),Not Distracted,Not Distracted,Not Reported
4818,Texas,31900001,3190,1,Initial Opposite Directions (Left/Right),Not Distracted,Not Distracted,Not Reported
4819,Texas,31900002,3190,2,Initial Opposite Directions (Going Straight),Not Distracted,Not Distracted,Not Reported
4820,Texas,31900003,3190,3,Other Crash Type,Not Distracted,Not Distracted,Driver Did Not Maneuver To Avoid
4821,Texas,31910001,3191,1,Other Crash Type,Not Distracted,Not Distracted,Not Reported
4822,Texas,31920001,3192,1,Pedestrian/ Animal,Not Distracted,Not Distracted,Not Reported
4823,Texas,31930001,3193,1,Other Crash Type,Not Distracted,Not Distracted,Not Reported
4824,Texas,31940001,3194,1,Slower,Not Distracted,Not Distracted,Not Reported
4825,Texas,31940002,3194,2,"Slower, Going Straight",Not Distracted,Not Distracted,Not Reported
4826,Texas,31950001,3195,1,Control/Traction Loss,Not Distracted,Not Distracted,Not Reported
4827,Texas,31960001,3196,1,Pedestrian/ Animal,Not Distracted,Not Distracted,Not Reported
4828,Texas,31960002,3196,2,Other Crash Type,Not Distracted,Not Distracted,Not Reported
4829,Texas,31970001,3197,1,Lateral Move (Left/Right),Not Distracted,Not Distracted,Not Reported
4830,Texas,31970002,3197,2,Lateral Move (Going Straight),Not Distracted,Not Distracted,Not Reported
4831,Texas,31980001,3198,1,Pedestrian/ Animal,Not Distracted,Not Distracted,Not Reported
4832,Texas,31990001,3199,1,Initial Opposite Directions (Left/Right),Not Distracted,Not Distracted,Not Reported
4833,Texas,31990002,3199,2,Initial Opposite Directions (Going Straight),Not Distracted,Not Distracted,Not Reported
4834,Texas,32000001,3200,1,Striking From The Right,Not Distracted,Not Distracted,Not Reported
4835,Texas,32000002,3200,2,Struck On The Right,Not Distracted,Not Distracted,Motor Vehicle
4836,Texas,32010001,3201,1,Drive Off Road,Not Distracted,Not Distracted,Not Reported
4837,Texas,32020001,3202,1,Other Crash Type,Not Distracted,Not Distracted,Not Reported
4838,Texas,32030001,3203,1,Other Crash Type,Not Distracted,Not Distracted,Not Reported
4839,Texas,32040001,3204,1,Specifics Other,Not Distracted,Not Distracted,Not Reported
4840,Texas,32040002,3204,2,Specifics Other,Not Distracted,Not Distracted,Motor Vehicle
4841,Texas,32050001,3205,1,Pedestrian/ Animal,Unknown If Distracted,Unknown If Distracted,Unknown
4842,Texas,32050002,3205,2,Other Crash Type,Not Distracted,Not Distracted,Not Reported
4843,Texas,32060001,3206,1,Specifics Other,Not Distracted,Not Distracted,Not Reported
4844,Texas,32060002,3206,2,Specifics Other,"Inattention (Inattentive), Details Unknown","Inattention (Inattentive), Details Unknown",Not Reported
4845,Texas,32060003,3206,3,Other Crash Type,Not Distracted,Not Distracted,Not Reported
4846,Texas,32060004,3206,4,Other Crash Type,Not Distracted,Not Distracted,Not Reported
4847,Texas,32070001,3207,1,Lateral Move (Left/Right),Not Distracted,Not Distracted,Not Reported
4848,Texas,32070002,3207,2,Lateral Move (Going Straight),Not Distracted,Not Distracted,Motor Vehicle
4849,Texas,32080001,3208,1,Straight Ahead On Left,Not Distracted,Not Distracted,Not Reported
4850,Texas,32080002,3208,2,Straight Ahead On Left/Right,Not Distracted,Not Distracted,Not Reported
4851,Texas,32080003,3208,3,Other Crash Type,Not Distracted,Not Distracted,Not Reported
4852,Texas,32090001,3209,1,Control/Traction Loss,Not Distracted,Not Distracted,Not Reported
4853,Texas,32100001,3210,1,Lateral Move (Left/Right),Other Cellular Phone Related,Other Cellular Phone Related,Not Reported
4854,Texas,32100002,3210,2,Lateral Move (Going Straight),Not Distracted,Not Distracted,Not Reported
4855,Texas,32110001,3211,1,Pedestrian/ Animal,Not Distracted,Not Distracted,Not Reported
4856,Texas,32120001,3212,1,Specifics Other,Not Distracted,Not Distracted,Driver Did Not Maneuver To Avoid
4857,Texas,32120002,3212,2,Specifics Other,Not Distracted,Not Distracted,Driver Did Not Maneuver To Avoid
4858,Texas,32120003,3212,3,Other Crash Type,Not Distracted,Not Distracted,Driver Did Not Maneuver To Avoid
4859,Texas,32120004,3212,4,Other Crash Type,Not Distracted,Not Distracted,Not Reported
4860,Texas,32130001,3213,1,Drive Off Road,Not Distracted,Not Distracted,Not Reported
4861,Texas,32140001,3214,1,Drive Off Road,Not Distracted,Not Distracted,Not Reported
4862,Texas,32150001,3215,1,Drive Off Road,"Inattention (Inattentive), Details Unknown","Inattention (Inattentive), Details Unknown",Not Reported
4863,Texas,32160001,3216,1,Drive Off Road,Not Distracted,Not Distracted,Not Reported
4864,Texas,32170001,3217,1,Stopped,Not Distracted,Not Distracted,Driver Did Not Maneuver To Avoid
4865,Texas,32170002,3217,2,"Stopped, Straight",Not Distracted,Not Distracted,Driver Did Not Maneuver To Avoid
4866,Texas,32180001,3218,1,Struck On The Right,Not Distracted,Not Distracted,Not Reported
4867,Texas,32180002,3218,2,Striking From The Right,Not Distracted,Not Distracted,Not Reported
4868,Texas,32190001,3219,1,Drive Off Road,Not Distracted,Not Distracted,Not Reported
4869,Texas,32200001,3220,1,Drive Off Road,Unknown If Distracted,Unknown If Distracted,Unknown
4870,Texas,32210001,3221,1,Drive Off Road,Not Distracted,Not Distracted,Driver Did Not Maneuver To Avoid
4871,Texas,32210002,3221,2,Other Crash Type,Not Distracted,Not Distracted,Not Reported
4872,Texas,32220001,3222,1,Control/Traction Loss,Not Distracted,Not Distracted,Not Reported
4873,Texas,32230001,3223,1,Lateral Move (Left/Right),Not Distracted,Not Distracted,Not Reported
4874,Texas,32230002,3223,2,Lateral Move (Going Straight),Not Distracted,Not Distracted,Not Reported
4875,Texas,32230003,3223,3,Other Crash Type,Not Distracted,Not Distracted,Motor Vehicle
4876,Texas,32240001,3224,1,Struck On The Right,While Talking Or Listening To Cellular Phone,While Talking Or Listening To Cellular Phone,Not Reported
4877,Texas,32240002,3224,2,Striking From The Right,Not Distracted,Not Distracted,Not Reported
4878,Texas,32250001,3225,1,Lateral Move (Left/Right),Not Distracted,Not Distracted,Not Reported
4879,Texas,32250002,3225,2,Lateral Move (Going Straight),Not Distracted,Not Distracted,Not Reported
4880,Texas,32260001,3226,1,Drive Off Road,Not Distracted,Not Distracted,Not Reported
4881,Texas,32270001,3227,1,Turn Into Opposite Directions (Going Straight),Not Distracted,Not Distracted,Not Reported
4882,Texas,32270002,3227,2,Turn Into Opposite Directions (Turning Left),Not Distracted,Not Distracted,Not Reported
4883,Texas,32280001,3228,1,Drive Off Road,Not Distracted,Not Distracted,Not Reported
4884,Texas,32290001,3229,1,Sta. Object,Not Distracted,Not Distracted,Not Reported
4885,Texas,32300001,3230,1,Slower,"Inattention (Inattentive), Details Unknown","Inattention (Inattentive), Details Unknown",Not Reported
4886,Texas,32300002,3230,2,"Slower, Going Straight",Not Distracted,Not Distracted,Not Reported
4887,Texas,32310001,3231,1,Slower,Not Distracted,Not Distracted,Not Reported
4888,Texas,32310002,3231,2,"Slower, Going Straight",Not Distracted,Not Distracted,Not Reported
4889,Texas,32320001,3232,1,Struck On The Right,Not Distracted,Not Distracted,Not Reported
4890,Texas,32320002,3232,2,Striking From The Right,Not Distracted,Not Distracted,Not Reported
4891,Texas,32330001,3233,1,Pedestrian/ Animal,Not Distracted,Not Distracted,Not Reported
4892,Texas,32340001,3234,1,Drive Off Road,Not Distracted,Not Distracted,Not Reported
4893,Texas,32340002,3234,2,Other Crash Type,Not Distracted,Not Distracted,Not Reported
4894,Texas,32350001,3235,1,Initial Opposite Directions (Going Straight),Not Distracted,Not Distracted,Not Reported
4895,Texas,32350002,3235,2,Initial Opposite Directions (Left/Right),Not Distracted,Not Distracted,Not Reported
4896,Texas,32360001,3236,1,Pedestrian/ Animal,Not Distracted,Not Distracted,Not Reported
4897,Texas,32370001,3237,1,Pedestrian/ Animal,Not Distracted,Not Distracted,Not Reported
4898,Texas,32380001,3238,1,Other Crash Type,Not Distracted,Not Distracted,Not Reported
4899,Texas,32390001,3239,1,Control/Traction Loss,Not Distracted,Not Distracted,Not Reported
4900,Texas,32400001,3240,1,Other Crash Type,Not Distracted,Not Distracted,Not Reported
4901,Texas,32400002,3240,2,Other Crash Type,Not Distracted,Not Distracted,Not Reported
4902,Texas,32410001,3241,1,Turn Into Same Direction (Turning Left),Not Distracted,Not Distracted,Not Reported
4903,Texas,32410002,3241,2,Turn Into Same Direction (Going Straight),Not Distracted,Not Distracted,Not Reported
4904,Texas,32410003,3241,3,Other Crash Type,Not Distracted,Not Distracted,Not Reported
4905,Texas,32420001,3242,1,Drive Off Road,Not Distracted,Not Distracted,Not Reported
4906,Texas,32430001,3243,1,Unknown,Not Distracted,Not Distracted,Not Reported
4907,Texas,32440001,3244,1,Slower,Not Distracted,Not Distracted,Motor Vehicle
4908,Texas,32440002,3244,2,"Slower, Going Straight",Not Distracted,Not Distracted,Not Reported
4909,Texas,32450001,3245,1,Other Crash Type,Not Distracted,Not Distracted,Motor Vehicle
4910,Texas,32450002,3245,2,Other Crash Type,Not Distracted,Not Distracted,Not Reported
4911,Texas,32460001,3246,1,Slower,Not Distracted,Not Distracted,Not Reported
4912,Texas,32460002,3246,2,"Slower, Going Straight",Not Distracted,Not Distracted,Not Reported
4913,Texas,32460003,3246,3,Other Crash Type,Not Distracted,Not Distracted,Not Reported
4914,Texas,32460004,3246,4,Other Crash Type,Not Distracted,Not Distracted,Not Reported
4915,Texas,32460005,3246,5,Other Crash Type,Not Distracted,Not Distracted,Not Reported
4916,Texas,32470001,3247,1,Pedestrian/ Animal,Not Distracted,Not Distracted,Not Reported
4917,Texas,32480001,3248,1,Control/Traction Loss,Not Distracted,Not Distracted,Not Reported
4918,Texas,32490001,3249,1,Pedestrian/ Animal,Not Distracted,Not Distracted,Not Reported
4919,Texas,32500001,3250,1,Changing Lanes To The Right,Not Distracted,Not Distracted,Not Reported
4920,Texas,32500002,3250,2,Straight Ahead On Left/Right,Not Distracted,Not Distracted,Not Reported
4921,Texas,32510001,3251,1,Lateral Move (Left/Right),Not Distracted,Not Distracted,Not Reported
4922,Texas,32510002,3251,2,Lateral Move (Going Straight),Not Distracted,Not Distracted,Not Reported
4923,Texas,32510003,3251,3,Other Crash Type,Not Distracted,Not Distracted,Motor Vehicle
4924,Texas,32520001,3252,1,Struck On The Left,Not Distracted,Not Distracted,Not Reported
4925,Texas,32520002,3252,2,Striking From The Left,Not Distracted,Not Distracted,Not Reported
4926,Texas,32530001,3253,1,Drive Off Road,Not Distracted,Not Distracted,Not Reported
4927,Texas,32530002,3253,2,Other Crash Type,Not Distracted,Not Distracted,Not Reported
4928,Texas,32530003,3253,3,Other Crash Type,Not Distracted,Not Distracted,Not Reported
4929,Texas,32540001,3254,1,Control/Traction Loss,"Inattention (Inattentive), Details Unknown","Inattention (Inattentive), Details Unknown",Not Reported
4930,Texas,32550001,3255,1,Pedestrian/ Animal,Not Distracted,Not Distracted,"Pedestrian, Pedalcyclist Or Other Non-Motorist"
4931,Texas,32560001,3256,1,Specifics Other,Not Distracted,Not Distracted,Motor Vehicle
4932,Texas,32560002,3256,2,Specifics Other,Not Distracted,Not Distracted,Not Reported
4933,Texas,32570001,3257,1,Struck On The Left,Not Distracted,Not Distracted,Not Reported
4934,Texas,32570002,3257,2,Striking From The Left,Not Distracted,Not Distracted,Not Reported
4935,Texas,32580001,3258,1,Pedestrian/ Animal,Not Distracted,Not Distracted,Not Reported
4936,Texas,32590001,3259,1,Lateral Move (Left/Right),Not Distracted,Not Distracted,Not Reported
4937,Texas,32590002,3259,2,Lateral Move (Going Straight),Not Distracted,Not Distracted,Not Reported
4938,Texas,32600001,3260,1,Pedestrian/ Animal,Unknown If Distracted,Unknown If Distracted,Unknown
4939,Texas,32610001,3261,1,Struck On The Right,Not Distracted,Not Distracted,Not Reported
4940,Texas,32610002,3261,2,Striking From The Right,Not Distracted,Not Distracted,Not Reported
4941,Texas,32620001,3262,1,"Decelerating (Slowing), Going Left",Not Distracted,Not Distracted,Not Reported
4942,Texas,32620002,3262,2,Other Crash Type,Not Distracted,Not Distracted,Not Reported
4943,Texas,32620003,3262,3,Decelerating (Slowing),Not Distracted,Not Distracted,Driver Did Not Maneuver To Avoid
4944,Texas,32630001,3263,1,Stopped,Not Distracted,Not Distracted,Not Reported
4945,Texas,32630002,3263,2,"Stopped, Straight",Not Distracted,Not Distracted,Driver Did Not Maneuver To Avoid
4946,Texas,32630003,3263,3,Other Crash Type,Not Distracted,Not Distracted,Not Reported
4947,Texas,32640001,3264,1,Turn Into Opposite Directions (Turning Left),Not Distracted,Not Distracted,Not Reported
4948,Texas,32640002,3264,2,Turn Into Opposite Directions (Going Straight),Not Distracted,Not Distracted,Not Reported
4949,Texas,32650001,3265,1,Specifics Other,"Inattention (Inattentive), Details Unknown","Inattention (Inattentive), Details Unknown",Motor Vehicle
4950,Texas,32650002,3265,2,Specifics Other,Not Distracted,Not Distracted,Not Reported
4951,Texas,32660001,3266,1,Drive Off Road,Not Distracted,Not Distracted,Not Reported
4952,Texas,32670001,3267,1,Drive Off Road,Not Distracted,Not Distracted,Not Reported
4953,Texas,32680001,3268,1,Drive Off Road,Not Distracted,Not Distracted,Not Reported
4954,Texas,32690001,3269,1,Initial Opposite Directions (Going Straight),Not Distracted,Not Distracted,Not Reported
4955,Texas,32690002,3269,2,Initial Opposite Directions (Left/Right),Not Distracted,Not Distracted,Not Reported
4956,Texas,32700001,3270,1,Drive Off Road,Not Distracted,Not Distracted,Not Reported
4957,Texas,32710001,3271,1,Drive Off Road,Not Distracted,Not Distracted,Not Reported
4958,Texas,32720001,3272,1,Lateral Move (Left/Right),Not Distracted,Not Distracted,Not Reported
4959,Texas,32720002,3272,2,Lateral Move (Going Straight),Not Distracted,Not Distracted,Not Reported
4960,Texas,32730001,3273,1,Control/Traction Loss,Not Distracted,Not Distracted,Not Reported
4961,Texas,32740001,3274,1,Pedestrian/ Animal,Unknown If Distracted,Unknown If Distracted,Unknown
4962,Texas,32750001,3275,1,Pedestrian/ Animal,Not Distracted,Not Distracted,Not Reported
4963,Texas,32760001,3276,1,Lateral Move (Left/Right),Not Distracted,Not Distracted,Not Reported
4964,Texas,32760002,3276,2,Lateral Move (Going Straight),Not Distracted,Not Distracted,Not Reported
4965,Texas,32760003,3276,3,Other Crash Type,Not Distracted,Not Distracted,Not Reported
4966,Texas,32770001,3277,1,Struck On The Left,Not Distracted,Not Distracted,Not Reported
4967,Texas,32770002,3277,2,Striking From The Left,Not Distracted,Not Distracted,Not Reported
4968,Texas,32780001,3278,1,Pedestrian/ Animal,While Manipulating Cellular Phone,While Manipulating Cellular Phone,Not Reported
4969,Texas,32790001,3279,1,Drive Off Road,Not Distracted,Not Distracted,Not Reported
4970,Texas,32800001,3280,1,Drive Off Road,Not Distracted,Not Distracted,Not Reported
4971,Texas,32810001,3281,1,Drive Off Road,Not Distracted,Not Distracted,Not Reported
4972,Texas,32820001,3282,1,Control/Traction Loss,Other Cellular Phone Related,Other Cellular Phone Related,Not Reported
4973,Texas,32830001,3283,1,Drive Off Road,Not Distracted,Not Distracted,Not Reported
4974,Texas,32840001,3284,1,Initial Opposite Directions (Going Straight),Not Distracted,Not Distracted,Not Reported
4975,Texas,32840002,3284,2,Initial Opposite Directions (Left/Right),Not Distracted,Not Distracted,Not Reported
4976,Texas,32850001,3285,1,Other Crash Type,"Inattention (Inattentive), Details Unknown","Inattention (Inattentive), Details Unknown",Not Reported
4977,Texas,32860001,3286,1,Drive Off Road,Not Distracted,Not Distracted,Not Reported
4978,Texas,32870001,3287,1,Control/Traction Loss,Not Distracted,Not Distracted,Not Reported
4979,Texas,32880001,3288,1,Lateral Move (Left/Right),Not Distracted,Not Distracted,Not Reported
4980,Texas,32880002,3288,2,Lateral Move (Going Straight),Not Distracted,Not Distracted,Not Reported
4981,Texas,32890001,3289,1,Pedestrian/ Animal,Not Distracted,Not Distracted,Not Reported
4982,Texas,32900001,3290,1,Control/Traction Loss,Not Distracted,Not Distracted,Not Reported
4983,Texas,32910001,3291,1,Drive Off Road,Not Distracted,Not Distracted,Not Reported
4984,Texas,32920001,3292,1,Striking From The Left,"Inattention (Inattentive), Details Unknown","Inattention (Inattentive), Details Unknown",Not Reported
4985,Texas,32920002,3292,2,Struck On The Left,Not Distracted,Not Distracted,Not Reported
4986,Texas,32920003,3292,3,Other Crash Type,Not Distracted,Not Distracted,Driver Did Not Maneuver To Avoid
4987,Texas,32940001,3294,1,Specifics Other,Not Distracted,Not Distracted,Not Reported
4988,Texas,32940002,3294,2,Specifics Other,"Inattention (Inattentive), Details Unknown","Inattention (Inattentive), Details Unknown",Not Reported
4989,Texas,32950001,3295,1,Drive Off Road,Not Distracted,Not Distracted,Not Reported
4990,Texas,32960001,3296,1,No Impact,Not Distracted,Not Distracted,Not Reported
4991,Texas,32970001,3297,1,Slower,Not Distracted,Not Distracted,Not Reported
4992,Texas,32970002,3297,2,"Slower, Going Straight",Not Distracted,Not Distracted,Not Reported
4993,Texas,32980001,3298,1,Other Crash Type,Not Distracted,Not Distracted,Not Reported
4994,Texas,32980002,3298,2,Other Crash Type,Not Distracted,Not Distracted,Not Reported
4995,Texas,32990001,3299,1,No Impact,Not Distracted,Not Distracted,Not Reported
4996,Texas,33000001,3300,1,Lateral Move (Left/Right),Not Distracted,Not Distracted,Not Reported
4997,Texas,33000002,3300,2,Lateral Move (Going Straight),Not Distracted,Not Distracted,Not Reported
4998,Texas,33010001,3301,1,Drive Off Road,Not Distracted,Not Distracted,Not Reported
4999,Texas,33020001,3302,1,Other Crash Type,Not Distracted,Not Distracted,Not Reported
5000,Texas,33020002,3302,2,Drive Off Road,Not Distracted,Not Distracted,Motor Vehicle
5001,Texas,33030001,3303,1,Initial Opposite Directions (Going Straight),Not Distracted,Not Distracted,Not Reported
5002,Texas,33030002,3303,2,Initial Opposite Directions (Left/Right),Not Distracted,Not Distracted,Not Reported
5003,Texas,33040001,3304,1,Specifics Other,Not Distracted,Not Distracted,Motor Vehicle
5004,Texas,33040002,3304,2,Specifics Other,Not Distracted,Not Distracted,Motor Vehicle
5005,Texas,33050001,3305,1,Pedestrian/ Animal,"Inattention (Inattentive), Details Unknown","Inattention (Inattentive), Details Unknown",Not Reported
5006,Texas,33060001,3306,1,Striking From The Left,Not Distracted,Not Distracted,Not Reported
5007,Texas,33060002,3306,2,Struck On The Left,Not Distracted,Not Distracted,Not Reported
5008,Texas,33070001,3307,1,Pedestrian/ Animal,"Inattention (Inattentive), Details Unknown","Inattention (Inattentive), Details Unknown",Not Reported
5009,Texas,33070002,3307,2,Other Crash Type,No Driver Present/Unknown If Driver Present,No Driver Present/Unknown If Driver Present,No Driver Present/Unknown If Driver Present
5010,Texas,33070003,3307,3,Other Crash Type,Not Distracted,Not Distracted,Not Reported
5011,Texas,33080001,3308,1,Drive Off Road,Not Distracted,Not Distracted,Not Reported
5012,Texas,33090001,3309,1,Other Crash Type,Not Distracted,Not Distracted,Not Reported
5013,Texas,33100001,3310,1,Straight Ahead On Left,Not Distracted,Not Distracted,Not Reported
5014,Texas,33100002,3310,2,Straight Ahead On Left/Right,Not Distracted,Not Distracted,Not Reported
5015,Texas,33110001,3311,1,Struck On The Right,Not Distracted,Not Distracted,Not Reported
5016,Texas,33110002,3311,2,Striking From The Right,Not Distracted,Not Distracted,Not Reported
5017,Texas,33120001,3312,1,Lateral Move (Left/Right),Not Distracted,Not Distracted,Not Reported
5018,Texas,33120002,3312,2,Lateral Move (Going Straight),Not Distracted,Not Distracted,Not Reported
5019,Texas,33130001,3313,1,Pedestrian/ Animal,Not Distracted,Not Distracted,Driver Did Not Maneuver To Avoid
5020,Texas,33140001,3314,1,Slower,Not Distracted,Not Distracted,Not Reported
5021,Texas,33140002,3314,2,"Slower, Going Straight",Not Distracted,Not Distracted,Not Reported
5022,Texas,33150001,3315,1,Lateral Move (Left/Right),Not Distracted,Not Distracted,Not Reported
5023,Texas,33150002,3315,2,Lateral Move (Going Straight),Not Distracted,Not Distracted,Not Reported
5024,Texas,33150003,3315,3,Other Crash Type,Not Distracted,Not Distracted,Not Reported
5025,Texas,33160001,3316,1,Specifics Other,Not Distracted,Not Distracted,Not Reported
5026,Texas,33160002,3316,2,Specifics Other,Not Distracted,Not Distracted,Motor Vehicle
5027,Texas,33160003,3316,3,Other Crash Type,Not Distracted,Not Distracted,Not Reported
5028,Texas,33170001,3317,1,Other Crash Type,Not Distracted,Not Distracted,Not Reported
5029,Texas,33170002,3317,2,"Slower, Going Straight",Not Distracted,Not Distracted,Not Reported
5030,Texas,33170003,3317,3,Slower,Not Distracted,Not Distracted,Not Reported
5031,Texas,33180001,3318,1,Specifics Other,Not Distracted,Not Distracted,Not Reported
5032,Texas,33180002,3318,2,Specifics Other,Not Distracted,Not Distracted,Driver Did Not Maneuver To Avoid
5033,Texas,33190001,3319,1,Pedestrian/ Animal,Not Distracted,Not Distracted,Not Reported
5034,Texas,33200001,3320,1,Lateral Move (Left/Right),Not Distracted,Not Distracted,Not Reported
5035,Texas,33200002,3320,2,Lateral Move (Going Straight),Not Distracted,Not Distracted,Not Reported
5036,Texas,33210001,3321,1,Control/Traction Loss,Not Distracted,Not Distracted,Not Reported
5037,Texas,33220001,3322,1,Pedestrian/ Animal,Not Distracted,Not Distracted,Not Reported
5038,Texas,33230001,3323,1,Lateral Move (Left/Right),Not Distracted,Not Distracted,Not Reported
5039,Texas,33230002,3323,2,Lateral Move (Going Straight),Not Distracted,Not Distracted,Not Reported
5040,Texas,33230003,3323,3,Other Crash Type,Not Distracted,Not Distracted,Not Reported
5041,Texas,33240001,3324,1,Other Crash Type,Not Distracted,Not Distracted,Not Reported
5042,Texas,33250001,3325,1,Drive Off Road,Not Distracted,Not Distracted,Not Reported
5043,Texas,33260001,3326,1,Initial Opposite Directions (Left/Right),Not Distracted,Not Distracted,Not Reported
5044,Texas,33260002,3326,2,Initial Opposite Directions (Going Straight),Not Distracted,Not Distracted,Not Reported
5045,Texas,33260003,3326,3,Other Crash Type,Not Distracted,Not Distracted,Phantom/Non-Contact Motor Vehicle
5046,Texas,33270001,3327,1,Drive Off Road,Not Distracted,Not Distracted,Not Reported
5047,Texas,33280001,3328,1,Pedestrian/ Animal,Not Distracted,Not Distracted,Not Reported
5048,Texas,33290001,3329,1,Pedestrian/ Animal,Not Distracted,Not Distracted,Not Reported
5049,Texas,33300001,3330,1,Drive Off Road,Not Distracted,Not Distracted,Not Reported
5050,Texas,33310001,3331,1,Control/Traction Loss,Not Distracted,Not Distracted,Not Reported