,State Name,ID,CaseNo,VehicleNo,CrashType,First Distraction,Second Distraction,Driver Action
5051,Texas,33320001,3332,1,Drive Off Road,Other Cellular Phone Related,Other Cellular Phone Related,Not Reported
5052,Texas,33320002,3332,2,Other Crash Type,Not Distracted,Not Distracted,Not Reported
5053,Texas,33320003,3332,3,Other Crash Type,Not Distracted,Not Distracted,Motor Vehicle
5054,Texas,33330001,3333,1,Pedestrian/ Animal,Not Distracted,Not Distracted,Not Reported
5055,Texas,33340001,3334,1,Drive Off Road,Not Distracted,Not Distracted,Not Reported
5056,Texas,33350001,3335,1,Struck On The Left,Not Distracted,Not Distracted,Not Reported
5057,Texas,33350002,3335,2,Striking From The Left,Not Distracted,Not Distracted,Not Reported
5058,Texas,33360001,3336,1,Striking From The Right,"Inattention (Inattentive), Details Unknown","Inattention (Inattentive), Details Unknown",Not Reported
5059,Texas,33360002,3336,2,Struck On The Right,Not Distracted,Not Distracted,Not Reported
5060,Texas,33370001,3337,1,Specifics Unknown,"Inattention (Inattentive), Details Unknown","Inattention (Inattentive), Details Unknown",Not Reported
5061,Texas,33370002,3337,2,Specifics Unknown,"Inattention (Inattentive), Details Unknown","Inattention (Inattentive), Details Unknown",Not Reported
5062,Texas,33380001,3338,1,Initial Opposite Directions (Left/Right),Not Distracted,Not Distracted,Not Reported
5063,Texas,33380002,3338,2,Initial Opposite Directions (Going Straight),Not Distracted,Not Distracted,Not Reported
5064,Texas,33390001,3339,1,Lateral Move (Left/Right),Not Distracted,Not Distracted,Not Reported
5065,Texas,33390002,3339,2,Lateral Move (Going Straight),Not Distracted,Not Distracted,Not Reported
5066,Texas,33400001,3340,1,Drive Off Road,Not Distracted,Not Distracted,Not Reported
5067,Texas,33410001,3341,1,Control/Traction Loss,Not Distracted,Not Distracted,Not Reported
5068,Texas,33420001,3342,1,Specifics Other,Not Distracted,Not Distracted,Not Reported
5069,Texas,33420002,3342,2,Specifics Other,Not Distracted,Not Distracted,Not Reported
5070,Texas,33430001,3343,1,Control/Traction Loss,Not Distracted,Not Distracted,Not Reported
5071,Texas,33440001,3344,1,Pedestrian/ Animal,Not Distracted,Not Distracted,Not Reported
5072,Texas,33450001,3345,1,End Departure,Not Distracted,Not Distracted,Driver Did Not Maneuver To Avoid
5073,Texas,33460001,3346,1,Lateral Move (Going Straight),Not Distracted,Not Distracted,Not Reported
5074,Texas,33460002,3346,2,Lateral Move (Left/Right),Not Distracted,Not Distracted,Driver Did Not Maneuver To Avoid
5075,Texas,33470001,3347,1,Drive Off Road,Not Distracted,Not Distracted,Not Reported
5076,Texas,33480001,3348,1,Parked Veh.,Not Distracted,Not Distracted,Not Reported
5077,Texas,33490001,3349,1,Lateral Move (Left/Right),Not Distracted,Not Distracted,Not Reported
5078,Texas,33490002,3349,2,Lateral Move (Going Straight),Not Distracted,Not Distracted,Not Reported
5079,Texas,33500001,3350,1,Pedestrian/ Animal,Not Distracted,Not Distracted,Not Reported
5080,Texas,33500002,3350,2,Other Crash Type,Not Distracted,Not Distracted,Not Reported
5081,Texas,33500003,3350,3,Other Crash Type,Not Distracted,Not Distracted,Not Reported
5082,Texas,33510001,3351,1,Pedestrian/ Animal,Not Distracted,Not Distracted,Not Reported
5083,Texas,33520001,3352,1,Pedestrian/ Animal,Not Distracted,Not Distracted,"Pedestrian, Pedalcyclist Or Other Non-Motorist"
5084,Texas,33530001,3353,1,Pedestrian/ Animal,Not Distracted,Not Distracted,Driver Did Not Maneuver To Avoid
5085,Texas,33540001,3354,1,Other Crash Type,Not Distracted,Not Distracted,Not Reported
5086,Texas,33550001,3355,1,Pedestrian/ Animal,Unknown If Distracted,Unknown If Distracted,Unknown
5087,Texas,33560001,3356,1,Struck On The Right,"Inattention (Inattentive), Details Unknown","Inattention (Inattentive), Details Unknown",Not Reported
5088,Texas,33560002,3356,2,Striking From The Right,Not Distracted,Not Distracted,Motor Vehicle
5089,Texas,33570001,3357,1,Turn Into Same Direction (Turning Left),Not Distracted,Not Distracted,Not Reported
5090,Texas,33570002,3357,2,Turn Into Same Direction (Going Straight),Not Distracted,Not Distracted,Not Reported
5091,Texas,33570003,3357,3,Other Crash Type,Not Distracted,Not Distracted,Not Reported
5092,Texas,33580001,3358,1,Pedestrian/ Animal,Not Distracted,Not Distracted,Not Reported
5093,Texas,33580002,3358,2,Other Crash Type,Not Distracted,Not Distracted,Driver Did Not Maneuver To Avoid
5094,Texas,33580003,3358,3,Other Crash Type,No Driver Present/Unknown If Driver Present,No Driver Present/Unknown If Driver Present,No Driver Present/Unknown If Driver Present
5095,Texas,33590001,3359,1,Lateral Move (Left/Right),By Other Occupant(s),By Other Occupant(s),Driver Did Not Maneuver To Avoid
5096,Texas,33590002,3359,2,Lateral Move (Going Straight),Not Distracted,Not Distracted,Motor Vehicle
5097,Texas,33600001,3360,1,Control/Traction Loss,Not Distracted,Not Distracted,Not Reported
5098,Texas,33610001,3361,1,Lateral Move (Left/Right),Not Distracted,Not Distracted,Not Reported
5099,Texas,33610002,3361,2,Lateral Move (Going Straight),Not Distracted,Not Distracted,Not Reported
5100,Texas,33610003,3361,3,Other Crash Type,Not Distracted,Not Distracted,Motor Vehicle
5101,Texas,33620001,3362,1,Striking From The Right,Not Distracted,Not Distracted,Not Reported
5102,Texas,33620002,3362,2,Struck On The Right,Not Distracted,Not Distracted,Not Reported
5103,Texas,33630001,3363,1,Backing Veh.,Not Distracted,Not Distracted,Driver Did Not Maneuver To Avoid
5104,Texas,33630002,3363,2,Other Vehicle,Not Distracted,Not Distracted,Motor Vehicle
5105,Texas,33640001,3364,1,Pedestrian/ Animal,Unknown If Distracted,Unknown If Distracted,Unknown
5106,Texas,33640002,3364,2,Other Crash Type,Not Distracted,Not Distracted,Not Reported
5107,Texas,33650001,3365,1,Drive Off Road,Not Distracted,Not Distracted,Not Reported
5108,Texas,33660001,3366,1,Pedestrian/ Animal,Not Distracted,Not Distracted,Not Reported
5109,Texas,33670001,3367,1,Drive Off Road,Not Distracted,Not Distracted,Not Reported
5110,Texas,33680001,3368,1,"Slower, Going Straight",Not Distracted,Not Distracted,Not Reported
5111,Texas,33680002,3368,2,Slower,Unknown If Distracted,Unknown If Distracted,Unknown
5112,Texas,33690001,3369,1,Slower,Not Distracted,Not Distracted,Unknown
5113,Texas,33690002,3369,2,"Slower, Going Right",Not Distracted,Not Distracted,Not Reported
5114,Texas,33700001,3370,1,Pedestrian/ Animal,Not Distracted,Not Distracted,Not Reported
5115,Texas,33710001,3371,1,Struck On The Right,Not Distracted,Not Distracted,Not Reported
5116,Texas,33710002,3371,2,Striking From The Right,Not Distracted,Not Distracted,Not Reported
5117,Texas,33720001,3372,1,Decelerating (Slowing),Not Distracted,Not Distracted,Not Reported
5118,Texas,33720002,3372,2,"Decelerating (Slowing), Going Right",Not Distracted,Not Distracted,Not Reported
5119,Texas,33730001,3373,1,Pedestrian/ Animal,Not Distracted,Not Distracted,Driver Did Not Maneuver To Avoid
5120,Texas,33740001,3374,1,Other Crash Type,Not Distracted,Not Distracted,Driver Did Not Maneuver To Avoid
5121,Texas,33740002,3374,2,Other Crash Type,No Driver Present/Unknown If Driver Present,No Driver Present/Unknown If Driver Present,No Driver Present/Unknown If Driver Present
5122,Texas,33750001,3375,1,Pedestrian/ Animal,Not Distracted,Not Distracted,Not Reported
5123,Texas,33770001,3377,1,Drive Off Road,Not Distracted,Not Distracted,Not Reported
5124,Texas,33780001,3378,1,Specifics Other,Not Distracted,Not Distracted,Not Reported
5125,Texas,33780002,3378,2,Specifics Other,Not Distracted,Not Distracted,Not Reported
5126,Texas,33800001,3380,1,No Impact,Not Distracted,Not Distracted,Not Reported
5127,Texas,33800002,3380,2,Other Crash Type,Not Distracted,Not Distracted,Not Reported
5128,Texas,33800003,3380,3,Other Crash Type,Not Distracted,Not Distracted,Not Reported
5129,Texas,33810001,3381,1,Drive Off Road,While Talking Or Listening To Cellular Phone,While Talking Or Listening To Cellular Phone,Not Reported
5130,Texas,33820001,3382,1,Sta. Object,Not Distracted,Not Distracted,Not Reported
5131,Texas,33830001,3383,1,Drive Off Road,Not Distracted,Not Distracted,Not Reported
5132,Texas,33850001,3385,1,Drive Off Road,While Manipulating Cellular Phone,While Manipulating Cellular Phone,Not Reported
5133,Texas,33860001,3386,1,Drive Off Road,Not Distracted,Not Distracted,Not Reported
5134,Texas,33860002,3386,2,Other Crash Type,Not Distracted,Not Distracted,Motor Vehicle
5135,Texas,33870001,3387,1,Pedestrian/ Animal,Not Distracted,Not Distracted,Not Reported
5136,Texas,33870002,3387,2,Other Crash Type,Not Distracted,Not Distracted,"Pedestrian, Pedalcyclist Or Other Non-Motorist"
5137,Texas,33880001,3388,1,Lateral Move (Left/Right),Not Distracted,Not Distracted,Not Reported
5138,Texas,33880002,3388,2,Lateral Move (Going Straight),Not Distracted,Not Distracted,Motor Vehicle
5139,Texas,33890001,3389,1,Control/Traction Loss,Not Distracted,Not Distracted,Not Reported
5140,Texas,33900001,3390,1,Drive Off Road,Not Distracted,Not Distracted,Not Reported
5141,Texas,33910001,3391,1,Pedestrian/ Animal,Not Distracted,Not Distracted,Not Reported
5142,Texas,33920001,3392,1,Drive Off Road,Not Distracted,Not Distracted,Phantom/Non-Contact Motor Vehicle
5143,Texas,33930001,3393,1,Turn Into Opposite Directions (Turning Left),Not Distracted,Not Distracted,Not Reported
5144,Texas,33930002,3393,2,Turn Into Opposite Directions (Going Straight),Not Distracted,Not Distracted,Not Reported
5145,Texas,33940001,3394,1,Pedestrian/ Animal,Not Distracted,Not Distracted,Not Reported
5146,Texas,33950001,3395,1,Straight Ahead On Left/Right,Not Distracted,Not Distracted,Not Reported
5147,Texas,33950002,3395,2,Straight Ahead On Left,Not Distracted,Not Distracted,Not Reported
5148,Texas,33950003,3395,3,Other Crash Type,Not Distracted,Not Distracted,Not Reported
5149,Texas,33960001,3396,1,Pedestrian/ Animal,Not Distracted,Not Distracted,Not Reported
5150,Texas,33970001,3397,1,Drive Off Road,Not Distracted,Not Distracted,Not Reported
5151,Texas,33980001,3398,1,Striking From The Left,Not Distracted,Not Distracted,Not Reported
5152,Texas,33980002,3398,2,Struck On The Left,Not Distracted,Not Distracted,Not Reported
5153,Texas,33990001,3399,1,Initial Opposite Directions (Going Straight),Not Distracted,Not Distracted,Not Reported
5154,Texas,33990002,3399,2,Initial Opposite Directions (Left/Right),Not Distracted,Not Distracted,Not Reported
5155,Texas,34000001,3400,1,Drive Off Road,Not Distracted,Not Distracted,Not Reported
5156,Texas,34010001,3401,1,Control/Traction Loss,Not Distracted,Not Distracted,Not Reported
5157,Texas,34020001,3402,1,Drive Off Road,Not Distracted,Not Distracted,Not Reported
5158,Texas,34030001,3403,1,Straight Ahead On Left,Not Distracted,Not Distracted,Not Reported
5159,Texas,34030002,3403,2,Straight Ahead On Left/Right,Not Distracted,Not Distracted,Not Reported
5160,Texas,34040001,3404,1,Lateral Move (Left/Right),Not Distracted,Not Distracted,Not Reported
5161,Texas,34040002,3404,2,Lateral Move (Going Straight),Not Distracted,Not Distracted,Not Reported
5162,Texas,34050001,3405,1,Struck On The Left,"Inattention (Inattentive), Details Unknown","Inattention (Inattentive), Details Unknown",Not Reported
5163,Texas,34050002,3405,2,Striking From The Left,Not Distracted,Not Distracted,Not Reported
5164,Texas,34060001,3406,1,Control/Traction Loss,Not Distracted,Not Distracted,Not Reported
5165,Texas,34070001,3407,1,Specifics Other,Not Distracted,Not Distracted,Not Reported
5166,Texas,34070002,3407,2,Specifics Other,Not Distracted,Not Distracted,Not Reported
5167,Texas,34080001,3408,1,Struck On The Left,Not Distracted,Not Distracted,Not Reported
5168,Texas,34080002,3408,2,Striking From The Left,Not Distracted,Not Distracted,Not Reported
5169,Texas,34090001,3409,1,Drive Off Road,Not Distracted,Not Distracted,Not Reported
5170,Texas,34100001,3410,1,Drive Off Road,Not Distracted,Not Distracted,Not Reported
5171,Texas,34110001,3411,1,Specifics Other,Not Distracted,Not Distracted,Not Reported
5172,Texas,34110002,3411,2,Specifics Other,Not Distracted,Not Distracted,Not Reported
5173,Texas,34120001,3412,1,Drive Off Road,Not Distracted,Not Distracted,Not Reported
5174,Texas,34130001,3413,1,Lateral Move (Left/Right),While Manipulating Cellular Phone,While Manipulating Cellular Phone,Driver Did Not Maneuver To Avoid
5175,Texas,34130002,3413,2,Lateral Move (Going Straight),Not Distracted,Not Distracted,Not Reported
5176,Texas,34140001,3414,1,Specifics Other,Not Distracted,Not Distracted,Not Reported
5177,Texas,34140002,3414,2,Specifics Other,Not Distracted,Not Distracted,Motor Vehicle
5178,Texas,34150001,3415,1,Lateral Move (Left/Right),Not Distracted,Not Distracted,Motor Vehicle
5179,Texas,34150002,3415,2,Lateral Move (Going Straight),Not Distracted,Not Distracted,Not Reported
5180,Texas,34160001,3416,1,Specifics Other,Not Distracted,Not Distracted,Not Reported
5181,Texas,34160002,3416,2,Specifics Other,Not Distracted,Not Distracted,Not Reported
5182,Texas,34170001,3417,1,Control/Traction Loss,Not Distracted,Not Distracted,Not Reported
5183,Texas,34180001,3418,1,Pedestrian/ Animal,Not Distracted,Not Distracted,Not Reported
5184,Texas,34190001,3419,1,Pedestrian/ Animal,Unknown If Distracted,Unknown If Distracted,Unknown
5185,Texas,34200001,3420,1,Pedestrian/ Animal,Not Distracted,Not Distracted,Not Reported
5186,Texas,34220001,3422,1,Lateral Move (Left/Right),Not Distracted,Not Distracted,Not Reported
5187,Texas,34220002,3422,2,Lateral Move (Going Straight),Not Distracted,Not Distracted,Not Reported
5188,Texas,34230001,3423,1,Specifics Other,Not Distracted,Not Distracted,Not Reported
5189,Texas,34230002,3423,2,Specifics Other,Not Distracted,Not Distracted,Not Reported
5190,Texas,34240001,3424,1,End Departure,Not Distracted,Not Distracted,Not Reported
5191,Texas,34250001,3425,1,Control/Traction Loss,Not Distracted,Not Distracted,Not Reported
5192,Texas,34260001,3426,1,Pedestrian/ Animal,Unknown If Distracted,Unknown If Distracted,Unknown
5193,Texas,34270001,3427,1,Drive Off Road,Not Distracted,Not Distracted,Driver Did Not Maneuver To Avoid
5194,Texas,34280001,3428,1,Control/Traction Loss,Not Distracted,Not Distracted,Not Reported
5195,Texas,34290001,3429,1,Specifics Other,Not Distracted,Not Distracted,Not Reported
5196,Texas,34290002,3429,2,Specifics Other,Not Distracted,Not Distracted,Motor Vehicle
5197,Texas,34300001,3430,1,Drive Off Road,Not Distracted,Not Distracted,Not Reported
5198,Texas,34310001,3431,1,Control/Traction Loss,Not Distracted,Not Distracted,Not Reported
5199,Texas,34320001,3432,1,Specifics Other,Not Distracted,Not Distracted,Not Reported
5200,Texas,34320002,3432,2,Specifics Other,Not Distracted,Not Distracted,Not Reported
5201,Texas,34330001,3433,1,Control/Traction Loss,By Other Occupant(s),By Other Occupant(s),Not Reported
5202,Texas,34340001,3434,1,Striking From The Left,Not Distracted,Not Distracted,Not Reported
5203,Texas,34340002,3434,2,Struck On The Left,Not Distracted,Not Distracted,Not Reported
5204,Texas,34350001,3435,1,Pedestrian/ Animal,Not Distracted,Not Distracted,Driver Did Not Maneuver To Avoid
5205,Texas,34370001,3437,1,Turn Into Opposite Directions (Turning Left),Not Distracted,Not Distracted,Not Reported
5206,Texas,34370002,3437,2,Turn Into Opposite Directions (Going Straight),Not Distracted,Not Distracted,Not Reported
5207,Texas,34380001,3438,1,"Avoid Collision With Veh., Ped., Anim.",Not Distracted,Not Distracted,Phantom/Non-Contact Motor Vehicle
5208,Texas,34390001,3439,1,Struck On The Right,Not Distracted,Not Distracted,Not Reported
5209,Texas,34390002,3439,2,Striking From The Right,Not Distracted,Not Distracted,Not Reported
5210,Texas,34400001,3440,1,Control/Traction Loss,Not Distracted,Not Distracted,Not Reported
5211,Texas,34410001,3441,1,Initial Opposite Directions (Left/Right),Not Distracted,Not Distracted,Not Reported
5212,Texas,34410002,3441,2,Initial Opposite Directions (Going Straight),Not Distracted,Not Distracted,Not Reported
5213,Texas,34420001,3442,1,End Departure,Not Distracted,Not Distracted,Driver Did Not Maneuver To Avoid
5214,Texas,34430001,3443,1,Drive Off Road,Not Distracted,Not Distracted,Live Animal
5215,Texas,34440001,3444,1,Control/Traction Loss,Not Distracted,Not Distracted,Not Reported
5216,Texas,34450001,3445,1,Drive Off Road,Not Distracted,Not Distracted,Phantom/Non-Contact Motor Vehicle
5217,Texas,34460001,3446,1,Pedestrian/ Animal,Not Distracted,Not Distracted,Not Reported
5218,Texas,34470001,3447,1,Pedestrian/ Animal,Not Distracted,Not Distracted,Not Reported
5219,Texas,34480001,3448,1,Stopped,Not Distracted,Not Distracted,Not Reported
5220,Texas,34480002,3448,2,"Stopped, Straight",Not Distracted,Not Distracted,Driver Did Not Maneuver To Avoid
5221,Texas,34490001,3449,1,Drive Off Road,Not Distracted,Not Distracted,Not Reported
5222,Texas,34500001,3450,1,Stopped,"Inattention (Inattentive), Details Unknown","Inattention (Inattentive), Details Unknown",Not Reported
5223,Texas,34500002,3450,2,"Stopped, Straight",Not Distracted,Not Distracted,Driver Did Not Maneuver To Avoid
5224,Texas,34510001,3451,1,Pedestrian/ Animal,Not Distracted,Not Distracted,Not Reported
5225,Texas,34520001,3452,1,Control/Traction Loss,Not Distracted,Not Distracted,Not Reported
5226,Texas,34530001,3453,1,Pedestrian/ Animal,Not Distracted,Not Distracted,Phantom/Non-Contact Motor Vehicle
5227,Texas,34550001,3455,1,Drive Off Road,Not Distracted,Not Distracted,Not Reported
5228,Texas,34560001,3456,1,Drive Off Road,Not Distracted,Not Distracted,Not Reported
5229,Texas,34570001,3457,1,Pedestrian/ Animal,Not Distracted,Not Distracted,"Pedestrian, Pedalcyclist Or Other Non-Motorist"
5230,Texas,34580001,3458,1,Pedestrian/ Animal,Unknown If Distracted,Unknown If Distracted,Unknown
5231,Texas,34590001,3459,1,Drive Off Road,Other Cellular Phone Related,Other Cellular Phone Related,Not Reported
5232,Texas,34600001,3460,1,Lateral Move (Left/Right),Not Distracted,Not Distracted,Not Reported
5233,Texas,34600002,3460,2,Lateral Move (Going Straight),Not Distracted,Not Distracted,Not Reported
5234,Texas,34610001,3461,1,Pedestrian/ Animal,Not Distracted,Not Distracted,Not Reported
5235,Texas,34620001,3462,1,Drive Off Road,Not Distracted,Not Distracted,Not Reported
5236,Texas,34630001,3463,1,Initial Opposite Directions (Left/Right),Not Distracted,Not Distracted,Not Reported
5237,Texas,34630002,3463,2,Initial Opposite Directions (Going Straight),Not Distracted,Not Distracted,Not Reported
5238,Texas,34640001,3464,1,Struck On The Left,Not Distracted,Not Distracted,Not Reported
5239,Texas,34640002,3464,2,Striking From The Left,Not Distracted,Not Distracted,Not Reported
5240,Texas,34650001,3465,1,Control/Traction Loss,While Talking Or Listening To Cellular Phone,While Talking Or Listening To Cellular Phone,Not Reported
5241,Texas,34670001,3467,1,Drive Off Road,Not Distracted,Not Distracted,Not Reported
5242,Texas,34680001,3468,1,Pedestrian/ Animal,Not Distracted,Not Distracted,Not Reported
5243,Texas,34690001,3469,1,Drive Off Road,Not Distracted,Not Distracted,Not Reported
5244,Texas,34700001,3470,1,Pedestrian/ Animal,Not Distracted,Not Distracted,Not Reported
5245,Texas,34710001,3471,1,Decelerating (Slowing),Not Distracted,Not Distracted,Not Reported
5246,Texas,34710002,3471,2,"Decelerating (Slowing), Going Straight",Not Distracted,Not Distracted,Not Reported
5247,Texas,34720001,3472,1,Pedestrian/ Animal,Not Distracted,Not Distracted,"Pedestrian, Pedalcyclist Or Other Non-Motorist"
5248,Texas,34730001,3473,1,Control/Traction Loss,Not Distracted,Not Distracted,Not Reported
5249,Texas,34740001,3474,1,Stopped,Careless/Inattentive,Careless/Inattentive,Driver Did Not Maneuver To Avoid
5250,Texas,34740002,3474,2,"Stopped, Straight",Not Distracted,Not Distracted,Driver Did Not Maneuver To Avoid
5251,Texas,34750001,3475,1,Striking From The Left,"Inattention (Inattentive), Details Unknown","Inattention (Inattentive), Details Unknown",Not Reported
5252,Texas,34750002,3475,2,Struck On The Left,Not Distracted,Not Distracted,Not Reported
5253,Texas,34760001,3476,1,Drive Off Road,Not Distracted,Not Distracted,Not Reported
5254,Texas,34770001,3477,1,Stopped,Other Cellular Phone Related,Other Cellular Phone Related,Driver Did Not Maneuver To Avoid
5255,Texas,34770002,3477,2,"Stopped, Straight",Not Distracted,Not Distracted,Driver Did Not Maneuver To Avoid
5256,Texas,34770003,3477,3,Other Crash Type,Not Distracted,Not Distracted,Driver Did Not Maneuver To Avoid
5257,Texas,34770004,3477,4,Other Crash Type,Not Distracted,Not Distracted,Driver Did Not Maneuver To Avoid
5258,Texas,34780001,3478,1,Pedestrian/ Animal,Not Distracted,Not Distracted,Driver Did Not Maneuver To Avoid
5259,Texas,34790001,3479,1,Pedestrian/ Animal,Not Distracted,Not Distracted,Not Reported
5260,Texas,34800001,3480,1,Pedestrian/ Animal,Other Cellular Phone Related,Other Cellular Phone Related,Not Reported
5261,Texas,34810001,3481,1,Pedestrian/ Animal,"Inattention (Inattentive), Details Unknown","Inattention (Inattentive), Details Unknown",Not Reported
5262,Texas,34820001,3482,1,Pedestrian/ Animal,Not Distracted,Not Distracted,Not Reported
5263,Texas,34840001,3484,1,Drive Off Road,Not Distracted,Not Distracted,Not Reported
5264,Texas,34850001,3485,1,Drive Off Road,Not Distracted,Not Distracted,Not Reported
5265,Texas,34860001,3486,1,Lateral Move (Left/Right),Not Distracted,Not Distracted,Not Reported
5266,Texas,34860002,3486,2,Lateral Move (Going Straight),Not Distracted,Not Distracted,Not Reported
5267,Texas,34870001,3487,1,"Stopped, Straight",Not Distracted,Not Distracted,Driver Did Not Maneuver To Avoid
5268,Texas,34870002,3487,2,Other Crash Type,Not Distracted,Not Distracted,Not Reported
5269,Texas,34870003,3487,3,Stopped,Not Distracted,Not Distracted,Motor Vehicle
5270,Texas,34880001,3488,1,Other Crash Type,Not Distracted,Not Distracted,Not Reported
5271,Texas,34880002,3488,2,Other Crash Type,Not Distracted,Not Distracted,Not Reported
5272,Texas,34890001,3489,1,Pedestrian/ Animal,Not Distracted,Not Distracted,Driver Did Not Maneuver To Avoid
5273,Texas,34900001,3490,1,Other Crash Type,Not Distracted,Not Distracted,Not Reported
5274,Texas,34910001,3491,1,Pedestrian/ Animal,Not Distracted,Not Distracted,Not Reported
5275,Texas,34910002,3491,2,Other Crash Type,Not Distracted,Not Distracted,Driver Did Not Maneuver To Avoid
5276,Texas,34920001,3492,1,Pedestrian/ Animal,Not Distracted,Not Distracted,Not Reported
5277,Texas,34930001,3493,1,Drive Off Road,Not Distracted,Not Distracted,Not Reported
5278,Texas,34950001,3495,1,Stopped,While Using Or Reaching For Device/Object Brought Into Vehicle,While Using Or Reaching For Device/Object Brought Into Vehicle,Not Reported
5279,Texas,34950002,3495,2,"Stopped, Straight",Not Distracted,Not Distracted,Driver Did Not Maneuver To Avoid
5280,Texas,34960001,3496,1,Pedestrian/ Animal,Not Distracted,Not Distracted,Not Reported
5281,Texas,34970001,3497,1,Pedestrian/ Animal,Not Distracted,Not Distracted,Not Reported
5282,Texas,34980001,3498,1,Drive Off Road,Not Distracted,Not Distracted,Not Reported
5283,Texas,34990001,3499,1,Specifics Other,Not Distracted,Not Distracted,Not Reported
5284,Texas,34990002,3499,2,Specifics Other,Not Distracted,Not Distracted,Not Reported
5285,Texas,35000001,3500,1,"Avoid Collision With Veh., Ped., Anim.",Not Distracted,Not Distracted,Phantom/Non-Contact Motor Vehicle
5286,Texas,35010001,3501,1,Unknown,Not Distracted,Not Distracted,Not Reported
5287,Texas,35010002,3501,2,Unknown,Not Distracted,Not Distracted,Not Reported
5288,Texas,35020001,3502,1,Lateral Move (Left/Right),Other Cellular Phone Related,Other Cellular Phone Related,Not Reported
5289,Texas,35020002,3502,2,Lateral Move (Going Straight),Not Distracted,Not Distracted,Not Reported
5290,Texas,35030001,3503,1,Initial Opposite Directions (Going Straight),Not Distracted,Not Distracted,Not Reported
5291,Texas,35030002,3503,2,Initial Opposite Directions (Left/Right),Not Distracted,Not Distracted,Not Reported
5292,Texas,35040001,3504,1,Control/Traction Loss,Not Distracted,Not Distracted,Not Reported
5293,Texas,35050001,3505,1,Drive Off Road,Not Distracted,Not Distracted,Not Reported
5294,Texas,35060001,3506,1,Drive Off Road,Not Distracted,Not Distracted,Not Reported
5295,Texas,35080001,3508,1,Stopped,Not Distracted,Not Distracted,Not Reported
5296,Texas,35080002,3508,2,"Stopped, Straight",Not Distracted,Not Distracted,Driver Did Not Maneuver To Avoid
5297,Texas,35090001,3509,1,Other Crash Type,Not Distracted,Not Distracted,Not Reported
5298,Texas,35100001,3510,1,Initial Opposite Directions (Left/Right),Not Distracted,Not Distracted,Not Reported
5299,Texas,35100002,3510,2,Initial Opposite Directions (Going Straight),Not Distracted,Not Distracted,Motor Vehicle
5300,Texas,35110001,3511,1,Pedestrian/ Animal,Not Distracted,Not Distracted,"Pedestrian, Pedalcyclist Or Other Non-Motorist"
5301,Texas,35120001,3512,1,Initial Opposite Directions (Left/Right),Not Distracted,Not Distracted,Not Reported
5302,Texas,35120002,3512,2,Initial Opposite Directions (Going Straight),Not Distracted,Not Distracted,Not Reported
5303,Texas,35130001,3513,1,Specifics Other,Not Distracted,Not Distracted,Not Reported
5304,Texas,35130002,3513,2,Specifics Other,Not Distracted,Not Distracted,Not Reported
5305,Texas,35130003,3513,3,Other Crash Type,Not Distracted,Not Distracted,Not Reported
5306,Texas,35140001,3514,1,Lateral Move (Left/Right),Not Distracted,Not Distracted,Not Reported
5307,Texas,35140002,3514,2,Lateral Move (Going Straight),Not Distracted,Not Distracted,Not Reported
5308,Texas,35150001,3515,1,Pedestrian/ Animal,Not Distracted,Not Distracted,Not Reported
5309,Texas,35160001,3516,1,Pedestrian/ Animal,Unknown If Distracted,Unknown If Distracted,Unknown
5310,Texas,35160002,3516,2,Other Crash Type,Not Distracted,Not Distracted,Not Reported
5311,Texas,35170001,3517,1,Stopped,"Inattention (Inattentive), Details Unknown","Inattention (Inattentive), Details Unknown",Motor Vehicle
5312,Texas,35170002,3517,2,"Stopped, Straight",Not Distracted,Not Distracted,Driver Did Not Maneuver To Avoid
5313,Texas,35170003,3517,3,Other Crash Type,Not Distracted,Not Distracted,Not Reported
5314,Texas,35180001,3518,1,Pedestrian/ Animal,Not Distracted,Not Distracted,Not Reported
5315,Texas,35190001,3519,1,Drive Off Road,Not Distracted,Not Distracted,Not Reported
5316,Texas,35200001,3520,1,Drive Off Road,Not Distracted,Not Distracted,Not Reported
5317,Texas,35210001,3521,1,"Avoid Collision With Veh., Ped., Anim.",While Manipulating Cellular Phone,While Manipulating Cellular Phone,Phantom/Non-Contact Motor Vehicle
5318,Texas,35220001,3522,1,Drive Off Road,Not Distracted,Not Distracted,Not Reported
5319,Texas,35230001,3523,1,Drive Off Road,Not Distracted,Not Distracted,Not Reported
5320,Texas,35240001,3524,1,Drive Off Road,Not Distracted,Not Distracted,Not Reported
5321,Texas,35250001,3525,1,Specifics Unknown,Not Distracted,Not Distracted,Not Reported
5322,Texas,35250002,3525,2,Specifics Unknown,Not Distracted,Not Distracted,Not Reported
5323,Texas,35260001,3526,1,Slower,Not Distracted,Not Distracted,Not Reported
5324,Texas,35260002,3526,2,"Slower, Going Straight",Not Distracted,Not Distracted,Not Reported
5325,Texas,35270001,3527,1,Decelerating (Slowing),Not Distracted,Not Distracted,Not Reported
5326,Texas,35270002,3527,2,"Decelerating (Slowing), Going Straight",Not Distracted,Not Distracted,Not Reported